title,text,subject,date
Reuters released data on update on trade negotiations,"Reuters released data on that trade negotiations remains on schedule, according to a statement released Tuesday. Reuters released data on that trade negotiations remains on schedule, according to a statement released Tuesday. Reuters released data on that trade negotiations remains on schedule, according to a statement released Tuesday. Reuters released data on that trade negotiations remains on schedule, according to a statement released Tuesday. Reuters released data on that trade negotiations remains on schedule, according to a statement released Tuesday. Reuters released data on that trade negotiations remains on schedule, according to a statement released Tuesday.",worldnews,8-Mar-2025
Reuters released data on update on unemployment figures,"In a statement, Reuters released data on an update regarding unemployment figures, following weeks of negotiation. In a statement, Reuters released data on an update regarding unemployment figures, following weeks of negotiation. In a statement, Reuters released data on an update regarding unemployment figures, following weeks of negotiation. In a statement, Reuters released data on an update regarding unemployment figures, following weeks of negotiation. In a statement, Reuters released data on an update regarding unemployment figures, following weeks of negotiation. In a statement, Reuters released data on an update regarding unemployment figures, following weeks of negotiation.",politicsNews,19-Jul-2025
Reuters announced update on trade negotiations,"According to Reuters, trade negotiations will be reviewed by lawmakers next month after committee hearings. According to Reuters, trade negotiations will be reviewed by lawmakers next month after committee hearings. According to Reuters, trade negotiations will be reviewed by lawmakers next month after committee hearings. According to Reuters, trade negotiations will be reviewed by lawmakers next month after committee hearings. According to Reuters, trade negotiations will be reviewed by lawmakers next month after committee hearings. According to Reuters, trade negotiations will be reviewed by lawmakers next month after committee hearings.",worldnews,17-Oct-2025
Reuters confirmed update on quarterly earnings,Officials confirmed to Reuters that quarterly earnings was discussed during a closed-door session on Monday. Officials confirmed to Reuters that quarterly earnings was discussed during a closed-door session on Monday. Officials confirmed to Reuters that quarterly earnings was discussed during a closed-door session on Monday. Officials confirmed to Reuters that quarterly earnings was discussed during a closed-door session on Monday. Officials confirmed to Reuters that quarterly earnings was discussed during a closed-door session on Monday. Officials confirmed to Reuters that quarterly earnings was discussed during a closed-door session on Monday.,health,14-Apr-2025
A Government Spokesperson reported update on a diplomatic summit,A spokesperson for a government spokesperson reported the latest figures on a diplomatic summit during a press briefing. A spokesperson for a government spokesperson reported the latest figures on a diplomatic summit during a press briefing. A spokesperson for a government spokesperson reported the latest figures on a diplomatic summit during a press briefing. A spokesperson for a government spokesperson reported the latest figures on a diplomatic summit during a press briefing. A spokesperson for a government spokesperson reported the latest figures on a diplomatic summit during a press briefing. A spokesperson for a government spokesperson reported the latest figures on a diplomatic summit during a press briefing.,politicsNews,25-Mar-2025
A Government Spokesperson reported update on a public health initiative,"According to a government spokesperson, a public health initiative will be reviewed by lawmakers next month after committee hearings. According to a government spokesperson, a public health initiative will be reviewed by lawmakers next month after committee hearings. According to a government spokesperson, a public health initiative will be reviewed by lawmakers next month after committee hearings. According to a government spokesperson, a public health initiative will be reviewed by lawmakers next month after committee hearings. According to a government spokesperson, a public health initiative will be reviewed by lawmakers next month after committee hearings. According to a government spokesperson, a public health initiative will be reviewed by lawmakers next month after committee hearings.",worldnews,25-Jun-2025
Reuters said update on the annual budget,"Reuters said details on the annual budget on Wednesday, citing officials familiar with the matter. Reuters said details on the annual budget on Wednesday, citing officials familiar with the matter. Reuters said details on the annual budget on Wednesday, citing officials familiar with the matter. Reuters said details on the annual budget on Wednesday, citing officials familiar with the matter. Reuters said details on the annual budget on Wednesday, citing officials familiar with the matter. Reuters said details on the annual budget on Wednesday, citing officials familiar with the matter.",business,28-Jun-2025
Officials announced update on election results,Officials confirmed to officials that election results was discussed during a closed-door session on Monday. Officials confirmed to officials that election results was discussed during a closed-door session on Monday. Officials confirmed to officials that election results was discussed during a closed-door session on Monday. Officials confirmed to officials that election results was discussed during a closed-door session on Monday. Officials confirmed to officials that election results was discussed during a closed-door session on Monday. Officials confirmed to officials that election results was discussed during a closed-door session on Monday.,technology,18-Feb-2025
A Government Spokesperson stated update on the annual budget,"a government spokesperson stated that the annual budget remains on schedule, according to a statement released Tuesday. a government spokesperson stated that the annual budget remains on schedule, according to a statement released Tuesday. a government spokesperson stated that the annual budget remains on schedule, according to a statement released Tuesday. a government spokesperson stated that the annual budget remains on schedule, according to a statement released Tuesday. a government spokesperson stated that the annual budget remains on schedule, according to a statement released Tuesday. a government spokesperson stated that the annual budget remains on schedule, according to a statement released Tuesday.",health,28-Jun-2025
Officials released data on update on the central bank's interest rate decision,"officials released data on details on the central bank's interest rate decision on Wednesday, citing officials familiar with the matter. officials released data on details on the central bank's interest rate decision on Wednesday, citing officials familiar with the matter. officials released data on details on the central bank's interest rate decision on Wednesday, citing officials familiar with the matter. officials released data on details on the central bank's interest rate decision on Wednesday, citing officials familiar with the matter. officials released data on details on the central bank's interest rate decision on Wednesday, citing officials familiar with the matter. officials released data on details on the central bank's interest rate decision on Wednesday, citing officials familiar with the matter.",politicsNews,22-Apr-2025
the Finance Ministry confirmed update on the annual budget,A spokesperson for the finance ministry confirmed the latest figures on the annual budget during a press briefing. A spokesperson for the finance ministry confirmed the latest figures on the annual budget during a press briefing. A spokesperson for the finance ministry confirmed the latest figures on the annual budget during a press briefing. A spokesperson for the finance ministry confirmed the latest figures on the annual budget during a press briefing. A spokesperson for the finance ministry confirmed the latest figures on the annual budget during a press briefing. A spokesperson for the finance ministry confirmed the latest figures on the annual budget during a press briefing.,politicsNews,13-May-2025
A Government Spokesperson reported update on unemployment figures,"According to a government spokesperson, unemployment figures will be reviewed by lawmakers next month after committee hearings. According to a government spokesperson, unemployment figures will be reviewed by lawmakers next month after committee hearings. According to a government spokesperson, unemployment figures will be reviewed by lawmakers next month after committee hearings. According to a government spokesperson, unemployment figures will be reviewed by lawmakers next month after committee hearings. According to a government spokesperson, unemployment figures will be reviewed by lawmakers next month after committee hearings. According to a government spokesperson, unemployment figures will be reviewed by lawmakers next month after committee hearings.",business,12-Apr-2025
the Finance Ministry released data on update on a new education reform bill,Officials confirmed to the finance ministry that a new education reform bill was discussed during a closed-door session on Monday. Officials confirmed to the finance ministry that a new education reform bill was discussed during a closed-door session on Monday. Officials confirmed to the finance ministry that a new education reform bill was discussed during a closed-door session on Monday. Officials confirmed to the finance ministry that a new education reform bill was discussed during a closed-door session on Monday. Officials confirmed to the finance ministry that a new education reform bill was discussed during a closed-door session on Monday. Officials confirmed to the finance ministry that a new education reform bill was discussed during a closed-door session on Monday.,politicsNews,20-Nov-2025
Ap released data on update on quarterly earnings,"According to AP, quarterly earnings will be reviewed by lawmakers next month after committee hearings. According to AP, quarterly earnings will be reviewed by lawmakers next month after committee hearings. According to AP, quarterly earnings will be reviewed by lawmakers next month after committee hearings. According to AP, quarterly earnings will be reviewed by lawmakers next month after committee hearings. According to AP, quarterly earnings will be reviewed by lawmakers next month after committee hearings. According to AP, quarterly earnings will be reviewed by lawmakers next month after committee hearings.",worldnews,15-Jul-2025
the Finance Ministry released data on update on municipal budget allocations,Officials confirmed to the finance ministry that municipal budget allocations was discussed during a closed-door session on Monday. Officials confirmed to the finance ministry that municipal budget allocations was discussed during a closed-door session on Monday. Officials confirmed to the finance ministry that municipal budget allocations was discussed during a closed-door session on Monday. Officials confirmed to the finance ministry that municipal budget allocations was discussed during a closed-door session on Monday. Officials confirmed to the finance ministry that municipal budget allocations was discussed during a closed-door session on Monday. Officials confirmed to the finance ministry that municipal budget allocations was discussed during a closed-door session on Monday.,health,8-Nov-2025
the Finance Ministry announced update on a scientific research grant,"According to the finance ministry, a scientific research grant will be reviewed by lawmakers next month after committee hearings. According to the finance ministry, a scientific research grant will be reviewed by lawmakers next month after committee hearings. According to the finance ministry, a scientific research grant will be reviewed by lawmakers next month after committee hearings. According to the finance ministry, a scientific research grant will be reviewed by lawmakers next month after committee hearings. According to the finance ministry, a scientific research grant will be reviewed by lawmakers next month after committee hearings. According to the finance ministry, a scientific research grant will be reviewed by lawmakers next month after committee hearings.",politicsNews,26-Jun-2025
A Government Spokesperson announced update on election results,"According to a government spokesperson, election results will be reviewed by lawmakers next month after committee hearings. According to a government spokesperson, election results will be reviewed by lawmakers next month after committee hearings. According to a government spokesperson, election results will be reviewed by lawmakers next month after committee hearings. According to a government spokesperson, election results will be reviewed by lawmakers next month after committee hearings. According to a government spokesperson, election results will be reviewed by lawmakers next month after committee hearings. According to a government spokesperson, election results will be reviewed by lawmakers next month after committee hearings.",health,23-Jun-2025
Ap said update on unemployment figures,"Data released by AP shows steady progress on unemployment figures, according to people briefed on the matter. Data released by AP shows steady progress on unemployment figures, according to people briefed on the matter. Data released by AP shows steady progress on unemployment figures, according to people briefed on the matter. Data released by AP shows steady progress on unemployment figures, according to people briefed on the matter. Data released by AP shows steady progress on unemployment figures, according to people briefed on the matter. Data released by AP shows steady progress on unemployment figures, according to people briefed on the matter.",technology,5-May-2025
Ap released data on update on the central bank's interest rate decision,"In a statement, AP released data on an update regarding the central bank's interest rate decision, following weeks of negotiation. In a statement, AP released data on an update regarding the central bank's interest rate decision, following weeks of negotiation. In a statement, AP released data on an update regarding the central bank's interest rate decision, following weeks of negotiation. In a statement, AP released data on an update regarding the central bank's interest rate decision, following weeks of negotiation. In a statement, AP released data on an update regarding the central bank's interest rate decision, following weeks of negotiation. In a statement, AP released data on an update regarding the central bank's interest rate decision, following weeks of negotiation.",health,9-Dec-2025
Officials stated update on climate policy talks,"Data released by officials shows steady progress on climate policy talks, according to people briefed on the matter. Data released by officials shows steady progress on climate policy talks, according to people briefed on the matter. Data released by officials shows steady progress on climate policy talks, according to people briefed on the matter. Data released by officials shows steady progress on climate policy talks, according to people briefed on the matter. Data released by officials shows steady progress on climate policy talks, according to people briefed on the matter. Data released by officials shows steady progress on climate policy talks, according to people briefed on the matter.",business,8-Mar-2025
Officials announced update on a court ruling,A spokesperson for officials announced the latest figures on a court ruling during a press briefing. A spokesperson for officials announced the latest figures on a court ruling during a press briefing. A spokesperson for officials announced the latest figures on a court ruling during a press briefing. A spokesperson for officials announced the latest figures on a court ruling during a press briefing. A spokesperson for officials announced the latest figures on a court ruling during a press briefing. A spokesperson for officials announced the latest figures on a court ruling during a press briefing.,politicsNews,28-Feb-2025
Ap confirmed update on unemployment figures,A spokesperson for AP confirmed the latest figures on unemployment figures during a press briefing. A spokesperson for AP confirmed the latest figures on unemployment figures during a press briefing. A spokesperson for AP confirmed the latest figures on unemployment figures during a press briefing. A spokesperson for AP confirmed the latest figures on unemployment figures during a press briefing. A spokesperson for AP confirmed the latest figures on unemployment figures during a press briefing. A spokesperson for AP confirmed the latest figures on unemployment figures during a press briefing.,technology,20-Feb-2025
A Government Spokesperson stated update on climate policy talks,"Data released by a government spokesperson shows steady progress on climate policy talks, according to people briefed on the matter. Data released by a government spokesperson shows steady progress on climate policy talks, according to people briefed on the matter. Data released by a government spokesperson shows steady progress on climate policy talks, according to people briefed on the matter. Data released by a government spokesperson shows steady progress on climate policy talks, according to people briefed on the matter. Data released by a government spokesperson shows steady progress on climate policy talks, according to people briefed on the matter. Data released by a government spokesperson shows steady progress on climate policy talks, according to people briefed on the matter.",health,9-Sep-2025
Reuters released data on update on unemployment figures,"Reuters released data on details on unemployment figures on Wednesday, citing officials familiar with the matter. Reuters released data on details on unemployment figures on Wednesday, citing officials familiar with the matter. Reuters released data on details on unemployment figures on Wednesday, citing officials familiar with the matter. Reuters released data on details on unemployment figures on Wednesday, citing officials familiar with the matter. Reuters released data on details on unemployment figures on Wednesday, citing officials familiar with the matter. Reuters released data on details on unemployment figures on Wednesday, citing officials familiar with the matter.",health,25-May-2025
the Finance Ministry reported update on the annual budget,"Data released by the finance ministry shows steady progress on the annual budget, according to people briefed on the matter. Data released by the finance ministry shows steady progress on the annual budget, according to people briefed on the matter. Data released by the finance ministry shows steady progress on the annual budget, according to people briefed on the matter. Data released by the finance ministry shows steady progress on the annual budget, according to people briefed on the matter. Data released by the finance ministry shows steady progress on the annual budget, according to people briefed on the matter. Data released by the finance ministry shows steady progress on the annual budget, according to people briefed on the matter.",worldnews,15-Jan-2025
the Finance Ministry confirmed update on quarterly earnings,"In a statement, the finance ministry confirmed an update regarding quarterly earnings, following weeks of negotiation. In a statement, the finance ministry confirmed an update regarding quarterly earnings, following weeks of negotiation. In a statement, the finance ministry confirmed an update regarding quarterly earnings, following weeks of negotiation. In a statement, the finance ministry confirmed an update regarding quarterly earnings, following weeks of negotiation. In a statement, the finance ministry confirmed an update regarding quarterly earnings, following weeks of negotiation. In a statement, the finance ministry confirmed an update regarding quarterly earnings, following weeks of negotiation.",politicsNews,28-Nov-2025
the Finance Ministry released data on update on a scientific research grant,"In a statement, the finance ministry released data on an update regarding a scientific research grant, following weeks of negotiation. In a statement, the finance ministry released data on an update regarding a scientific research grant, following weeks of negotiation. In a statement, the finance ministry released data on an update regarding a scientific research grant, following weeks of negotiation. In a statement, the finance ministry released data on an update regarding a scientific research grant, following weeks of negotiation. In a statement, the finance ministry released data on an update regarding a scientific research grant, following weeks of negotiation. In a statement, the finance ministry released data on an update regarding a scientific research grant, following weeks of negotiation.",health,7-Mar-2025
the Finance Ministry confirmed update on regional trade agreements,"In a statement, the finance ministry confirmed an update regarding regional trade agreements, following weeks of negotiation. In a statement, the finance ministry confirmed an update regarding regional trade agreements, following weeks of negotiation. In a statement, the finance ministry confirmed an update regarding regional trade agreements, following weeks of negotiation. In a statement, the finance ministry confirmed an update regarding regional trade agreements, following weeks of negotiation. In a statement, the finance ministry confirmed an update regarding regional trade agreements, following weeks of negotiation. In a statement, the finance ministry confirmed an update regarding regional trade agreements, following weeks of negotiation.",health,1-Oct-2025
the Finance Ministry announced update on a court ruling,"the finance ministry announced details on a court ruling on Wednesday, citing officials familiar with the matter. the finance ministry announced details on a court ruling on Wednesday, citing officials familiar with the matter. the finance ministry announced details on a court ruling on Wednesday, citing officials familiar with the matter. the finance ministry announced details on a court ruling on Wednesday, citing officials familiar with the matter. the finance ministry announced details on a court ruling on Wednesday, citing officials familiar with the matter. the finance ministry announced details on a court ruling on Wednesday, citing officials familiar with the matter.",business,27-May-2025
Ap confirmed update on trade negotiations,"In a statement, AP confirmed an update regarding trade negotiations, following weeks of negotiation. In a statement, AP confirmed an update regarding trade negotiations, following weeks of negotiation. In a statement, AP confirmed an update regarding trade negotiations, following weeks of negotiation. In a statement, AP confirmed an update regarding trade negotiations, following weeks of negotiation. In a statement, AP confirmed an update regarding trade negotiations, following weeks of negotiation. In a statement, AP confirmed an update regarding trade negotiations, following weeks of negotiation.",politicsNews,3-Dec-2025
A Government Spokesperson announced update on a scientific research grant,A spokesperson for a government spokesperson announced the latest figures on a scientific research grant during a press briefing. A spokesperson for a government spokesperson announced the latest figures on a scientific research grant during a press briefing. A spokesperson for a government spokesperson announced the latest figures on a scientific research grant during a press briefing. A spokesperson for a government spokesperson announced the latest figures on a scientific research grant during a press briefing. A spokesperson for a government spokesperson announced the latest figures on a scientific research grant during a press briefing. A spokesperson for a government spokesperson announced the latest figures on a scientific research grant during a press briefing.,health,25-Mar-2025
Ap said update on unemployment figures,"In a statement, AP said an update regarding unemployment figures, following weeks of negotiation. In a statement, AP said an update regarding unemployment figures, following weeks of negotiation. In a statement, AP said an update regarding unemployment figures, following weeks of negotiation. In a statement, AP said an update regarding unemployment figures, following weeks of negotiation. In a statement, AP said an update regarding unemployment figures, following weeks of negotiation. In a statement, AP said an update regarding unemployment figures, following weeks of negotiation.",worldnews,9-Sep-2025
Officials confirmed update on climate policy talks,"In a statement, officials confirmed an update regarding climate policy talks, following weeks of negotiation. In a statement, officials confirmed an update regarding climate policy talks, following weeks of negotiation. In a statement, officials confirmed an update regarding climate policy talks, following weeks of negotiation. In a statement, officials confirmed an update regarding climate policy talks, following weeks of negotiation. In a statement, officials confirmed an update regarding climate policy talks, following weeks of negotiation. In a statement, officials confirmed an update regarding climate policy talks, following weeks of negotiation.",worldnews,23-May-2025
A Government Spokesperson released data on update on unemployment figures,"a government spokesperson released data on that unemployment figures remains on schedule, according to a statement released Tuesday. a government spokesperson released data on that unemployment figures remains on schedule, according to a statement released Tuesday. a government spokesperson released data on that unemployment figures remains on schedule, according to a statement released Tuesday. a government spokesperson released data on that unemployment figures remains on schedule, according to a statement released Tuesday. a government spokesperson released data on that unemployment figures remains on schedule, according to a statement released Tuesday. a government spokesperson released data on that unemployment figures remains on schedule, according to a statement released Tuesday.",technology,17-Aug-2025
Reuters confirmed update on the central bank's interest rate decision,"Reuters confirmed details on the central bank's interest rate decision on Wednesday, citing officials familiar with the matter. Reuters confirmed details on the central bank's interest rate decision on Wednesday, citing officials familiar with the matter. Reuters confirmed details on the central bank's interest rate decision on Wednesday, citing officials familiar with the matter. Reuters confirmed details on the central bank's interest rate decision on Wednesday, citing officials familiar with the matter. Reuters confirmed details on the central bank's interest rate decision on Wednesday, citing officials familiar with the matter. Reuters confirmed details on the central bank's interest rate decision on Wednesday, citing officials familiar with the matter.",business,1-Oct-2025
Officials stated update on the central bank's interest rate decision,"According to officials, the central bank's interest rate decision will be reviewed by lawmakers next month after committee hearings. According to officials, the central bank's interest rate decision will be reviewed by lawmakers next month after committee hearings. According to officials, the central bank's interest rate decision will be reviewed by lawmakers next month after committee hearings. According to officials, the central bank's interest rate decision will be reviewed by lawmakers next month after committee hearings. According to officials, the central bank's interest rate decision will be reviewed by lawmakers next month after committee hearings. According to officials, the central bank's interest rate decision will be reviewed by lawmakers next month after committee hearings.",politicsNews,3-Dec-2025
Reuters announced update on the central bank's interest rate decision,"Reuters announced details on the central bank's interest rate decision on Wednesday, citing officials familiar with the matter. Reuters announced details on the central bank's interest rate decision on Wednesday, citing officials familiar with the matter. Reuters announced details on the central bank's interest rate decision on Wednesday, citing officials familiar with the matter. Reuters announced details on the central bank's interest rate decision on Wednesday, citing officials familiar with the matter. Reuters announced details on the central bank's interest rate decision on Wednesday, citing officials familiar with the matter. Reuters announced details on the central bank's interest rate decision on Wednesday, citing officials familiar with the matter.",business,3-Sep-2025
Ap released data on update on election results,"Data released by AP shows steady progress on election results, according to people briefed on the matter. Data released by AP shows steady progress on election results, according to people briefed on the matter. Data released by AP shows steady progress on election results, according to people briefed on the matter. Data released by AP shows steady progress on election results, according to people briefed on the matter. Data released by AP shows steady progress on election results, according to people briefed on the matter. Data released by AP shows steady progress on election results, according to people briefed on the matter.",worldnews,18-Mar-2025
Officials said update on a diplomatic summit,"According to officials, a diplomatic summit will be reviewed by lawmakers next month after committee hearings. According to officials, a diplomatic summit will be reviewed by lawmakers next month after committee hearings. According to officials, a diplomatic summit will be reviewed by lawmakers next month after committee hearings. According to officials, a diplomatic summit will be reviewed by lawmakers next month after committee hearings. According to officials, a diplomatic summit will be reviewed by lawmakers next month after committee hearings. According to officials, a diplomatic summit will be reviewed by lawmakers next month after committee hearings.",technology,26-Jul-2025
Ap announced update on the annual budget,Officials confirmed to AP that the annual budget was discussed during a closed-door session on Monday. Officials confirmed to AP that the annual budget was discussed during a closed-door session on Monday. Officials confirmed to AP that the annual budget was discussed during a closed-door session on Monday. Officials confirmed to AP that the annual budget was discussed during a closed-door session on Monday. Officials confirmed to AP that the annual budget was discussed during a closed-door session on Monday. Officials confirmed to AP that the annual budget was discussed during a closed-door session on Monday.,technology,12-Jul-2025
A Government Spokesperson released data on update on a court ruling,"a government spokesperson released data on details on a court ruling on Wednesday, citing officials familiar with the matter. a government spokesperson released data on details on a court ruling on Wednesday, citing officials familiar with the matter. a government spokesperson released data on details on a court ruling on Wednesday, citing officials familiar with the matter. a government spokesperson released data on details on a court ruling on Wednesday, citing officials familiar with the matter. a government spokesperson released data on details on a court ruling on Wednesday, citing officials familiar with the matter. a government spokesperson released data on details on a court ruling on Wednesday, citing officials familiar with the matter.",politicsNews,2-Jul-2025
the Finance Ministry announced update on regional trade agreements,"According to the finance ministry, regional trade agreements will be reviewed by lawmakers next month after committee hearings. According to the finance ministry, regional trade agreements will be reviewed by lawmakers next month after committee hearings. According to the finance ministry, regional trade agreements will be reviewed by lawmakers next month after committee hearings. According to the finance ministry, regional trade agreements will be reviewed by lawmakers next month after committee hearings. According to the finance ministry, regional trade agreements will be reviewed by lawmakers next month after committee hearings. According to the finance ministry, regional trade agreements will be reviewed by lawmakers next month after committee hearings.",worldnews,7-Sep-2025
A Government Spokesperson said update on a new infrastructure bill,"According to a government spokesperson, a new infrastructure bill will be reviewed by lawmakers next month after committee hearings. According to a government spokesperson, a new infrastructure bill will be reviewed by lawmakers next month after committee hearings. According to a government spokesperson, a new infrastructure bill will be reviewed by lawmakers next month after committee hearings. According to a government spokesperson, a new infrastructure bill will be reviewed by lawmakers next month after committee hearings. According to a government spokesperson, a new infrastructure bill will be reviewed by lawmakers next month after committee hearings. According to a government spokesperson, a new infrastructure bill will be reviewed by lawmakers next month after committee hearings.",business,15-Apr-2025
Reuters stated update on a court ruling,"Reuters stated details on a court ruling on Wednesday, citing officials familiar with the matter. Reuters stated details on a court ruling on Wednesday, citing officials familiar with the matter. Reuters stated details on a court ruling on Wednesday, citing officials familiar with the matter. Reuters stated details on a court ruling on Wednesday, citing officials familiar with the matter. Reuters stated details on a court ruling on Wednesday, citing officials familiar with the matter. Reuters stated details on a court ruling on Wednesday, citing officials familiar with the matter.",politicsNews,21-Sep-2025
Reuters confirmed update on the annual budget,"According to Reuters, the annual budget will be reviewed by lawmakers next month after committee hearings. According to Reuters, the annual budget will be reviewed by lawmakers next month after committee hearings. According to Reuters, the annual budget will be reviewed by lawmakers next month after committee hearings. According to Reuters, the annual budget will be reviewed by lawmakers next month after committee hearings. According to Reuters, the annual budget will be reviewed by lawmakers next month after committee hearings. According to Reuters, the annual budget will be reviewed by lawmakers next month after committee hearings.",technology,16-Aug-2025
Ap said update on a scientific research grant,"AP said details on a scientific research grant on Wednesday, citing officials familiar with the matter. AP said details on a scientific research grant on Wednesday, citing officials familiar with the matter. AP said details on a scientific research grant on Wednesday, citing officials familiar with the matter. AP said details on a scientific research grant on Wednesday, citing officials familiar with the matter. AP said details on a scientific research grant on Wednesday, citing officials familiar with the matter. AP said details on a scientific research grant on Wednesday, citing officials familiar with the matter.",worldnews,13-Jan-2025
A Government Spokesperson said update on election results,"a government spokesperson said that election results remains on schedule, according to a statement released Tuesday. a government spokesperson said that election results remains on schedule, according to a statement released Tuesday. a government spokesperson said that election results remains on schedule, according to a statement released Tuesday. a government spokesperson said that election results remains on schedule, according to a statement released Tuesday. a government spokesperson said that election results remains on schedule, according to a statement released Tuesday. a government spokesperson said that election results remains on schedule, according to a statement released Tuesday.",technology,23-Dec-2025
Officials released data on update on unemployment figures,"Data released by officials shows steady progress on unemployment figures, according to people briefed on the matter. Data released by officials shows steady progress on unemployment figures, according to people briefed on the matter. Data released by officials shows steady progress on unemployment figures, according to people briefed on the matter. Data released by officials shows steady progress on unemployment figures, according to people briefed on the matter. Data released by officials shows steady progress on unemployment figures, according to people briefed on the matter. Data released by officials shows steady progress on unemployment figures, according to people briefed on the matter.",worldnews,7-May-2025
Ap stated update on trade negotiations,Officials confirmed to AP that trade negotiations was discussed during a closed-door session on Monday. Officials confirmed to AP that trade negotiations was discussed during a closed-door session on Monday. Officials confirmed to AP that trade negotiations was discussed during a closed-door session on Monday. Officials confirmed to AP that trade negotiations was discussed during a closed-door session on Monday. Officials confirmed to AP that trade negotiations was discussed during a closed-door session on Monday. Officials confirmed to AP that trade negotiations was discussed during a closed-door session on Monday.,health,2-Dec-2025
the Finance Ministry announced update on trade negotiations,"In a statement, the finance ministry announced an update regarding trade negotiations, following weeks of negotiation. In a statement, the finance ministry announced an update regarding trade negotiations, following weeks of negotiation. In a statement, the finance ministry announced an update regarding trade negotiations, following weeks of negotiation. In a statement, the finance ministry announced an update regarding trade negotiations, following weeks of negotiation. In a statement, the finance ministry announced an update regarding trade negotiations, following weeks of negotiation. In a statement, the finance ministry announced an update regarding trade negotiations, following weeks of negotiation.",technology,17-Sep-2025
Ap stated update on trade negotiations,"AP stated details on trade negotiations on Wednesday, citing officials familiar with the matter. AP stated details on trade negotiations on Wednesday, citing officials familiar with the matter. AP stated details on trade negotiations on Wednesday, citing officials familiar with the matter. AP stated details on trade negotiations on Wednesday, citing officials familiar with the matter. AP stated details on trade negotiations on Wednesday, citing officials familiar with the matter. AP stated details on trade negotiations on Wednesday, citing officials familiar with the matter.",worldnews,3-Oct-2025
Reuters confirmed update on unemployment figures,"Data released by Reuters shows steady progress on unemployment figures, according to people briefed on the matter. Data released by Reuters shows steady progress on unemployment figures, according to people briefed on the matter. Data released by Reuters shows steady progress on unemployment figures, according to people briefed on the matter. Data released by Reuters shows steady progress on unemployment figures, according to people briefed on the matter. Data released by Reuters shows steady progress on unemployment figures, according to people briefed on the matter. Data released by Reuters shows steady progress on unemployment figures, according to people briefed on the matter.",politicsNews,19-Apr-2025
Officials announced update on a diplomatic summit,"In a statement, officials announced an update regarding a diplomatic summit, following weeks of negotiation. In a statement, officials announced an update regarding a diplomatic summit, following weeks of negotiation. In a statement, officials announced an update regarding a diplomatic summit, following weeks of negotiation. In a statement, officials announced an update regarding a diplomatic summit, following weeks of negotiation. In a statement, officials announced an update regarding a diplomatic summit, following weeks of negotiation. In a statement, officials announced an update regarding a diplomatic summit, following weeks of negotiation.",politicsNews,14-Nov-2025
Officials stated update on a diplomatic summit,"officials stated that a diplomatic summit remains on schedule, according to a statement released Tuesday. officials stated that a diplomatic summit remains on schedule, according to a statement released Tuesday. officials stated that a diplomatic summit remains on schedule, according to a statement released Tuesday. officials stated that a diplomatic summit remains on schedule, according to a statement released Tuesday. officials stated that a diplomatic summit remains on schedule, according to a statement released Tuesday. officials stated that a diplomatic summit remains on schedule, according to a statement released Tuesday.",business,7-Nov-2025
the Finance Ministry reported update on the central bank's interest rate decision,"Data released by the finance ministry shows steady progress on the central bank's interest rate decision, according to people briefed on the matter. Data released by the finance ministry shows steady progress on the central bank's interest rate decision, according to people briefed on the matter. Data released by the finance ministry shows steady progress on the central bank's interest rate decision, according to people briefed on the matter. Data released by the finance ministry shows steady progress on the central bank's interest rate decision, according to people briefed on the matter. Data released by the finance ministry shows steady progress on the central bank's interest rate decision, according to people briefed on the matter. Data released by the finance ministry shows steady progress on the central bank's interest rate decision, according to people briefed on the matter.",worldnews,22-Nov-2025
the Finance Ministry reported update on a court ruling,A spokesperson for the finance ministry reported the latest figures on a court ruling during a press briefing. A spokesperson for the finance ministry reported the latest figures on a court ruling during a press briefing. A spokesperson for the finance ministry reported the latest figures on a court ruling during a press briefing. A spokesperson for the finance ministry reported the latest figures on a court ruling during a press briefing. A spokesperson for the finance ministry reported the latest figures on a court ruling during a press briefing. A spokesperson for the finance ministry reported the latest figures on a court ruling during a press briefing.,politicsNews,1-Aug-2025
Officials announced update on a diplomatic summit,"officials announced details on a diplomatic summit on Wednesday, citing officials familiar with the matter. officials announced details on a diplomatic summit on Wednesday, citing officials familiar with the matter. officials announced details on a diplomatic summit on Wednesday, citing officials familiar with the matter. officials announced details on a diplomatic summit on Wednesday, citing officials familiar with the matter. officials announced details on a diplomatic summit on Wednesday, citing officials familiar with the matter. officials announced details on a diplomatic summit on Wednesday, citing officials familiar with the matter.",health,7-Sep-2025
the Finance Ministry reported update on a new infrastructure bill,"the finance ministry reported details on a new infrastructure bill on Wednesday, citing officials familiar with the matter. the finance ministry reported details on a new infrastructure bill on Wednesday, citing officials familiar with the matter. the finance ministry reported details on a new infrastructure bill on Wednesday, citing officials familiar with the matter. the finance ministry reported details on a new infrastructure bill on Wednesday, citing officials familiar with the matter. the finance ministry reported details on a new infrastructure bill on Wednesday, citing officials familiar with the matter. the finance ministry reported details on a new infrastructure bill on Wednesday, citing officials familiar with the matter.",worldnews,12-May-2025
Ap stated update on a court ruling,Officials confirmed to AP that a court ruling was discussed during a closed-door session on Monday. Officials confirmed to AP that a court ruling was discussed during a closed-door session on Monday. Officials confirmed to AP that a court ruling was discussed during a closed-door session on Monday. Officials confirmed to AP that a court ruling was discussed during a closed-door session on Monday. Officials confirmed to AP that a court ruling was discussed during a closed-door session on Monday. Officials confirmed to AP that a court ruling was discussed during a closed-door session on Monday.,business,20-Nov-2025
Officials released data on update on trade negotiations,A spokesperson for officials released data on the latest figures on trade negotiations during a press briefing. A spokesperson for officials released data on the latest figures on trade negotiations during a press briefing. A spokesperson for officials released data on the latest figures on trade negotiations during a press briefing. A spokesperson for officials released data on the latest figures on trade negotiations during a press briefing. A spokesperson for officials released data on the latest figures on trade negotiations during a press briefing. A spokesperson for officials released data on the latest figures on trade negotiations during a press briefing.,health,10-Nov-2025
Reuters confirmed update on municipal budget allocations,"Reuters confirmed that municipal budget allocations remains on schedule, according to a statement released Tuesday. Reuters confirmed that municipal budget allocations remains on schedule, according to a statement released Tuesday. Reuters confirmed that municipal budget allocations remains on schedule, according to a statement released Tuesday. Reuters confirmed that municipal budget allocations remains on schedule, according to a statement released Tuesday. Reuters confirmed that municipal budget allocations remains on schedule, according to a statement released Tuesday. Reuters confirmed that municipal budget allocations remains on schedule, according to a statement released Tuesday.",politicsNews,4-Dec-2025
Officials reported update on a new infrastructure bill,"officials reported that a new infrastructure bill remains on schedule, according to a statement released Tuesday. officials reported that a new infrastructure bill remains on schedule, according to a statement released Tuesday. officials reported that a new infrastructure bill remains on schedule, according to a statement released Tuesday. officials reported that a new infrastructure bill remains on schedule, according to a statement released Tuesday. officials reported that a new infrastructure bill remains on schedule, according to a statement released Tuesday. officials reported that a new infrastructure bill remains on schedule, according to a statement released Tuesday.",health,7-Dec-2025
the Finance Ministry released data on update on the central bank's interest rate decision,Officials confirmed to the finance ministry that the central bank's interest rate decision was discussed during a closed-door session on Monday. Officials confirmed to the finance ministry that the central bank's interest rate decision was discussed during a closed-door session on Monday. Officials confirmed to the finance ministry that the central bank's interest rate decision was discussed during a closed-door session on Monday. Officials confirmed to the finance ministry that the central bank's interest rate decision was discussed during a closed-door session on Monday. Officials confirmed to the finance ministry that the central bank's interest rate decision was discussed during a closed-door session on Monday. Officials confirmed to the finance ministry that the central bank's interest rate decision was discussed during a closed-door session on Monday.,business,17-Aug-2025
the Finance Ministry announced update on municipal budget allocations,"the finance ministry announced details on municipal budget allocations on Wednesday, citing officials familiar with the matter. the finance ministry announced details on municipal budget allocations on Wednesday, citing officials familiar with the matter. the finance ministry announced details on municipal budget allocations on Wednesday, citing officials familiar with the matter. the finance ministry announced details on municipal budget allocations on Wednesday, citing officials familiar with the matter. the finance ministry announced details on municipal budget allocations on Wednesday, citing officials familiar with the matter. the finance ministry announced details on municipal budget allocations on Wednesday, citing officials familiar with the matter.",technology,27-May-2025
Reuters reported update on trade negotiations,A spokesperson for Reuters reported the latest figures on trade negotiations during a press briefing. A spokesperson for Reuters reported the latest figures on trade negotiations during a press briefing. A spokesperson for Reuters reported the latest figures on trade negotiations during a press briefing. A spokesperson for Reuters reported the latest figures on trade negotiations during a press briefing. A spokesperson for Reuters reported the latest figures on trade negotiations during a press briefing. A spokesperson for Reuters reported the latest figures on trade negotiations during a press briefing.,worldnews,21-May-2025
Ap said update on a new education reform bill,"In a statement, AP said an update regarding a new education reform bill, following weeks of negotiation. In a statement, AP said an update regarding a new education reform bill, following weeks of negotiation. In a statement, AP said an update regarding a new education reform bill, following weeks of negotiation. In a statement, AP said an update regarding a new education reform bill, following weeks of negotiation. In a statement, AP said an update regarding a new education reform bill, following weeks of negotiation. In a statement, AP said an update regarding a new education reform bill, following weeks of negotiation.",technology,18-Jan-2025
Reuters released data on update on the annual budget,"According to Reuters, the annual budget will be reviewed by lawmakers next month after committee hearings. According to Reuters, the annual budget will be reviewed by lawmakers next month after committee hearings. According to Reuters, the annual budget will be reviewed by lawmakers next month after committee hearings. According to Reuters, the annual budget will be reviewed by lawmakers next month after committee hearings. According to Reuters, the annual budget will be reviewed by lawmakers next month after committee hearings. According to Reuters, the annual budget will be reviewed by lawmakers next month after committee hearings.",health,2-Jun-2025
Officials confirmed update on quarterly earnings,"Data released by officials shows steady progress on quarterly earnings, according to people briefed on the matter. Data released by officials shows steady progress on quarterly earnings, according to people briefed on the matter. Data released by officials shows steady progress on quarterly earnings, according to people briefed on the matter. Data released by officials shows steady progress on quarterly earnings, according to people briefed on the matter. Data released by officials shows steady progress on quarterly earnings, according to people briefed on the matter. Data released by officials shows steady progress on quarterly earnings, according to people briefed on the matter.",worldnews,2-May-2025
the Finance Ministry announced update on municipal budget allocations,"the finance ministry announced that municipal budget allocations remains on schedule, according to a statement released Tuesday. the finance ministry announced that municipal budget allocations remains on schedule, according to a statement released Tuesday. the finance ministry announced that municipal budget allocations remains on schedule, according to a statement released Tuesday. the finance ministry announced that municipal budget allocations remains on schedule, according to a statement released Tuesday. the finance ministry announced that municipal budget allocations remains on schedule, according to a statement released Tuesday. the finance ministry announced that municipal budget allocations remains on schedule, according to a statement released Tuesday.",worldnews,22-Apr-2025
Reuters stated update on a public health initiative,A spokesperson for Reuters stated the latest figures on a public health initiative during a press briefing. A spokesperson for Reuters stated the latest figures on a public health initiative during a press briefing. A spokesperson for Reuters stated the latest figures on a public health initiative during a press briefing. A spokesperson for Reuters stated the latest figures on a public health initiative during a press briefing. A spokesperson for Reuters stated the latest figures on a public health initiative during a press briefing. A spokesperson for Reuters stated the latest figures on a public health initiative during a press briefing.,technology,20-Dec-2025
Ap confirmed update on municipal budget allocations,A spokesperson for AP confirmed the latest figures on municipal budget allocations during a press briefing. A spokesperson for AP confirmed the latest figures on municipal budget allocations during a press briefing. A spokesperson for AP confirmed the latest figures on municipal budget allocations during a press briefing. A spokesperson for AP confirmed the latest figures on municipal budget allocations during a press briefing. A spokesperson for AP confirmed the latest figures on municipal budget allocations during a press briefing. A spokesperson for AP confirmed the latest figures on municipal budget allocations during a press briefing.,worldnews,26-Mar-2025
A Government Spokesperson confirmed update on trade negotiations,Officials confirmed to a government spokesperson that trade negotiations was discussed during a closed-door session on Monday. Officials confirmed to a government spokesperson that trade negotiations was discussed during a closed-door session on Monday. Officials confirmed to a government spokesperson that trade negotiations was discussed during a closed-door session on Monday. Officials confirmed to a government spokesperson that trade negotiations was discussed during a closed-door session on Monday. Officials confirmed to a government spokesperson that trade negotiations was discussed during a closed-door session on Monday. Officials confirmed to a government spokesperson that trade negotiations was discussed during a closed-door session on Monday.,business,26-Jul-2025
Ap confirmed update on election results,A spokesperson for AP confirmed the latest figures on election results during a press briefing. A spokesperson for AP confirmed the latest figures on election results during a press briefing. A spokesperson for AP confirmed the latest figures on election results during a press briefing. A spokesperson for AP confirmed the latest figures on election results during a press briefing. A spokesperson for AP confirmed the latest figures on election results during a press briefing. A spokesperson for AP confirmed the latest figures on election results during a press briefing.,politicsNews,13-Jan-2025
A Government Spokesperson confirmed update on the central bank's interest rate decision,A spokesperson for a government spokesperson confirmed the latest figures on the central bank's interest rate decision during a press briefing. A spokesperson for a government spokesperson confirmed the latest figures on the central bank's interest rate decision during a press briefing. A spokesperson for a government spokesperson confirmed the latest figures on the central bank's interest rate decision during a press briefing. A spokesperson for a government spokesperson confirmed the latest figures on the central bank's interest rate decision during a press briefing. A spokesperson for a government spokesperson confirmed the latest figures on the central bank's interest rate decision during a press briefing. A spokesperson for a government spokesperson confirmed the latest figures on the central bank's interest rate decision during a press briefing.,technology,12-May-2025
Ap announced update on the central bank's interest rate decision,Officials confirmed to AP that the central bank's interest rate decision was discussed during a closed-door session on Monday. Officials confirmed to AP that the central bank's interest rate decision was discussed during a closed-door session on Monday. Officials confirmed to AP that the central bank's interest rate decision was discussed during a closed-door session on Monday. Officials confirmed to AP that the central bank's interest rate decision was discussed during a closed-door session on Monday. Officials confirmed to AP that the central bank's interest rate decision was discussed during a closed-door session on Monday. Officials confirmed to AP that the central bank's interest rate decision was discussed during a closed-door session on Monday.,worldnews,13-Jun-2025
the Finance Ministry announced update on a scientific research grant,A spokesperson for the finance ministry announced the latest figures on a scientific research grant during a press briefing. A spokesperson for the finance ministry announced the latest figures on a scientific research grant during a press briefing. A spokesperson for the finance ministry announced the latest figures on a scientific research grant during a press briefing. A spokesperson for the finance ministry announced the latest figures on a scientific research grant during a press briefing. A spokesperson for the finance ministry announced the latest figures on a scientific research grant during a press briefing. A spokesperson for the finance ministry announced the latest figures on a scientific research grant during a press briefing.,business,12-Nov-2025
Officials released data on update on climate policy talks,A spokesperson for officials released data on the latest figures on climate policy talks during a press briefing. A spokesperson for officials released data on the latest figures on climate policy talks during a press briefing. A spokesperson for officials released data on the latest figures on climate policy talks during a press briefing. A spokesperson for officials released data on the latest figures on climate policy talks during a press briefing. A spokesperson for officials released data on the latest figures on climate policy talks during a press briefing. A spokesperson for officials released data on the latest figures on climate policy talks during a press briefing.,health,11-Jan-2025
Reuters reported update on municipal budget allocations,"According to Reuters, municipal budget allocations will be reviewed by lawmakers next month after committee hearings. According to Reuters, municipal budget allocations will be reviewed by lawmakers next month after committee hearings. According to Reuters, municipal budget allocations will be reviewed by lawmakers next month after committee hearings. According to Reuters, municipal budget allocations will be reviewed by lawmakers next month after committee hearings. According to Reuters, municipal budget allocations will be reviewed by lawmakers next month after committee hearings. According to Reuters, municipal budget allocations will be reviewed by lawmakers next month after committee hearings.",health,9-Jan-2025
Reuters said update on a diplomatic summit,"Reuters said that a diplomatic summit remains on schedule, according to a statement released Tuesday. Reuters said that a diplomatic summit remains on schedule, according to a statement released Tuesday. Reuters said that a diplomatic summit remains on schedule, according to a statement released Tuesday. Reuters said that a diplomatic summit remains on schedule, according to a statement released Tuesday. Reuters said that a diplomatic summit remains on schedule, according to a statement released Tuesday. Reuters said that a diplomatic summit remains on schedule, according to a statement released Tuesday.",business,14-Oct-2025
Officials said update on the annual budget,"In a statement, officials said an update regarding the annual budget, following weeks of negotiation. In a statement, officials said an update regarding the annual budget, following weeks of negotiation. In a statement, officials said an update regarding the annual budget, following weeks of negotiation. In a statement, officials said an update regarding the annual budget, following weeks of negotiation. In a statement, officials said an update regarding the annual budget, following weeks of negotiation. In a statement, officials said an update regarding the annual budget, following weeks of negotiation.",worldnews,9-Jan-2025
A Government Spokesperson stated update on trade negotiations,A spokesperson for a government spokesperson stated the latest figures on trade negotiations during a press briefing. A spokesperson for a government spokesperson stated the latest figures on trade negotiations during a press briefing. A spokesperson for a government spokesperson stated the latest figures on trade negotiations during a press briefing. A spokesperson for a government spokesperson stated the latest figures on trade negotiations during a press briefing. A spokesperson for a government spokesperson stated the latest figures on trade negotiations during a press briefing. A spokesperson for a government spokesperson stated the latest figures on trade negotiations during a press briefing.,health,22-Dec-2025
Ap said update on a public health initiative,"AP said details on a public health initiative on Wednesday, citing officials familiar with the matter. AP said details on a public health initiative on Wednesday, citing officials familiar with the matter. AP said details on a public health initiative on Wednesday, citing officials familiar with the matter. AP said details on a public health initiative on Wednesday, citing officials familiar with the matter. AP said details on a public health initiative on Wednesday, citing officials familiar with the matter. AP said details on a public health initiative on Wednesday, citing officials familiar with the matter.",business,20-Jun-2025
Reuters reported update on a new education reform bill,"In a statement, Reuters reported an update regarding a new education reform bill, following weeks of negotiation. In a statement, Reuters reported an update regarding a new education reform bill, following weeks of negotiation. In a statement, Reuters reported an update regarding a new education reform bill, following weeks of negotiation. In a statement, Reuters reported an update regarding a new education reform bill, following weeks of negotiation. In a statement, Reuters reported an update regarding a new education reform bill, following weeks of negotiation. In a statement, Reuters reported an update regarding a new education reform bill, following weeks of negotiation.",business,22-Jul-2025
the Finance Ministry released data on update on climate policy talks,"the finance ministry released data on that climate policy talks remains on schedule, according to a statement released Tuesday. the finance ministry released data on that climate policy talks remains on schedule, according to a statement released Tuesday. the finance ministry released data on that climate policy talks remains on schedule, according to a statement released Tuesday. the finance ministry released data on that climate policy talks remains on schedule, according to a statement released Tuesday. the finance ministry released data on that climate policy talks remains on schedule, according to a statement released Tuesday. the finance ministry released data on that climate policy talks remains on schedule, according to a statement released Tuesday.",health,5-Apr-2025
A Government Spokesperson said update on unemployment figures,Officials confirmed to a government spokesperson that unemployment figures was discussed during a closed-door session on Monday. Officials confirmed to a government spokesperson that unemployment figures was discussed during a closed-door session on Monday. Officials confirmed to a government spokesperson that unemployment figures was discussed during a closed-door session on Monday. Officials confirmed to a government spokesperson that unemployment figures was discussed during a closed-door session on Monday. Officials confirmed to a government spokesperson that unemployment figures was discussed during a closed-door session on Monday. Officials confirmed to a government spokesperson that unemployment figures was discussed during a closed-door session on Monday.,worldnews,20-Oct-2025
the Finance Ministry stated update on climate policy talks,A spokesperson for the finance ministry stated the latest figures on climate policy talks during a press briefing. A spokesperson for the finance ministry stated the latest figures on climate policy talks during a press briefing. A spokesperson for the finance ministry stated the latest figures on climate policy talks during a press briefing. A spokesperson for the finance ministry stated the latest figures on climate policy talks during a press briefing. A spokesperson for the finance ministry stated the latest figures on climate policy talks during a press briefing. A spokesperson for the finance ministry stated the latest figures on climate policy talks during a press briefing.,politicsNews,10-May-2025
Ap stated update on climate policy talks,"In a statement, AP stated an update regarding climate policy talks, following weeks of negotiation. In a statement, AP stated an update regarding climate policy talks, following weeks of negotiation. In a statement, AP stated an update regarding climate policy talks, following weeks of negotiation. In a statement, AP stated an update regarding climate policy talks, following weeks of negotiation. In a statement, AP stated an update regarding climate policy talks, following weeks of negotiation. In a statement, AP stated an update regarding climate policy talks, following weeks of negotiation.",business,15-Aug-2025
A Government Spokesperson confirmed update on unemployment figures,"In a statement, a government spokesperson confirmed an update regarding unemployment figures, following weeks of negotiation. In a statement, a government spokesperson confirmed an update regarding unemployment figures, following weeks of negotiation. In a statement, a government spokesperson confirmed an update regarding unemployment figures, following weeks of negotiation. In a statement, a government spokesperson confirmed an update regarding unemployment figures, following weeks of negotiation. In a statement, a government spokesperson confirmed an update regarding unemployment figures, following weeks of negotiation. In a statement, a government spokesperson confirmed an update regarding unemployment figures, following weeks of negotiation.",technology,26-Dec-2025
Ap announced update on unemployment figures,"AP announced that unemployment figures remains on schedule, according to a statement released Tuesday. AP announced that unemployment figures remains on schedule, according to a statement released Tuesday. AP announced that unemployment figures remains on schedule, according to a statement released Tuesday. AP announced that unemployment figures remains on schedule, according to a statement released Tuesday. AP announced that unemployment figures remains on schedule, according to a statement released Tuesday. AP announced that unemployment figures remains on schedule, according to a statement released Tuesday.",health,22-Nov-2025
Officials announced update on a public health initiative,A spokesperson for officials announced the latest figures on a public health initiative during a press briefing. A spokesperson for officials announced the latest figures on a public health initiative during a press briefing. A spokesperson for officials announced the latest figures on a public health initiative during a press briefing. A spokesperson for officials announced the latest figures on a public health initiative during a press briefing. A spokesperson for officials announced the latest figures on a public health initiative during a press briefing. A spokesperson for officials announced the latest figures on a public health initiative during a press briefing.,worldnews,22-May-2025
Ap confirmed update on regional trade agreements,"According to AP, regional trade agreements will be reviewed by lawmakers next month after committee hearings. According to AP, regional trade agreements will be reviewed by lawmakers next month after committee hearings. According to AP, regional trade agreements will be reviewed by lawmakers next month after committee hearings. According to AP, regional trade agreements will be reviewed by lawmakers next month after committee hearings. According to AP, regional trade agreements will be reviewed by lawmakers next month after committee hearings. According to AP, regional trade agreements will be reviewed by lawmakers next month after committee hearings.",politicsNews,2-Apr-2025
A Government Spokesperson announced update on a diplomatic summit,"Data released by a government spokesperson shows steady progress on a diplomatic summit, according to people briefed on the matter. Data released by a government spokesperson shows steady progress on a diplomatic summit, according to people briefed on the matter. Data released by a government spokesperson shows steady progress on a diplomatic summit, according to people briefed on the matter. Data released by a government spokesperson shows steady progress on a diplomatic summit, according to people briefed on the matter. Data released by a government spokesperson shows steady progress on a diplomatic summit, according to people briefed on the matter. Data released by a government spokesperson shows steady progress on a diplomatic summit, according to people briefed on the matter.",technology,21-Oct-2025
Ap released data on update on a new education reform bill,"Data released by AP shows steady progress on a new education reform bill, according to people briefed on the matter. Data released by AP shows steady progress on a new education reform bill, according to people briefed on the matter. Data released by AP shows steady progress on a new education reform bill, according to people briefed on the matter. Data released by AP shows steady progress on a new education reform bill, according to people briefed on the matter. Data released by AP shows steady progress on a new education reform bill, according to people briefed on the matter. Data released by AP shows steady progress on a new education reform bill, according to people briefed on the matter.",technology,13-Apr-2025
Ap released data on update on unemployment figures,"AP released data on details on unemployment figures on Wednesday, citing officials familiar with the matter. AP released data on details on unemployment figures on Wednesday, citing officials familiar with the matter. AP released data on details on unemployment figures on Wednesday, citing officials familiar with the matter. AP released data on details on unemployment figures on Wednesday, citing officials familiar with the matter. AP released data on details on unemployment figures on Wednesday, citing officials familiar with the matter. AP released data on details on unemployment figures on Wednesday, citing officials familiar with the matter.",politicsNews,25-Jul-2025
Ap released data on update on a new infrastructure bill,"In a statement, AP released data on an update regarding a new infrastructure bill, following weeks of negotiation. In a statement, AP released data on an update regarding a new infrastructure bill, following weeks of negotiation. In a statement, AP released data on an update regarding a new infrastructure bill, following weeks of negotiation. In a statement, AP released data on an update regarding a new infrastructure bill, following weeks of negotiation. In a statement, AP released data on an update regarding a new infrastructure bill, following weeks of negotiation. In a statement, AP released data on an update regarding a new infrastructure bill, following weeks of negotiation.",technology,2-Sep-2025
Ap announced update on municipal budget allocations,"Data released by AP shows steady progress on municipal budget allocations, according to people briefed on the matter. Data released by AP shows steady progress on municipal budget allocations, according to people briefed on the matter. Data released by AP shows steady progress on municipal budget allocations, according to people briefed on the matter. Data released by AP shows steady progress on municipal budget allocations, according to people briefed on the matter. Data released by AP shows steady progress on municipal budget allocations, according to people briefed on the matter. Data released by AP shows steady progress on municipal budget allocations, according to people briefed on the matter.",worldnews,26-Aug-2025
Officials stated update on quarterly earnings,"officials stated that quarterly earnings remains on schedule, according to a statement released Tuesday. officials stated that quarterly earnings remains on schedule, according to a statement released Tuesday. officials stated that quarterly earnings remains on schedule, according to a statement released Tuesday. officials stated that quarterly earnings remains on schedule, according to a statement released Tuesday. officials stated that quarterly earnings remains on schedule, according to a statement released Tuesday. officials stated that quarterly earnings remains on schedule, according to a statement released Tuesday.",technology,20-Dec-2025
Officials stated update on climate policy talks,"Data released by officials shows steady progress on climate policy talks, according to people briefed on the matter. Data released by officials shows steady progress on climate policy talks, according to people briefed on the matter. Data released by officials shows steady progress on climate policy talks, according to people briefed on the matter. Data released by officials shows steady progress on climate policy talks, according to people briefed on the matter. Data released by officials shows steady progress on climate policy talks, according to people briefed on the matter. Data released by officials shows steady progress on climate policy talks, according to people briefed on the matter.",worldnews,24-Aug-2025
A Government Spokesperson confirmed update on election results,A spokesperson for a government spokesperson confirmed the latest figures on election results during a press briefing. A spokesperson for a government spokesperson confirmed the latest figures on election results during a press briefing. A spokesperson for a government spokesperson confirmed the latest figures on election results during a press briefing. A spokesperson for a government spokesperson confirmed the latest figures on election results during a press briefing. A spokesperson for a government spokesperson confirmed the latest figures on election results during a press briefing. A spokesperson for a government spokesperson confirmed the latest figures on election results during a press briefing.,business,25-Sep-2025
A Government Spokesperson confirmed update on unemployment figures,"a government spokesperson confirmed that unemployment figures remains on schedule, according to a statement released Tuesday. a government spokesperson confirmed that unemployment figures remains on schedule, according to a statement released Tuesday. a government spokesperson confirmed that unemployment figures remains on schedule, according to a statement released Tuesday. a government spokesperson confirmed that unemployment figures remains on schedule, according to a statement released Tuesday. a government spokesperson confirmed that unemployment figures remains on schedule, according to a statement released Tuesday. a government spokesperson confirmed that unemployment figures remains on schedule, according to a statement released Tuesday.",technology,3-Dec-2025
the Finance Ministry reported update on the central bank's interest rate decision,"the finance ministry reported that the central bank's interest rate decision remains on schedule, according to a statement released Tuesday. the finance ministry reported that the central bank's interest rate decision remains on schedule, according to a statement released Tuesday. the finance ministry reported that the central bank's interest rate decision remains on schedule, according to a statement released Tuesday. the finance ministry reported that the central bank's interest rate decision remains on schedule, according to a statement released Tuesday. the finance ministry reported that the central bank's interest rate decision remains on schedule, according to a statement released Tuesday. the finance ministry reported that the central bank's interest rate decision remains on schedule, according to a statement released Tuesday.",business,18-Feb-2025
Ap confirmed update on a new infrastructure bill,"Data released by AP shows steady progress on a new infrastructure bill, according to people briefed on the matter. Data released by AP shows steady progress on a new infrastructure bill, according to people briefed on the matter. Data released by AP shows steady progress on a new infrastructure bill, according to people briefed on the matter. Data released by AP shows steady progress on a new infrastructure bill, according to people briefed on the matter. Data released by AP shows steady progress on a new infrastructure bill, according to people briefed on the matter. Data released by AP shows steady progress on a new infrastructure bill, according to people briefed on the matter.",worldnews,23-Apr-2025
Reuters said update on climate policy talks,"Reuters said that climate policy talks remains on schedule, according to a statement released Tuesday. Reuters said that climate policy talks remains on schedule, according to a statement released Tuesday. Reuters said that climate policy talks remains on schedule, according to a statement released Tuesday. Reuters said that climate policy talks remains on schedule, according to a statement released Tuesday. Reuters said that climate policy talks remains on schedule, according to a statement released Tuesday. Reuters said that climate policy talks remains on schedule, according to a statement released Tuesday.",health,15-Jul-2025
Reuters said update on the central bank's interest rate decision,"Data released by Reuters shows steady progress on the central bank's interest rate decision, according to people briefed on the matter. Data released by Reuters shows steady progress on the central bank's interest rate decision, according to people briefed on the matter. Data released by Reuters shows steady progress on the central bank's interest rate decision, according to people briefed on the matter. Data released by Reuters shows steady progress on the central bank's interest rate decision, according to people briefed on the matter. Data released by Reuters shows steady progress on the central bank's interest rate decision, according to people briefed on the matter. Data released by Reuters shows steady progress on the central bank's interest rate decision, according to people briefed on the matter.",health,23-Jan-2025
Officials said update on climate policy talks,"officials said details on climate policy talks on Wednesday, citing officials familiar with the matter. officials said details on climate policy talks on Wednesday, citing officials familiar with the matter. officials said details on climate policy talks on Wednesday, citing officials familiar with the matter. officials said details on climate policy talks on Wednesday, citing officials familiar with the matter. officials said details on climate policy talks on Wednesday, citing officials familiar with the matter. officials said details on climate policy talks on Wednesday, citing officials familiar with the matter.",business,10-Jul-2025
A Government Spokesperson released data on update on quarterly earnings,Officials confirmed to a government spokesperson that quarterly earnings was discussed during a closed-door session on Monday. Officials confirmed to a government spokesperson that quarterly earnings was discussed during a closed-door session on Monday. Officials confirmed to a government spokesperson that quarterly earnings was discussed during a closed-door session on Monday. Officials confirmed to a government spokesperson that quarterly earnings was discussed during a closed-door session on Monday. Officials confirmed to a government spokesperson that quarterly earnings was discussed during a closed-door session on Monday. Officials confirmed to a government spokesperson that quarterly earnings was discussed during a closed-door session on Monday.,health,26-Oct-2025
Ap confirmed update on a court ruling,"AP confirmed that a court ruling remains on schedule, according to a statement released Tuesday. AP confirmed that a court ruling remains on schedule, according to a statement released Tuesday. AP confirmed that a court ruling remains on schedule, according to a statement released Tuesday. AP confirmed that a court ruling remains on schedule, according to a statement released Tuesday. AP confirmed that a court ruling remains on schedule, according to a statement released Tuesday. AP confirmed that a court ruling remains on schedule, according to a statement released Tuesday.",technology,16-Jan-2025
A Government Spokesperson released data on update on a public health initiative,Officials confirmed to a government spokesperson that a public health initiative was discussed during a closed-door session on Monday. Officials confirmed to a government spokesperson that a public health initiative was discussed during a closed-door session on Monday. Officials confirmed to a government spokesperson that a public health initiative was discussed during a closed-door session on Monday. Officials confirmed to a government spokesperson that a public health initiative was discussed during a closed-door session on Monday. Officials confirmed to a government spokesperson that a public health initiative was discussed during a closed-door session on Monday. Officials confirmed to a government spokesperson that a public health initiative was discussed during a closed-door session on Monday.,technology,24-Mar-2025
A Government Spokesperson confirmed update on municipal budget allocations,"In a statement, a government spokesperson confirmed an update regarding municipal budget allocations, following weeks of negotiation. In a statement, a government spokesperson confirmed an update regarding municipal budget allocations, following weeks of negotiation. In a statement, a government spokesperson confirmed an update regarding municipal budget allocations, following weeks of negotiation. In a statement, a government spokesperson confirmed an update regarding municipal budget allocations, following weeks of negotiation. In a statement, a government spokesperson confirmed an update regarding municipal budget allocations, following weeks of negotiation. In a statement, a government spokesperson confirmed an update regarding municipal budget allocations, following weeks of negotiation.",health,1-Jul-2025
Officials released data on update on a diplomatic summit,"officials released data on details on a diplomatic summit on Wednesday, citing officials familiar with the matter. officials released data on details on a diplomatic summit on Wednesday, citing officials familiar with the matter. officials released data on details on a diplomatic summit on Wednesday, citing officials familiar with the matter. officials released data on details on a diplomatic summit on Wednesday, citing officials familiar with the matter. officials released data on details on a diplomatic summit on Wednesday, citing officials familiar with the matter. officials released data on details on a diplomatic summit on Wednesday, citing officials familiar with the matter.",politicsNews,21-Jul-2025
Ap said update on a scientific research grant,"According to AP, a scientific research grant will be reviewed by lawmakers next month after committee hearings. According to AP, a scientific research grant will be reviewed by lawmakers next month after committee hearings. According to AP, a scientific research grant will be reviewed by lawmakers next month after committee hearings. According to AP, a scientific research grant will be reviewed by lawmakers next month after committee hearings. According to AP, a scientific research grant will be reviewed by lawmakers next month after committee hearings. According to AP, a scientific research grant will be reviewed by lawmakers next month after committee hearings.",politicsNews,9-Jul-2025
the Finance Ministry said update on the central bank's interest rate decision,"the finance ministry said that the central bank's interest rate decision remains on schedule, according to a statement released Tuesday. the finance ministry said that the central bank's interest rate decision remains on schedule, according to a statement released Tuesday. the finance ministry said that the central bank's interest rate decision remains on schedule, according to a statement released Tuesday. the finance ministry said that the central bank's interest rate decision remains on schedule, according to a statement released Tuesday. the finance ministry said that the central bank's interest rate decision remains on schedule, according to a statement released Tuesday. the finance ministry said that the central bank's interest rate decision remains on schedule, according to a statement released Tuesday.",business,25-Jul-2025
the Finance Ministry said update on regional trade agreements,"the finance ministry said that regional trade agreements remains on schedule, according to a statement released Tuesday. the finance ministry said that regional trade agreements remains on schedule, according to a statement released Tuesday. the finance ministry said that regional trade agreements remains on schedule, according to a statement released Tuesday. the finance ministry said that regional trade agreements remains on schedule, according to a statement released Tuesday. the finance ministry said that regional trade agreements remains on schedule, according to a statement released Tuesday. the finance ministry said that regional trade agreements remains on schedule, according to a statement released Tuesday.",politicsNews,16-Jan-2025
Officials reported update on trade negotiations,"According to officials, trade negotiations will be reviewed by lawmakers next month after committee hearings. According to officials, trade negotiations will be reviewed by lawmakers next month after committee hearings. According to officials, trade negotiations will be reviewed by lawmakers next month after committee hearings. According to officials, trade negotiations will be reviewed by lawmakers next month after committee hearings. According to officials, trade negotiations will be reviewed by lawmakers next month after committee hearings. According to officials, trade negotiations will be reviewed by lawmakers next month after committee hearings.",politicsNews,25-Nov-2025
Reuters announced update on regional trade agreements,"According to Reuters, regional trade agreements will be reviewed by lawmakers next month after committee hearings. According to Reuters, regional trade agreements will be reviewed by lawmakers next month after committee hearings. According to Reuters, regional trade agreements will be reviewed by lawmakers next month after committee hearings. According to Reuters, regional trade agreements will be reviewed by lawmakers next month after committee hearings. According to Reuters, regional trade agreements will be reviewed by lawmakers next month after committee hearings. According to Reuters, regional trade agreements will be reviewed by lawmakers next month after committee hearings.",worldnews,27-Jan-2025
Officials confirmed update on a new infrastructure bill,"According to officials, a new infrastructure bill will be reviewed by lawmakers next month after committee hearings. According to officials, a new infrastructure bill will be reviewed by lawmakers next month after committee hearings. According to officials, a new infrastructure bill will be reviewed by lawmakers next month after committee hearings. According to officials, a new infrastructure bill will be reviewed by lawmakers next month after committee hearings. According to officials, a new infrastructure bill will be reviewed by lawmakers next month after committee hearings. According to officials, a new infrastructure bill will be reviewed by lawmakers next month after committee hearings.",technology,22-Feb-2025
Officials said update on the central bank's interest rate decision,Officials confirmed to officials that the central bank's interest rate decision was discussed during a closed-door session on Monday. Officials confirmed to officials that the central bank's interest rate decision was discussed during a closed-door session on Monday. Officials confirmed to officials that the central bank's interest rate decision was discussed during a closed-door session on Monday. Officials confirmed to officials that the central bank's interest rate decision was discussed during a closed-door session on Monday. Officials confirmed to officials that the central bank's interest rate decision was discussed during a closed-door session on Monday. Officials confirmed to officials that the central bank's interest rate decision was discussed during a closed-door session on Monday.,business,25-Jun-2025
Ap stated update on a diplomatic summit,Officials confirmed to AP that a diplomatic summit was discussed during a closed-door session on Monday. Officials confirmed to AP that a diplomatic summit was discussed during a closed-door session on Monday. Officials confirmed to AP that a diplomatic summit was discussed during a closed-door session on Monday. Officials confirmed to AP that a diplomatic summit was discussed during a closed-door session on Monday. Officials confirmed to AP that a diplomatic summit was discussed during a closed-door session on Monday. Officials confirmed to AP that a diplomatic summit was discussed during a closed-door session on Monday.,politicsNews,25-Mar-2025
the Finance Ministry stated update on the annual budget,"the finance ministry stated details on the annual budget on Wednesday, citing officials familiar with the matter. the finance ministry stated details on the annual budget on Wednesday, citing officials familiar with the matter. the finance ministry stated details on the annual budget on Wednesday, citing officials familiar with the matter. the finance ministry stated details on the annual budget on Wednesday, citing officials familiar with the matter. the finance ministry stated details on the annual budget on Wednesday, citing officials familiar with the matter. the finance ministry stated details on the annual budget on Wednesday, citing officials familiar with the matter.",business,19-Nov-2025
A Government Spokesperson released data on update on climate policy talks,"According to a government spokesperson, climate policy talks will be reviewed by lawmakers next month after committee hearings. According to a government spokesperson, climate policy talks will be reviewed by lawmakers next month after committee hearings. According to a government spokesperson, climate policy talks will be reviewed by lawmakers next month after committee hearings. According to a government spokesperson, climate policy talks will be reviewed by lawmakers next month after committee hearings. According to a government spokesperson, climate policy talks will be reviewed by lawmakers next month after committee hearings. According to a government spokesperson, climate policy talks will be reviewed by lawmakers next month after committee hearings.",politicsNews,19-Dec-2025
Ap released data on update on the annual budget,A spokesperson for AP released data on the latest figures on the annual budget during a press briefing. A spokesperson for AP released data on the latest figures on the annual budget during a press briefing. A spokesperson for AP released data on the latest figures on the annual budget during a press briefing. A spokesperson for AP released data on the latest figures on the annual budget during a press briefing. A spokesperson for AP released data on the latest figures on the annual budget during a press briefing. A spokesperson for AP released data on the latest figures on the annual budget during a press briefing.,business,28-Nov-2025
Officials announced update on regional trade agreements,A spokesperson for officials announced the latest figures on regional trade agreements during a press briefing. A spokesperson for officials announced the latest figures on regional trade agreements during a press briefing. A spokesperson for officials announced the latest figures on regional trade agreements during a press briefing. A spokesperson for officials announced the latest figures on regional trade agreements during a press briefing. A spokesperson for officials announced the latest figures on regional trade agreements during a press briefing. A spokesperson for officials announced the latest figures on regional trade agreements during a press briefing.,health,26-Jan-2025
the Finance Ministry said update on quarterly earnings,Officials confirmed to the finance ministry that quarterly earnings was discussed during a closed-door session on Monday. Officials confirmed to the finance ministry that quarterly earnings was discussed during a closed-door session on Monday. Officials confirmed to the finance ministry that quarterly earnings was discussed during a closed-door session on Monday. Officials confirmed to the finance ministry that quarterly earnings was discussed during a closed-door session on Monday. Officials confirmed to the finance ministry that quarterly earnings was discussed during a closed-door session on Monday. Officials confirmed to the finance ministry that quarterly earnings was discussed during a closed-door session on Monday.,business,3-Sep-2025
the Finance Ministry said update on trade negotiations,A spokesperson for the finance ministry said the latest figures on trade negotiations during a press briefing. A spokesperson for the finance ministry said the latest figures on trade negotiations during a press briefing. A spokesperson for the finance ministry said the latest figures on trade negotiations during a press briefing. A spokesperson for the finance ministry said the latest figures on trade negotiations during a press briefing. A spokesperson for the finance ministry said the latest figures on trade negotiations during a press briefing. A spokesperson for the finance ministry said the latest figures on trade negotiations during a press briefing.,technology,4-Jul-2025
the Finance Ministry said update on unemployment figures,Officials confirmed to the finance ministry that unemployment figures was discussed during a closed-door session on Monday. Officials confirmed to the finance ministry that unemployment figures was discussed during a closed-door session on Monday. Officials confirmed to the finance ministry that unemployment figures was discussed during a closed-door session on Monday. Officials confirmed to the finance ministry that unemployment figures was discussed during a closed-door session on Monday. Officials confirmed to the finance ministry that unemployment figures was discussed during a closed-door session on Monday. Officials confirmed to the finance ministry that unemployment figures was discussed during a closed-door session on Monday.,worldnews,14-Mar-2025
Officials reported update on unemployment figures,"In a statement, officials reported an update regarding unemployment figures, following weeks of negotiation. In a statement, officials reported an update regarding unemployment figures, following weeks of negotiation. In a statement, officials reported an update regarding unemployment figures, following weeks of negotiation. In a statement, officials reported an update regarding unemployment figures, following weeks of negotiation. In a statement, officials reported an update regarding unemployment figures, following weeks of negotiation. In a statement, officials reported an update regarding unemployment figures, following weeks of negotiation.",health,25-Aug-2025
A Government Spokesperson released data on update on climate policy talks,"In a statement, a government spokesperson released data on an update regarding climate policy talks, following weeks of negotiation. In a statement, a government spokesperson released data on an update regarding climate policy talks, following weeks of negotiation. In a statement, a government spokesperson released data on an update regarding climate policy talks, following weeks of negotiation. In a statement, a government spokesperson released data on an update regarding climate policy talks, following weeks of negotiation. In a statement, a government spokesperson released data on an update regarding climate policy talks, following weeks of negotiation. In a statement, a government spokesperson released data on an update regarding climate policy talks, following weeks of negotiation.",business,11-Apr-2025
Reuters said update on election results,"According to Reuters, election results will be reviewed by lawmakers next month after committee hearings. According to Reuters, election results will be reviewed by lawmakers next month after committee hearings. According to Reuters, election results will be reviewed by lawmakers next month after committee hearings. According to Reuters, election results will be reviewed by lawmakers next month after committee hearings. According to Reuters, election results will be reviewed by lawmakers next month after committee hearings. According to Reuters, election results will be reviewed by lawmakers next month after committee hearings.",technology,19-Oct-2025
A Government Spokesperson announced update on a public health initiative,"Data released by a government spokesperson shows steady progress on a public health initiative, according to people briefed on the matter. Data released by a government spokesperson shows steady progress on a public health initiative, according to people briefed on the matter. Data released by a government spokesperson shows steady progress on a public health initiative, according to people briefed on the matter. Data released by a government spokesperson shows steady progress on a public health initiative, according to people briefed on the matter. Data released by a government spokesperson shows steady progress on a public health initiative, according to people briefed on the matter. Data released by a government spokesperson shows steady progress on a public health initiative, according to people briefed on the matter.",business,6-Aug-2025
Ap reported update on a public health initiative,"AP reported that a public health initiative remains on schedule, according to a statement released Tuesday. AP reported that a public health initiative remains on schedule, according to a statement released Tuesday. AP reported that a public health initiative remains on schedule, according to a statement released Tuesday. AP reported that a public health initiative remains on schedule, according to a statement released Tuesday. AP reported that a public health initiative remains on schedule, according to a statement released Tuesday. AP reported that a public health initiative remains on schedule, according to a statement released Tuesday.",business,20-Dec-2025
the Finance Ministry announced update on quarterly earnings,"In a statement, the finance ministry announced an update regarding quarterly earnings, following weeks of negotiation. In a statement, the finance ministry announced an update regarding quarterly earnings, following weeks of negotiation. In a statement, the finance ministry announced an update regarding quarterly earnings, following weeks of negotiation. In a statement, the finance ministry announced an update regarding quarterly earnings, following weeks of negotiation. In a statement, the finance ministry announced an update regarding quarterly earnings, following weeks of negotiation. In a statement, the finance ministry announced an update regarding quarterly earnings, following weeks of negotiation.",worldnews,3-Apr-2025
A Government Spokesperson stated update on a court ruling,A spokesperson for a government spokesperson stated the latest figures on a court ruling during a press briefing. A spokesperson for a government spokesperson stated the latest figures on a court ruling during a press briefing. A spokesperson for a government spokesperson stated the latest figures on a court ruling during a press briefing. A spokesperson for a government spokesperson stated the latest figures on a court ruling during a press briefing. A spokesperson for a government spokesperson stated the latest figures on a court ruling during a press briefing. A spokesperson for a government spokesperson stated the latest figures on a court ruling during a press briefing.,worldnews,23-Aug-2025
A Government Spokesperson announced update on a court ruling,"a government spokesperson announced details on a court ruling on Wednesday, citing officials familiar with the matter. a government spokesperson announced details on a court ruling on Wednesday, citing officials familiar with the matter. a government spokesperson announced details on a court ruling on Wednesday, citing officials familiar with the matter. a government spokesperson announced details on a court ruling on Wednesday, citing officials familiar with the matter. a government spokesperson announced details on a court ruling on Wednesday, citing officials familiar with the matter. a government spokesperson announced details on a court ruling on Wednesday, citing officials familiar with the matter.",business,8-Jul-2025
Ap released data on update on election results,"In a statement, AP released data on an update regarding election results, following weeks of negotiation. In a statement, AP released data on an update regarding election results, following weeks of negotiation. In a statement, AP released data on an update regarding election results, following weeks of negotiation. In a statement, AP released data on an update regarding election results, following weeks of negotiation. In a statement, AP released data on an update regarding election results, following weeks of negotiation. In a statement, AP released data on an update regarding election results, following weeks of negotiation.",business,16-Sep-2025
Officials said update on a public health initiative,Officials confirmed to officials that a public health initiative was discussed during a closed-door session on Monday. Officials confirmed to officials that a public health initiative was discussed during a closed-door session on Monday. Officials confirmed to officials that a public health initiative was discussed during a closed-door session on Monday. Officials confirmed to officials that a public health initiative was discussed during a closed-door session on Monday. Officials confirmed to officials that a public health initiative was discussed during a closed-door session on Monday. Officials confirmed to officials that a public health initiative was discussed during a closed-door session on Monday.,health,11-Jun-2025
A Government Spokesperson reported update on election results,"a government spokesperson reported that election results remains on schedule, according to a statement released Tuesday. a government spokesperson reported that election results remains on schedule, according to a statement released Tuesday. a government spokesperson reported that election results remains on schedule, according to a statement released Tuesday. a government spokesperson reported that election results remains on schedule, according to a statement released Tuesday. a government spokesperson reported that election results remains on schedule, according to a statement released Tuesday. a government spokesperson reported that election results remains on schedule, according to a statement released Tuesday.",worldnews,4-Dec-2025
Ap announced update on a public health initiative,Officials confirmed to AP that a public health initiative was discussed during a closed-door session on Monday. Officials confirmed to AP that a public health initiative was discussed during a closed-door session on Monday. Officials confirmed to AP that a public health initiative was discussed during a closed-door session on Monday. Officials confirmed to AP that a public health initiative was discussed during a closed-door session on Monday. Officials confirmed to AP that a public health initiative was discussed during a closed-door session on Monday. Officials confirmed to AP that a public health initiative was discussed during a closed-door session on Monday.,health,25-Dec-2025
Ap confirmed update on the central bank's interest rate decision,Officials confirmed to AP that the central bank's interest rate decision was discussed during a closed-door session on Monday. Officials confirmed to AP that the central bank's interest rate decision was discussed during a closed-door session on Monday. Officials confirmed to AP that the central bank's interest rate decision was discussed during a closed-door session on Monday. Officials confirmed to AP that the central bank's interest rate decision was discussed during a closed-door session on Monday. Officials confirmed to AP that the central bank's interest rate decision was discussed during a closed-door session on Monday. Officials confirmed to AP that the central bank's interest rate decision was discussed during a closed-door session on Monday.,technology,9-Dec-2025
Officials stated update on regional trade agreements,"In a statement, officials stated an update regarding regional trade agreements, following weeks of negotiation. In a statement, officials stated an update regarding regional trade agreements, following weeks of negotiation. In a statement, officials stated an update regarding regional trade agreements, following weeks of negotiation. In a statement, officials stated an update regarding regional trade agreements, following weeks of negotiation. In a statement, officials stated an update regarding regional trade agreements, following weeks of negotiation. In a statement, officials stated an update regarding regional trade agreements, following weeks of negotiation.",business,4-Apr-2025
the Finance Ministry reported update on the central bank's interest rate decision,"According to the finance ministry, the central bank's interest rate decision will be reviewed by lawmakers next month after committee hearings. According to the finance ministry, the central bank's interest rate decision will be reviewed by lawmakers next month after committee hearings. According to the finance ministry, the central bank's interest rate decision will be reviewed by lawmakers next month after committee hearings. According to the finance ministry, the central bank's interest rate decision will be reviewed by lawmakers next month after committee hearings. According to the finance ministry, the central bank's interest rate decision will be reviewed by lawmakers next month after committee hearings. According to the finance ministry, the central bank's interest rate decision will be reviewed by lawmakers next month after committee hearings.",business,1-Dec-2025
Officials reported update on a new infrastructure bill,"officials reported details on a new infrastructure bill on Wednesday, citing officials familiar with the matter. officials reported details on a new infrastructure bill on Wednesday, citing officials familiar with the matter. officials reported details on a new infrastructure bill on Wednesday, citing officials familiar with the matter. officials reported details on a new infrastructure bill on Wednesday, citing officials familiar with the matter. officials reported details on a new infrastructure bill on Wednesday, citing officials familiar with the matter. officials reported details on a new infrastructure bill on Wednesday, citing officials familiar with the matter.",politicsNews,18-May-2025
Ap said update on unemployment figures,"AP said details on unemployment figures on Wednesday, citing officials familiar with the matter. AP said details on unemployment figures on Wednesday, citing officials familiar with the matter. AP said details on unemployment figures on Wednesday, citing officials familiar with the matter. AP said details on unemployment figures on Wednesday, citing officials familiar with the matter. AP said details on unemployment figures on Wednesday, citing officials familiar with the matter. AP said details on unemployment figures on Wednesday, citing officials familiar with the matter.",politicsNews,19-May-2025
A Government Spokesperson said update on a court ruling,"a government spokesperson said that a court ruling remains on schedule, according to a statement released Tuesday. a government spokesperson said that a court ruling remains on schedule, according to a statement released Tuesday. a government spokesperson said that a court ruling remains on schedule, according to a statement released Tuesday. a government spokesperson said that a court ruling remains on schedule, according to a statement released Tuesday. a government spokesperson said that a court ruling remains on schedule, according to a statement released Tuesday. a government spokesperson said that a court ruling remains on schedule, according to a statement released Tuesday.",worldnews,2-May-2025
A Government Spokesperson announced update on the annual budget,"Data released by a government spokesperson shows steady progress on the annual budget, according to people briefed on the matter. Data released by a government spokesperson shows steady progress on the annual budget, according to people briefed on the matter. Data released by a government spokesperson shows steady progress on the annual budget, according to people briefed on the matter. Data released by a government spokesperson shows steady progress on the annual budget, according to people briefed on the matter. Data released by a government spokesperson shows steady progress on the annual budget, according to people briefed on the matter. Data released by a government spokesperson shows steady progress on the annual budget, according to people briefed on the matter.",technology,3-Oct-2025
Reuters confirmed update on a new infrastructure bill,A spokesperson for Reuters confirmed the latest figures on a new infrastructure bill during a press briefing. A spokesperson for Reuters confirmed the latest figures on a new infrastructure bill during a press briefing. A spokesperson for Reuters confirmed the latest figures on a new infrastructure bill during a press briefing. A spokesperson for Reuters confirmed the latest figures on a new infrastructure bill during a press briefing. A spokesperson for Reuters confirmed the latest figures on a new infrastructure bill during a press briefing. A spokesperson for Reuters confirmed the latest figures on a new infrastructure bill during a press briefing.,health,10-Feb-2025
Ap stated update on the annual budget,A spokesperson for AP stated the latest figures on the annual budget during a press briefing. A spokesperson for AP stated the latest figures on the annual budget during a press briefing. A spokesperson for AP stated the latest figures on the annual budget during a press briefing. A spokesperson for AP stated the latest figures on the annual budget during a press briefing. A spokesperson for AP stated the latest figures on the annual budget during a press briefing. A spokesperson for AP stated the latest figures on the annual budget during a press briefing.,technology,20-Oct-2025
Officials stated update on the central bank's interest rate decision,"Data released by officials shows steady progress on the central bank's interest rate decision, according to people briefed on the matter. Data released by officials shows steady progress on the central bank's interest rate decision, according to people briefed on the matter. Data released by officials shows steady progress on the central bank's interest rate decision, according to people briefed on the matter. Data released by officials shows steady progress on the central bank's interest rate decision, according to people briefed on the matter. Data released by officials shows steady progress on the central bank's interest rate decision, according to people briefed on the matter. Data released by officials shows steady progress on the central bank's interest rate decision, according to people briefed on the matter.",technology,15-May-2025
Officials reported update on climate policy talks,"In a statement, officials reported an update regarding climate policy talks, following weeks of negotiation. In a statement, officials reported an update regarding climate policy talks, following weeks of negotiation. In a statement, officials reported an update regarding climate policy talks, following weeks of negotiation. In a statement, officials reported an update regarding climate policy talks, following weeks of negotiation. In a statement, officials reported an update regarding climate policy talks, following weeks of negotiation. In a statement, officials reported an update regarding climate policy talks, following weeks of negotiation.",health,2-Oct-2025
Reuters confirmed update on regional trade agreements,Officials confirmed to Reuters that regional trade agreements was discussed during a closed-door session on Monday. Officials confirmed to Reuters that regional trade agreements was discussed during a closed-door session on Monday. Officials confirmed to Reuters that regional trade agreements was discussed during a closed-door session on Monday. Officials confirmed to Reuters that regional trade agreements was discussed during a closed-door session on Monday. Officials confirmed to Reuters that regional trade agreements was discussed during a closed-door session on Monday. Officials confirmed to Reuters that regional trade agreements was discussed during a closed-door session on Monday.,worldnews,9-Nov-2025
Reuters confirmed update on a new infrastructure bill,"According to Reuters, a new infrastructure bill will be reviewed by lawmakers next month after committee hearings. According to Reuters, a new infrastructure bill will be reviewed by lawmakers next month after committee hearings. According to Reuters, a new infrastructure bill will be reviewed by lawmakers next month after committee hearings. According to Reuters, a new infrastructure bill will be reviewed by lawmakers next month after committee hearings. According to Reuters, a new infrastructure bill will be reviewed by lawmakers next month after committee hearings. According to Reuters, a new infrastructure bill will be reviewed by lawmakers next month after committee hearings.",health,3-Mar-2025
Reuters said update on climate policy talks,Officials confirmed to Reuters that climate policy talks was discussed during a closed-door session on Monday. Officials confirmed to Reuters that climate policy talks was discussed during a closed-door session on Monday. Officials confirmed to Reuters that climate policy talks was discussed during a closed-door session on Monday. Officials confirmed to Reuters that climate policy talks was discussed during a closed-door session on Monday. Officials confirmed to Reuters that climate policy talks was discussed during a closed-door session on Monday. Officials confirmed to Reuters that climate policy talks was discussed during a closed-door session on Monday.,health,16-May-2025
Reuters reported update on the central bank's interest rate decision,Officials confirmed to Reuters that the central bank's interest rate decision was discussed during a closed-door session on Monday. Officials confirmed to Reuters that the central bank's interest rate decision was discussed during a closed-door session on Monday. Officials confirmed to Reuters that the central bank's interest rate decision was discussed during a closed-door session on Monday. Officials confirmed to Reuters that the central bank's interest rate decision was discussed during a closed-door session on Monday. Officials confirmed to Reuters that the central bank's interest rate decision was discussed during a closed-door session on Monday. Officials confirmed to Reuters that the central bank's interest rate decision was discussed during a closed-door session on Monday.,business,23-Aug-2025
Reuters confirmed update on unemployment figures,"Reuters confirmed that unemployment figures remains on schedule, according to a statement released Tuesday. Reuters confirmed that unemployment figures remains on schedule, according to a statement released Tuesday. Reuters confirmed that unemployment figures remains on schedule, according to a statement released Tuesday. Reuters confirmed that unemployment figures remains on schedule, according to a statement released Tuesday. Reuters confirmed that unemployment figures remains on schedule, according to a statement released Tuesday. Reuters confirmed that unemployment figures remains on schedule, according to a statement released Tuesday.",health,22-Apr-2025
A Government Spokesperson stated update on the annual budget,"According to a government spokesperson, the annual budget will be reviewed by lawmakers next month after committee hearings. According to a government spokesperson, the annual budget will be reviewed by lawmakers next month after committee hearings. According to a government spokesperson, the annual budget will be reviewed by lawmakers next month after committee hearings. According to a government spokesperson, the annual budget will be reviewed by lawmakers next month after committee hearings. According to a government spokesperson, the annual budget will be reviewed by lawmakers next month after committee hearings. According to a government spokesperson, the annual budget will be reviewed by lawmakers next month after committee hearings.",worldnews,9-Mar-2025
Reuters confirmed update on trade negotiations,A spokesperson for Reuters confirmed the latest figures on trade negotiations during a press briefing. A spokesperson for Reuters confirmed the latest figures on trade negotiations during a press briefing. A spokesperson for Reuters confirmed the latest figures on trade negotiations during a press briefing. A spokesperson for Reuters confirmed the latest figures on trade negotiations during a press briefing. A spokesperson for Reuters confirmed the latest figures on trade negotiations during a press briefing. A spokesperson for Reuters confirmed the latest figures on trade negotiations during a press briefing.,business,20-Dec-2025
Officials reported update on municipal budget allocations,"Data released by officials shows steady progress on municipal budget allocations, according to people briefed on the matter. Data released by officials shows steady progress on municipal budget allocations, according to people briefed on the matter. Data released by officials shows steady progress on municipal budget allocations, according to people briefed on the matter. Data released by officials shows steady progress on municipal budget allocations, according to people briefed on the matter. Data released by officials shows steady progress on municipal budget allocations, according to people briefed on the matter. Data released by officials shows steady progress on municipal budget allocations, according to people briefed on the matter.",politicsNews,15-Dec-2025
the Finance Ministry said update on a new education reform bill,"the finance ministry said that a new education reform bill remains on schedule, according to a statement released Tuesday. the finance ministry said that a new education reform bill remains on schedule, according to a statement released Tuesday. the finance ministry said that a new education reform bill remains on schedule, according to a statement released Tuesday. the finance ministry said that a new education reform bill remains on schedule, according to a statement released Tuesday. the finance ministry said that a new education reform bill remains on schedule, according to a statement released Tuesday. the finance ministry said that a new education reform bill remains on schedule, according to a statement released Tuesday.",health,18-Aug-2025
A Government Spokesperson stated update on the annual budget,"a government spokesperson stated details on the annual budget on Wednesday, citing officials familiar with the matter. a government spokesperson stated details on the annual budget on Wednesday, citing officials familiar with the matter. a government spokesperson stated details on the annual budget on Wednesday, citing officials familiar with the matter. a government spokesperson stated details on the annual budget on Wednesday, citing officials familiar with the matter. a government spokesperson stated details on the annual budget on Wednesday, citing officials familiar with the matter. a government spokesperson stated details on the annual budget on Wednesday, citing officials familiar with the matter.",technology,24-Jun-2025
Officials announced update on election results,"officials announced details on election results on Wednesday, citing officials familiar with the matter. officials announced details on election results on Wednesday, citing officials familiar with the matter. officials announced details on election results on Wednesday, citing officials familiar with the matter. officials announced details on election results on Wednesday, citing officials familiar with the matter. officials announced details on election results on Wednesday, citing officials familiar with the matter. officials announced details on election results on Wednesday, citing officials familiar with the matter.",worldnews,22-Oct-2025
Officials released data on update on trade negotiations,A spokesperson for officials released data on the latest figures on trade negotiations during a press briefing. A spokesperson for officials released data on the latest figures on trade negotiations during a press briefing. A spokesperson for officials released data on the latest figures on trade negotiations during a press briefing. A spokesperson for officials released data on the latest figures on trade negotiations during a press briefing. A spokesperson for officials released data on the latest figures on trade negotiations during a press briefing. A spokesperson for officials released data on the latest figures on trade negotiations during a press briefing.,business,19-Jan-2025
Ap stated update on a court ruling,Officials confirmed to AP that a court ruling was discussed during a closed-door session on Monday. Officials confirmed to AP that a court ruling was discussed during a closed-door session on Monday. Officials confirmed to AP that a court ruling was discussed during a closed-door session on Monday. Officials confirmed to AP that a court ruling was discussed during a closed-door session on Monday. Officials confirmed to AP that a court ruling was discussed during a closed-door session on Monday. Officials confirmed to AP that a court ruling was discussed during a closed-door session on Monday.,technology,9-Mar-2025
Officials released data on update on climate policy talks,A spokesperson for officials released data on the latest figures on climate policy talks during a press briefing. A spokesperson for officials released data on the latest figures on climate policy talks during a press briefing. A spokesperson for officials released data on the latest figures on climate policy talks during a press briefing. A spokesperson for officials released data on the latest figures on climate policy talks during a press briefing. A spokesperson for officials released data on the latest figures on climate policy talks during a press briefing. A spokesperson for officials released data on the latest figures on climate policy talks during a press briefing.,technology,3-Aug-2025
the Finance Ministry reported update on climate policy talks,"the finance ministry reported that climate policy talks remains on schedule, according to a statement released Tuesday. the finance ministry reported that climate policy talks remains on schedule, according to a statement released Tuesday. the finance ministry reported that climate policy talks remains on schedule, according to a statement released Tuesday. the finance ministry reported that climate policy talks remains on schedule, according to a statement released Tuesday. the finance ministry reported that climate policy talks remains on schedule, according to a statement released Tuesday. the finance ministry reported that climate policy talks remains on schedule, according to a statement released Tuesday.",politicsNews,28-Mar-2025
the Finance Ministry released data on update on climate policy talks,"Data released by the finance ministry shows steady progress on climate policy talks, according to people briefed on the matter. Data released by the finance ministry shows steady progress on climate policy talks, according to people briefed on the matter. Data released by the finance ministry shows steady progress on climate policy talks, according to people briefed on the matter. Data released by the finance ministry shows steady progress on climate policy talks, according to people briefed on the matter. Data released by the finance ministry shows steady progress on climate policy talks, according to people briefed on the matter. Data released by the finance ministry shows steady progress on climate policy talks, according to people briefed on the matter.",business,22-Jul-2025
Officials said update on trade negotiations,"officials said details on trade negotiations on Wednesday, citing officials familiar with the matter. officials said details on trade negotiations on Wednesday, citing officials familiar with the matter. officials said details on trade negotiations on Wednesday, citing officials familiar with the matter. officials said details on trade negotiations on Wednesday, citing officials familiar with the matter. officials said details on trade negotiations on Wednesday, citing officials familiar with the matter. officials said details on trade negotiations on Wednesday, citing officials familiar with the matter.",business,9-Jun-2025
Reuters said update on regional trade agreements,A spokesperson for Reuters said the latest figures on regional trade agreements during a press briefing. A spokesperson for Reuters said the latest figures on regional trade agreements during a press briefing. A spokesperson for Reuters said the latest figures on regional trade agreements during a press briefing. A spokesperson for Reuters said the latest figures on regional trade agreements during a press briefing. A spokesperson for Reuters said the latest figures on regional trade agreements during a press briefing. A spokesperson for Reuters said the latest figures on regional trade agreements during a press briefing.,health,27-Jan-2025
Officials said update on a court ruling,"officials said details on a court ruling on Wednesday, citing officials familiar with the matter. officials said details on a court ruling on Wednesday, citing officials familiar with the matter. officials said details on a court ruling on Wednesday, citing officials familiar with the matter. officials said details on a court ruling on Wednesday, citing officials familiar with the matter. officials said details on a court ruling on Wednesday, citing officials familiar with the matter. officials said details on a court ruling on Wednesday, citing officials familiar with the matter.",worldnews,17-Jun-2025
Officials said update on regional trade agreements,Officials confirmed to officials that regional trade agreements was discussed during a closed-door session on Monday. Officials confirmed to officials that regional trade agreements was discussed during a closed-door session on Monday. Officials confirmed to officials that regional trade agreements was discussed during a closed-door session on Monday. Officials confirmed to officials that regional trade agreements was discussed during a closed-door session on Monday. Officials confirmed to officials that regional trade agreements was discussed during a closed-door session on Monday. Officials confirmed to officials that regional trade agreements was discussed during a closed-door session on Monday.,technology,25-Jan-2025
Ap stated update on election results,"According to AP, election results will be reviewed by lawmakers next month after committee hearings. According to AP, election results will be reviewed by lawmakers next month after committee hearings. According to AP, election results will be reviewed by lawmakers next month after committee hearings. According to AP, election results will be reviewed by lawmakers next month after committee hearings. According to AP, election results will be reviewed by lawmakers next month after committee hearings. According to AP, election results will be reviewed by lawmakers next month after committee hearings.",business,15-Dec-2025
A Government Spokesperson announced update on the annual budget,Officials confirmed to a government spokesperson that the annual budget was discussed during a closed-door session on Monday. Officials confirmed to a government spokesperson that the annual budget was discussed during a closed-door session on Monday. Officials confirmed to a government spokesperson that the annual budget was discussed during a closed-door session on Monday. Officials confirmed to a government spokesperson that the annual budget was discussed during a closed-door session on Monday. Officials confirmed to a government spokesperson that the annual budget was discussed during a closed-door session on Monday. Officials confirmed to a government spokesperson that the annual budget was discussed during a closed-door session on Monday.,health,26-Apr-2025
Ap stated update on election results,"AP stated details on election results on Wednesday, citing officials familiar with the matter. AP stated details on election results on Wednesday, citing officials familiar with the matter. AP stated details on election results on Wednesday, citing officials familiar with the matter. AP stated details on election results on Wednesday, citing officials familiar with the matter. AP stated details on election results on Wednesday, citing officials familiar with the matter. AP stated details on election results on Wednesday, citing officials familiar with the matter.",health,14-Feb-2025
Ap announced update on a scientific research grant,"Data released by AP shows steady progress on a scientific research grant, according to people briefed on the matter. Data released by AP shows steady progress on a scientific research grant, according to people briefed on the matter. Data released by AP shows steady progress on a scientific research grant, according to people briefed on the matter. Data released by AP shows steady progress on a scientific research grant, according to people briefed on the matter. Data released by AP shows steady progress on a scientific research grant, according to people briefed on the matter. Data released by AP shows steady progress on a scientific research grant, according to people briefed on the matter.",politicsNews,21-Mar-2025
A Government Spokesperson released data on update on municipal budget allocations,"a government spokesperson released data on that municipal budget allocations remains on schedule, according to a statement released Tuesday. a government spokesperson released data on that municipal budget allocations remains on schedule, according to a statement released Tuesday. a government spokesperson released data on that municipal budget allocations remains on schedule, according to a statement released Tuesday. a government spokesperson released data on that municipal budget allocations remains on schedule, according to a statement released Tuesday. a government spokesperson released data on that municipal budget allocations remains on schedule, according to a statement released Tuesday. a government spokesperson released data on that municipal budget allocations remains on schedule, according to a statement released Tuesday.",health,23-May-2025
A Government Spokesperson said update on a scientific research grant,"Data released by a government spokesperson shows steady progress on a scientific research grant, according to people briefed on the matter. Data released by a government spokesperson shows steady progress on a scientific research grant, according to people briefed on the matter. Data released by a government spokesperson shows steady progress on a scientific research grant, according to people briefed on the matter. Data released by a government spokesperson shows steady progress on a scientific research grant, according to people briefed on the matter. Data released by a government spokesperson shows steady progress on a scientific research grant, according to people briefed on the matter. Data released by a government spokesperson shows steady progress on a scientific research grant, according to people briefed on the matter.",worldnews,15-Sep-2025
Ap confirmed update on climate policy talks,"In a statement, AP confirmed an update regarding climate policy talks, following weeks of negotiation. In a statement, AP confirmed an update regarding climate policy talks, following weeks of negotiation. In a statement, AP confirmed an update regarding climate policy talks, following weeks of negotiation. In a statement, AP confirmed an update regarding climate policy talks, following weeks of negotiation. In a statement, AP confirmed an update regarding climate policy talks, following weeks of negotiation. In a statement, AP confirmed an update regarding climate policy talks, following weeks of negotiation.",health,24-Mar-2025
Reuters said update on election results,"Reuters said that election results remains on schedule, according to a statement released Tuesday. Reuters said that election results remains on schedule, according to a statement released Tuesday. Reuters said that election results remains on schedule, according to a statement released Tuesday. Reuters said that election results remains on schedule, according to a statement released Tuesday. Reuters said that election results remains on schedule, according to a statement released Tuesday. Reuters said that election results remains on schedule, according to a statement released Tuesday.",health,9-Jan-2025
the Finance Ministry reported update on a new education reform bill,A spokesperson for the finance ministry reported the latest figures on a new education reform bill during a press briefing. A spokesperson for the finance ministry reported the latest figures on a new education reform bill during a press briefing. A spokesperson for the finance ministry reported the latest figures on a new education reform bill during a press briefing. A spokesperson for the finance ministry reported the latest figures on a new education reform bill during a press briefing. A spokesperson for the finance ministry reported the latest figures on a new education reform bill during a press briefing. A spokesperson for the finance ministry reported the latest figures on a new education reform bill during a press briefing.,health,19-Nov-2025
A Government Spokesperson confirmed update on a scientific research grant,"Data released by a government spokesperson shows steady progress on a scientific research grant, according to people briefed on the matter. Data released by a government spokesperson shows steady progress on a scientific research grant, according to people briefed on the matter. Data released by a government spokesperson shows steady progress on a scientific research grant, according to people briefed on the matter. Data released by a government spokesperson shows steady progress on a scientific research grant, according to people briefed on the matter. Data released by a government spokesperson shows steady progress on a scientific research grant, according to people briefed on the matter. Data released by a government spokesperson shows steady progress on a scientific research grant, according to people briefed on the matter.",health,16-Jun-2025
the Finance Ministry stated update on quarterly earnings,"Data released by the finance ministry shows steady progress on quarterly earnings, according to people briefed on the matter. Data released by the finance ministry shows steady progress on quarterly earnings, according to people briefed on the matter. Data released by the finance ministry shows steady progress on quarterly earnings, according to people briefed on the matter. Data released by the finance ministry shows steady progress on quarterly earnings, according to people briefed on the matter. Data released by the finance ministry shows steady progress on quarterly earnings, according to people briefed on the matter. Data released by the finance ministry shows steady progress on quarterly earnings, according to people briefed on the matter.",technology,11-Apr-2025
Ap said update on a diplomatic summit,"According to AP, a diplomatic summit will be reviewed by lawmakers next month after committee hearings. According to AP, a diplomatic summit will be reviewed by lawmakers next month after committee hearings. According to AP, a diplomatic summit will be reviewed by lawmakers next month after committee hearings. According to AP, a diplomatic summit will be reviewed by lawmakers next month after committee hearings. According to AP, a diplomatic summit will be reviewed by lawmakers next month after committee hearings. According to AP, a diplomatic summit will be reviewed by lawmakers next month after committee hearings.",technology,2-Jun-2025
A Government Spokesperson said update on a new education reform bill,"Data released by a government spokesperson shows steady progress on a new education reform bill, according to people briefed on the matter. Data released by a government spokesperson shows steady progress on a new education reform bill, according to people briefed on the matter. Data released by a government spokesperson shows steady progress on a new education reform bill, according to people briefed on the matter. Data released by a government spokesperson shows steady progress on a new education reform bill, according to people briefed on the matter. Data released by a government spokesperson shows steady progress on a new education reform bill, according to people briefed on the matter. Data released by a government spokesperson shows steady progress on a new education reform bill, according to people briefed on the matter.",worldnews,16-Jan-2025
Ap stated update on quarterly earnings,"AP stated that quarterly earnings remains on schedule, according to a statement released Tuesday. AP stated that quarterly earnings remains on schedule, according to a statement released Tuesday. AP stated that quarterly earnings remains on schedule, according to a statement released Tuesday. AP stated that quarterly earnings remains on schedule, according to a statement released Tuesday. AP stated that quarterly earnings remains on schedule, according to a statement released Tuesday. AP stated that quarterly earnings remains on schedule, according to a statement released Tuesday.",politicsNews,28-Aug-2025
Reuters said update on quarterly earnings,"Reuters said details on quarterly earnings on Wednesday, citing officials familiar with the matter. Reuters said details on quarterly earnings on Wednesday, citing officials familiar with the matter. Reuters said details on quarterly earnings on Wednesday, citing officials familiar with the matter. Reuters said details on quarterly earnings on Wednesday, citing officials familiar with the matter. Reuters said details on quarterly earnings on Wednesday, citing officials familiar with the matter. Reuters said details on quarterly earnings on Wednesday, citing officials familiar with the matter.",worldnews,14-Nov-2025
Ap said update on the annual budget,A spokesperson for AP said the latest figures on the annual budget during a press briefing. A spokesperson for AP said the latest figures on the annual budget during a press briefing. A spokesperson for AP said the latest figures on the annual budget during a press briefing. A spokesperson for AP said the latest figures on the annual budget during a press briefing. A spokesperson for AP said the latest figures on the annual budget during a press briefing. A spokesperson for AP said the latest figures on the annual budget during a press briefing.,business,11-Oct-2025
A Government Spokesperson announced update on unemployment figures,A spokesperson for a government spokesperson announced the latest figures on unemployment figures during a press briefing. A spokesperson for a government spokesperson announced the latest figures on unemployment figures during a press briefing. A spokesperson for a government spokesperson announced the latest figures on unemployment figures during a press briefing. A spokesperson for a government spokesperson announced the latest figures on unemployment figures during a press briefing. A spokesperson for a government spokesperson announced the latest figures on unemployment figures during a press briefing. A spokesperson for a government spokesperson announced the latest figures on unemployment figures during a press briefing.,business,28-Nov-2025
Officials reported update on climate policy talks,Officials confirmed to officials that climate policy talks was discussed during a closed-door session on Monday. Officials confirmed to officials that climate policy talks was discussed during a closed-door session on Monday. Officials confirmed to officials that climate policy talks was discussed during a closed-door session on Monday. Officials confirmed to officials that climate policy talks was discussed during a closed-door session on Monday. Officials confirmed to officials that climate policy talks was discussed during a closed-door session on Monday. Officials confirmed to officials that climate policy talks was discussed during a closed-door session on Monday.,technology,28-Sep-2025
Reuters announced update on a diplomatic summit,"According to Reuters, a diplomatic summit will be reviewed by lawmakers next month after committee hearings. According to Reuters, a diplomatic summit will be reviewed by lawmakers next month after committee hearings. According to Reuters, a diplomatic summit will be reviewed by lawmakers next month after committee hearings. According to Reuters, a diplomatic summit will be reviewed by lawmakers next month after committee hearings. According to Reuters, a diplomatic summit will be reviewed by lawmakers next month after committee hearings. According to Reuters, a diplomatic summit will be reviewed by lawmakers next month after committee hearings.",business,8-Dec-2025
Reuters announced update on climate policy talks,A spokesperson for Reuters announced the latest figures on climate policy talks during a press briefing. A spokesperson for Reuters announced the latest figures on climate policy talks during a press briefing. A spokesperson for Reuters announced the latest figures on climate policy talks during a press briefing. A spokesperson for Reuters announced the latest figures on climate policy talks during a press briefing. A spokesperson for Reuters announced the latest figures on climate policy talks during a press briefing. A spokesperson for Reuters announced the latest figures on climate policy talks during a press briefing.,politicsNews,15-Mar-2025
the Finance Ministry announced update on municipal budget allocations,"the finance ministry announced details on municipal budget allocations on Wednesday, citing officials familiar with the matter. the finance ministry announced details on municipal budget allocations on Wednesday, citing officials familiar with the matter. the finance ministry announced details on municipal budget allocations on Wednesday, citing officials familiar with the matter. the finance ministry announced details on municipal budget allocations on Wednesday, citing officials familiar with the matter. the finance ministry announced details on municipal budget allocations on Wednesday, citing officials familiar with the matter. the finance ministry announced details on municipal budget allocations on Wednesday, citing officials familiar with the matter.",business,26-Jan-2025
the Finance Ministry reported update on a public health initiative,"Data released by the finance ministry shows steady progress on a public health initiative, according to people briefed on the matter. Data released by the finance ministry shows steady progress on a public health initiative, according to people briefed on the matter. Data released by the finance ministry shows steady progress on a public health initiative, according to people briefed on the matter. Data released by the finance ministry shows steady progress on a public health initiative, according to people briefed on the matter. Data released by the finance ministry shows steady progress on a public health initiative, according to people briefed on the matter. Data released by the finance ministry shows steady progress on a public health initiative, according to people briefed on the matter.",worldnews,8-Sep-2025
A Government Spokesperson released data on update on a diplomatic summit,A spokesperson for a government spokesperson released data on the latest figures on a diplomatic summit during a press briefing. A spokesperson for a government spokesperson released data on the latest figures on a diplomatic summit during a press briefing. A spokesperson for a government spokesperson released data on the latest figures on a diplomatic summit during a press briefing. A spokesperson for a government spokesperson released data on the latest figures on a diplomatic summit during a press briefing. A spokesperson for a government spokesperson released data on the latest figures on a diplomatic summit during a press briefing. A spokesperson for a government spokesperson released data on the latest figures on a diplomatic summit during a press briefing.,worldnews,6-Mar-2025
Reuters said update on a diplomatic summit,"In a statement, Reuters said an update regarding a diplomatic summit, following weeks of negotiation. In a statement, Reuters said an update regarding a diplomatic summit, following weeks of negotiation. In a statement, Reuters said an update regarding a diplomatic summit, following weeks of negotiation. In a statement, Reuters said an update regarding a diplomatic summit, following weeks of negotiation. In a statement, Reuters said an update regarding a diplomatic summit, following weeks of negotiation. In a statement, Reuters said an update regarding a diplomatic summit, following weeks of negotiation.",worldnews,16-Oct-2025
Ap said update on the central bank's interest rate decision,Officials confirmed to AP that the central bank's interest rate decision was discussed during a closed-door session on Monday. Officials confirmed to AP that the central bank's interest rate decision was discussed during a closed-door session on Monday. Officials confirmed to AP that the central bank's interest rate decision was discussed during a closed-door session on Monday. Officials confirmed to AP that the central bank's interest rate decision was discussed during a closed-door session on Monday. Officials confirmed to AP that the central bank's interest rate decision was discussed during a closed-door session on Monday. Officials confirmed to AP that the central bank's interest rate decision was discussed during a closed-door session on Monday.,business,15-May-2025
Reuters said update on municipal budget allocations,"Reuters said that municipal budget allocations remains on schedule, according to a statement released Tuesday. Reuters said that municipal budget allocations remains on schedule, according to a statement released Tuesday. Reuters said that municipal budget allocations remains on schedule, according to a statement released Tuesday. Reuters said that municipal budget allocations remains on schedule, according to a statement released Tuesday. Reuters said that municipal budget allocations remains on schedule, according to a statement released Tuesday. Reuters said that municipal budget allocations remains on schedule, according to a statement released Tuesday.",health,6-Feb-2025
A Government Spokesperson stated update on a public health initiative,"a government spokesperson stated that a public health initiative remains on schedule, according to a statement released Tuesday. a government spokesperson stated that a public health initiative remains on schedule, according to a statement released Tuesday. a government spokesperson stated that a public health initiative remains on schedule, according to a statement released Tuesday. a government spokesperson stated that a public health initiative remains on schedule, according to a statement released Tuesday. a government spokesperson stated that a public health initiative remains on schedule, according to a statement released Tuesday. a government spokesperson stated that a public health initiative remains on schedule, according to a statement released Tuesday.",technology,23-May-2025
A Government Spokesperson reported update on a scientific research grant,"According to a government spokesperson, a scientific research grant will be reviewed by lawmakers next month after committee hearings. According to a government spokesperson, a scientific research grant will be reviewed by lawmakers next month after committee hearings. According to a government spokesperson, a scientific research grant will be reviewed by lawmakers next month after committee hearings. According to a government spokesperson, a scientific research grant will be reviewed by lawmakers next month after committee hearings. According to a government spokesperson, a scientific research grant will be reviewed by lawmakers next month after committee hearings. According to a government spokesperson, a scientific research grant will be reviewed by lawmakers next month after committee hearings.",technology,28-Aug-2025
Reuters said update on the central bank's interest rate decision,"In a statement, Reuters said an update regarding the central bank's interest rate decision, following weeks of negotiation. In a statement, Reuters said an update regarding the central bank's interest rate decision, following weeks of negotiation. In a statement, Reuters said an update regarding the central bank's interest rate decision, following weeks of negotiation. In a statement, Reuters said an update regarding the central bank's interest rate decision, following weeks of negotiation. In a statement, Reuters said an update regarding the central bank's interest rate decision, following weeks of negotiation. In a statement, Reuters said an update regarding the central bank's interest rate decision, following weeks of negotiation.",business,19-May-2025
the Finance Ministry released data on update on trade negotiations,"Data released by the finance ministry shows steady progress on trade negotiations, according to people briefed on the matter. Data released by the finance ministry shows steady progress on trade negotiations, according to people briefed on the matter. Data released by the finance ministry shows steady progress on trade negotiations, according to people briefed on the matter. Data released by the finance ministry shows steady progress on trade negotiations, according to people briefed on the matter. Data released by the finance ministry shows steady progress on trade negotiations, according to people briefed on the matter. Data released by the finance ministry shows steady progress on trade negotiations, according to people briefed on the matter.",business,1-Oct-2025
Reuters stated update on municipal budget allocations,Officials confirmed to Reuters that municipal budget allocations was discussed during a closed-door session on Monday. Officials confirmed to Reuters that municipal budget allocations was discussed during a closed-door session on Monday. Officials confirmed to Reuters that municipal budget allocations was discussed during a closed-door session on Monday. Officials confirmed to Reuters that municipal budget allocations was discussed during a closed-door session on Monday. Officials confirmed to Reuters that municipal budget allocations was discussed during a closed-door session on Monday. Officials confirmed to Reuters that municipal budget allocations was discussed during a closed-door session on Monday.,technology,27-May-2025
Ap reported update on a diplomatic summit,"According to AP, a diplomatic summit will be reviewed by lawmakers next month after committee hearings. According to AP, a diplomatic summit will be reviewed by lawmakers next month after committee hearings. According to AP, a diplomatic summit will be reviewed by lawmakers next month after committee hearings. According to AP, a diplomatic summit will be reviewed by lawmakers next month after committee hearings. According to AP, a diplomatic summit will be reviewed by lawmakers next month after committee hearings. According to AP, a diplomatic summit will be reviewed by lawmakers next month after committee hearings.",worldnews,20-May-2025
Ap announced update on unemployment figures,Officials confirmed to AP that unemployment figures was discussed during a closed-door session on Monday. Officials confirmed to AP that unemployment figures was discussed during a closed-door session on Monday. Officials confirmed to AP that unemployment figures was discussed during a closed-door session on Monday. Officials confirmed to AP that unemployment figures was discussed during a closed-door session on Monday. Officials confirmed to AP that unemployment figures was discussed during a closed-door session on Monday. Officials confirmed to AP that unemployment figures was discussed during a closed-door session on Monday.,politicsNews,10-Aug-2025
Reuters reported update on a diplomatic summit,Officials confirmed to Reuters that a diplomatic summit was discussed during a closed-door session on Monday. Officials confirmed to Reuters that a diplomatic summit was discussed during a closed-door session on Monday. Officials confirmed to Reuters that a diplomatic summit was discussed during a closed-door session on Monday. Officials confirmed to Reuters that a diplomatic summit was discussed during a closed-door session on Monday. Officials confirmed to Reuters that a diplomatic summit was discussed during a closed-door session on Monday. Officials confirmed to Reuters that a diplomatic summit was discussed during a closed-door session on Monday.,worldnews,3-May-2025
the Finance Ministry said update on a new education reform bill,"According to the finance ministry, a new education reform bill will be reviewed by lawmakers next month after committee hearings. According to the finance ministry, a new education reform bill will be reviewed by lawmakers next month after committee hearings. According to the finance ministry, a new education reform bill will be reviewed by lawmakers next month after committee hearings. According to the finance ministry, a new education reform bill will be reviewed by lawmakers next month after committee hearings. According to the finance ministry, a new education reform bill will be reviewed by lawmakers next month after committee hearings. According to the finance ministry, a new education reform bill will be reviewed by lawmakers next month after committee hearings.",worldnews,5-Sep-2025
the Finance Ministry stated update on quarterly earnings,"the finance ministry stated that quarterly earnings remains on schedule, according to a statement released Tuesday. the finance ministry stated that quarterly earnings remains on schedule, according to a statement released Tuesday. the finance ministry stated that quarterly earnings remains on schedule, according to a statement released Tuesday. the finance ministry stated that quarterly earnings remains on schedule, according to a statement released Tuesday. the finance ministry stated that quarterly earnings remains on schedule, according to a statement released Tuesday. the finance ministry stated that quarterly earnings remains on schedule, according to a statement released Tuesday.",worldnews,9-Aug-2025
the Finance Ministry reported update on a new education reform bill,A spokesperson for the finance ministry reported the latest figures on a new education reform bill during a press briefing. A spokesperson for the finance ministry reported the latest figures on a new education reform bill during a press briefing. A spokesperson for the finance ministry reported the latest figures on a new education reform bill during a press briefing. A spokesperson for the finance ministry reported the latest figures on a new education reform bill during a press briefing. A spokesperson for the finance ministry reported the latest figures on a new education reform bill during a press briefing. A spokesperson for the finance ministry reported the latest figures on a new education reform bill during a press briefing.,politicsNews,15-Feb-2025
Ap confirmed update on regional trade agreements,A spokesperson for AP confirmed the latest figures on regional trade agreements during a press briefing. A spokesperson for AP confirmed the latest figures on regional trade agreements during a press briefing. A spokesperson for AP confirmed the latest figures on regional trade agreements during a press briefing. A spokesperson for AP confirmed the latest figures on regional trade agreements during a press briefing. A spokesperson for AP confirmed the latest figures on regional trade agreements during a press briefing. A spokesperson for AP confirmed the latest figures on regional trade agreements during a press briefing.,technology,28-Sep-2025
the Finance Ministry said update on the annual budget,"the finance ministry said details on the annual budget on Wednesday, citing officials familiar with the matter. the finance ministry said details on the annual budget on Wednesday, citing officials familiar with the matter. the finance ministry said details on the annual budget on Wednesday, citing officials familiar with the matter. the finance ministry said details on the annual budget on Wednesday, citing officials familiar with the matter. the finance ministry said details on the annual budget on Wednesday, citing officials familiar with the matter. the finance ministry said details on the annual budget on Wednesday, citing officials familiar with the matter.",business,18-Feb-2025
A Government Spokesperson released data on update on a public health initiative,Officials confirmed to a government spokesperson that a public health initiative was discussed during a closed-door session on Monday. Officials confirmed to a government spokesperson that a public health initiative was discussed during a closed-door session on Monday. Officials confirmed to a government spokesperson that a public health initiative was discussed during a closed-door session on Monday. Officials confirmed to a government spokesperson that a public health initiative was discussed during a closed-door session on Monday. Officials confirmed to a government spokesperson that a public health initiative was discussed during a closed-door session on Monday. Officials confirmed to a government spokesperson that a public health initiative was discussed during a closed-door session on Monday.,business,19-Jul-2025
the Finance Ministry released data on update on the annual budget,"According to the finance ministry, the annual budget will be reviewed by lawmakers next month after committee hearings. According to the finance ministry, the annual budget will be reviewed by lawmakers next month after committee hearings. According to the finance ministry, the annual budget will be reviewed by lawmakers next month after committee hearings. According to the finance ministry, the annual budget will be reviewed by lawmakers next month after committee hearings. According to the finance ministry, the annual budget will be reviewed by lawmakers next month after committee hearings. According to the finance ministry, the annual budget will be reviewed by lawmakers next month after committee hearings.",technology,1-Oct-2025
Officials stated update on a public health initiative,"According to officials, a public health initiative will be reviewed by lawmakers next month after committee hearings. According to officials, a public health initiative will be reviewed by lawmakers next month after committee hearings. According to officials, a public health initiative will be reviewed by lawmakers next month after committee hearings. According to officials, a public health initiative will be reviewed by lawmakers next month after committee hearings. According to officials, a public health initiative will be reviewed by lawmakers next month after committee hearings. According to officials, a public health initiative will be reviewed by lawmakers next month after committee hearings.",politicsNews,21-Aug-2025
the Finance Ministry said update on unemployment figures,"the finance ministry said details on unemployment figures on Wednesday, citing officials familiar with the matter. the finance ministry said details on unemployment figures on Wednesday, citing officials familiar with the matter. the finance ministry said details on unemployment figures on Wednesday, citing officials familiar with the matter. the finance ministry said details on unemployment figures on Wednesday, citing officials familiar with the matter. the finance ministry said details on unemployment figures on Wednesday, citing officials familiar with the matter. the finance ministry said details on unemployment figures on Wednesday, citing officials familiar with the matter.",worldnews,2-Jan-2025
the Finance Ministry announced update on a court ruling,"the finance ministry announced details on a court ruling on Wednesday, citing officials familiar with the matter. the finance ministry announced details on a court ruling on Wednesday, citing officials familiar with the matter. the finance ministry announced details on a court ruling on Wednesday, citing officials familiar with the matter. the finance ministry announced details on a court ruling on Wednesday, citing officials familiar with the matter. the finance ministry announced details on a court ruling on Wednesday, citing officials familiar with the matter. the finance ministry announced details on a court ruling on Wednesday, citing officials familiar with the matter.",worldnews,18-Mar-2025
A Government Spokesperson reported update on a court ruling,Officials confirmed to a government spokesperson that a court ruling was discussed during a closed-door session on Monday. Officials confirmed to a government spokesperson that a court ruling was discussed during a closed-door session on Monday. Officials confirmed to a government spokesperson that a court ruling was discussed during a closed-door session on Monday. Officials confirmed to a government spokesperson that a court ruling was discussed during a closed-door session on Monday. Officials confirmed to a government spokesperson that a court ruling was discussed during a closed-door session on Monday. Officials confirmed to a government spokesperson that a court ruling was discussed during a closed-door session on Monday.,health,14-Oct-2025
Ap said update on municipal budget allocations,Officials confirmed to AP that municipal budget allocations was discussed during a closed-door session on Monday. Officials confirmed to AP that municipal budget allocations was discussed during a closed-door session on Monday. Officials confirmed to AP that municipal budget allocations was discussed during a closed-door session on Monday. Officials confirmed to AP that municipal budget allocations was discussed during a closed-door session on Monday. Officials confirmed to AP that municipal budget allocations was discussed during a closed-door session on Monday. Officials confirmed to AP that municipal budget allocations was discussed during a closed-door session on Monday.,politicsNews,27-Aug-2025
Officials reported update on climate policy talks,"officials reported details on climate policy talks on Wednesday, citing officials familiar with the matter. officials reported details on climate policy talks on Wednesday, citing officials familiar with the matter. officials reported details on climate policy talks on Wednesday, citing officials familiar with the matter. officials reported details on climate policy talks on Wednesday, citing officials familiar with the matter. officials reported details on climate policy talks on Wednesday, citing officials familiar with the matter. officials reported details on climate policy talks on Wednesday, citing officials familiar with the matter.",business,7-Aug-2025
A Government Spokesperson reported update on the central bank's interest rate decision,"a government spokesperson reported details on the central bank's interest rate decision on Wednesday, citing officials familiar with the matter. a government spokesperson reported details on the central bank's interest rate decision on Wednesday, citing officials familiar with the matter. a government spokesperson reported details on the central bank's interest rate decision on Wednesday, citing officials familiar with the matter. a government spokesperson reported details on the central bank's interest rate decision on Wednesday, citing officials familiar with the matter. a government spokesperson reported details on the central bank's interest rate decision on Wednesday, citing officials familiar with the matter. a government spokesperson reported details on the central bank's interest rate decision on Wednesday, citing officials familiar with the matter.",business,18-Nov-2025
the Finance Ministry said update on trade negotiations,"the finance ministry said that trade negotiations remains on schedule, according to a statement released Tuesday. the finance ministry said that trade negotiations remains on schedule, according to a statement released Tuesday. the finance ministry said that trade negotiations remains on schedule, according to a statement released Tuesday. the finance ministry said that trade negotiations remains on schedule, according to a statement released Tuesday. the finance ministry said that trade negotiations remains on schedule, according to a statement released Tuesday. the finance ministry said that trade negotiations remains on schedule, according to a statement released Tuesday.",worldnews,4-Aug-2025
Reuters confirmed update on unemployment figures,Officials confirmed to Reuters that unemployment figures was discussed during a closed-door session on Monday. Officials confirmed to Reuters that unemployment figures was discussed during a closed-door session on Monday. Officials confirmed to Reuters that unemployment figures was discussed during a closed-door session on Monday. Officials confirmed to Reuters that unemployment figures was discussed during a closed-door session on Monday. Officials confirmed to Reuters that unemployment figures was discussed during a closed-door session on Monday. Officials confirmed to Reuters that unemployment figures was discussed during a closed-door session on Monday.,health,1-Jan-2025
the Finance Ministry confirmed update on the central bank's interest rate decision,A spokesperson for the finance ministry confirmed the latest figures on the central bank's interest rate decision during a press briefing. A spokesperson for the finance ministry confirmed the latest figures on the central bank's interest rate decision during a press briefing. A spokesperson for the finance ministry confirmed the latest figures on the central bank's interest rate decision during a press briefing. A spokesperson for the finance ministry confirmed the latest figures on the central bank's interest rate decision during a press briefing. A spokesperson for the finance ministry confirmed the latest figures on the central bank's interest rate decision during a press briefing. A spokesperson for the finance ministry confirmed the latest figures on the central bank's interest rate decision during a press briefing.,health,7-Feb-2025
Officials stated update on the central bank's interest rate decision,"According to officials, the central bank's interest rate decision will be reviewed by lawmakers next month after committee hearings. According to officials, the central bank's interest rate decision will be reviewed by lawmakers next month after committee hearings. According to officials, the central bank's interest rate decision will be reviewed by lawmakers next month after committee hearings. According to officials, the central bank's interest rate decision will be reviewed by lawmakers next month after committee hearings. According to officials, the central bank's interest rate decision will be reviewed by lawmakers next month after committee hearings. According to officials, the central bank's interest rate decision will be reviewed by lawmakers next month after committee hearings.",worldnews,11-Mar-2025
Officials reported update on trade negotiations,A spokesperson for officials reported the latest figures on trade negotiations during a press briefing. A spokesperson for officials reported the latest figures on trade negotiations during a press briefing. A spokesperson for officials reported the latest figures on trade negotiations during a press briefing. A spokesperson for officials reported the latest figures on trade negotiations during a press briefing. A spokesperson for officials reported the latest figures on trade negotiations during a press briefing. A spokesperson for officials reported the latest figures on trade negotiations during a press briefing.,worldnews,5-Sep-2025
the Finance Ministry confirmed update on regional trade agreements,"the finance ministry confirmed details on regional trade agreements on Wednesday, citing officials familiar with the matter. the finance ministry confirmed details on regional trade agreements on Wednesday, citing officials familiar with the matter. the finance ministry confirmed details on regional trade agreements on Wednesday, citing officials familiar with the matter. the finance ministry confirmed details on regional trade agreements on Wednesday, citing officials familiar with the matter. the finance ministry confirmed details on regional trade agreements on Wednesday, citing officials familiar with the matter. the finance ministry confirmed details on regional trade agreements on Wednesday, citing officials familiar with the matter.",politicsNews,5-Jan-2025
the Finance Ministry confirmed update on regional trade agreements,"In a statement, the finance ministry confirmed an update regarding regional trade agreements, following weeks of negotiation. In a statement, the finance ministry confirmed an update regarding regional trade agreements, following weeks of negotiation. In a statement, the finance ministry confirmed an update regarding regional trade agreements, following weeks of negotiation. In a statement, the finance ministry confirmed an update regarding regional trade agreements, following weeks of negotiation. In a statement, the finance ministry confirmed an update regarding regional trade agreements, following weeks of negotiation. In a statement, the finance ministry confirmed an update regarding regional trade agreements, following weeks of negotiation.",business,1-Mar-2025
the Finance Ministry confirmed update on trade negotiations,Officials confirmed to the finance ministry that trade negotiations was discussed during a closed-door session on Monday. Officials confirmed to the finance ministry that trade negotiations was discussed during a closed-door session on Monday. Officials confirmed to the finance ministry that trade negotiations was discussed during a closed-door session on Monday. Officials confirmed to the finance ministry that trade negotiations was discussed during a closed-door session on Monday. Officials confirmed to the finance ministry that trade negotiations was discussed during a closed-door session on Monday. Officials confirmed to the finance ministry that trade negotiations was discussed during a closed-door session on Monday.,technology,17-Feb-2025
Reuters said update on a court ruling,A spokesperson for Reuters said the latest figures on a court ruling during a press briefing. A spokesperson for Reuters said the latest figures on a court ruling during a press briefing. A spokesperson for Reuters said the latest figures on a court ruling during a press briefing. A spokesperson for Reuters said the latest figures on a court ruling during a press briefing. A spokesperson for Reuters said the latest figures on a court ruling during a press briefing. A spokesperson for Reuters said the latest figures on a court ruling during a press briefing.,business,17-Oct-2025
Reuters stated update on a court ruling,"According to Reuters, a court ruling will be reviewed by lawmakers next month after committee hearings. According to Reuters, a court ruling will be reviewed by lawmakers next month after committee hearings. According to Reuters, a court ruling will be reviewed by lawmakers next month after committee hearings. According to Reuters, a court ruling will be reviewed by lawmakers next month after committee hearings. According to Reuters, a court ruling will be reviewed by lawmakers next month after committee hearings. According to Reuters, a court ruling will be reviewed by lawmakers next month after committee hearings.",health,2-Dec-2025
Officials said update on election results,Officials confirmed to officials that election results was discussed during a closed-door session on Monday. Officials confirmed to officials that election results was discussed during a closed-door session on Monday. Officials confirmed to officials that election results was discussed during a closed-door session on Monday. Officials confirmed to officials that election results was discussed during a closed-door session on Monday. Officials confirmed to officials that election results was discussed during a closed-door session on Monday. Officials confirmed to officials that election results was discussed during a closed-door session on Monday.,politicsNews,2-Aug-2025
A Government Spokesperson released data on update on climate policy talks,"a government spokesperson released data on details on climate policy talks on Wednesday, citing officials familiar with the matter. a government spokesperson released data on details on climate policy talks on Wednesday, citing officials familiar with the matter. a government spokesperson released data on details on climate policy talks on Wednesday, citing officials familiar with the matter. a government spokesperson released data on details on climate policy talks on Wednesday, citing officials familiar with the matter. a government spokesperson released data on details on climate policy talks on Wednesday, citing officials familiar with the matter. a government spokesperson released data on details on climate policy talks on Wednesday, citing officials familiar with the matter.",technology,23-Aug-2025
Reuters announced update on municipal budget allocations,"Reuters announced that municipal budget allocations remains on schedule, according to a statement released Tuesday. Reuters announced that municipal budget allocations remains on schedule, according to a statement released Tuesday. Reuters announced that municipal budget allocations remains on schedule, according to a statement released Tuesday. Reuters announced that municipal budget allocations remains on schedule, according to a statement released Tuesday. Reuters announced that municipal budget allocations remains on schedule, according to a statement released Tuesday. Reuters announced that municipal budget allocations remains on schedule, according to a statement released Tuesday.",health,5-Feb-2025
Ap stated update on election results,Officials confirmed to AP that election results was discussed during a closed-door session on Monday. Officials confirmed to AP that election results was discussed during a closed-door session on Monday. Officials confirmed to AP that election results was discussed during a closed-door session on Monday. Officials confirmed to AP that election results was discussed during a closed-door session on Monday. Officials confirmed to AP that election results was discussed during a closed-door session on Monday. Officials confirmed to AP that election results was discussed during a closed-door session on Monday.,health,18-Dec-2025
the Finance Ministry stated update on climate policy talks,"In a statement, the finance ministry stated an update regarding climate policy talks, following weeks of negotiation. In a statement, the finance ministry stated an update regarding climate policy talks, following weeks of negotiation. In a statement, the finance ministry stated an update regarding climate policy talks, following weeks of negotiation. In a statement, the finance ministry stated an update regarding climate policy talks, following weeks of negotiation. In a statement, the finance ministry stated an update regarding climate policy talks, following weeks of negotiation. In a statement, the finance ministry stated an update regarding climate policy talks, following weeks of negotiation.",business,15-Sep-2025
Officials announced update on climate policy talks,A spokesperson for officials announced the latest figures on climate policy talks during a press briefing. A spokesperson for officials announced the latest figures on climate policy talks during a press briefing. A spokesperson for officials announced the latest figures on climate policy talks during a press briefing. A spokesperson for officials announced the latest figures on climate policy talks during a press briefing. A spokesperson for officials announced the latest figures on climate policy talks during a press briefing. A spokesperson for officials announced the latest figures on climate policy talks during a press briefing.,politicsNews,28-Nov-2025
Officials confirmed update on a new education reform bill,"Data released by officials shows steady progress on a new education reform bill, according to people briefed on the matter. Data released by officials shows steady progress on a new education reform bill, according to people briefed on the matter. Data released by officials shows steady progress on a new education reform bill, according to people briefed on the matter. Data released by officials shows steady progress on a new education reform bill, according to people briefed on the matter. Data released by officials shows steady progress on a new education reform bill, according to people briefed on the matter. Data released by officials shows steady progress on a new education reform bill, according to people briefed on the matter.",technology,8-Jul-2025
the Finance Ministry said update on a scientific research grant,"Data released by the finance ministry shows steady progress on a scientific research grant, according to people briefed on the matter. Data released by the finance ministry shows steady progress on a scientific research grant, according to people briefed on the matter. Data released by the finance ministry shows steady progress on a scientific research grant, according to people briefed on the matter. Data released by the finance ministry shows steady progress on a scientific research grant, according to people briefed on the matter. Data released by the finance ministry shows steady progress on a scientific research grant, according to people briefed on the matter. Data released by the finance ministry shows steady progress on a scientific research grant, according to people briefed on the matter.",technology,24-Feb-2025
the Finance Ministry reported update on climate policy talks,Officials confirmed to the finance ministry that climate policy talks was discussed during a closed-door session on Monday. Officials confirmed to the finance ministry that climate policy talks was discussed during a closed-door session on Monday. Officials confirmed to the finance ministry that climate policy talks was discussed during a closed-door session on Monday. Officials confirmed to the finance ministry that climate policy talks was discussed during a closed-door session on Monday. Officials confirmed to the finance ministry that climate policy talks was discussed during a closed-door session on Monday. Officials confirmed to the finance ministry that climate policy talks was discussed during a closed-door session on Monday.,business,12-Mar-2025
A Government Spokesperson announced update on the annual budget,A spokesperson for a government spokesperson announced the latest figures on the annual budget during a press briefing. A spokesperson for a government spokesperson announced the latest figures on the annual budget during a press briefing. A spokesperson for a government spokesperson announced the latest figures on the annual budget during a press briefing. A spokesperson for a government spokesperson announced the latest figures on the annual budget during a press briefing. A spokesperson for a government spokesperson announced the latest figures on the annual budget during a press briefing. A spokesperson for a government spokesperson announced the latest figures on the annual budget during a press briefing.,politicsNews,3-Jul-2025
Reuters released data on update on a new education reform bill,"Reuters released data on that a new education reform bill remains on schedule, according to a statement released Tuesday. Reuters released data on that a new education reform bill remains on schedule, according to a statement released Tuesday. Reuters released data on that a new education reform bill remains on schedule, according to a statement released Tuesday. Reuters released data on that a new education reform bill remains on schedule, according to a statement released Tuesday. Reuters released data on that a new education reform bill remains on schedule, according to a statement released Tuesday. Reuters released data on that a new education reform bill remains on schedule, according to a statement released Tuesday.",worldnews,18-Jan-2025
Officials stated update on quarterly earnings,"officials stated that quarterly earnings remains on schedule, according to a statement released Tuesday. officials stated that quarterly earnings remains on schedule, according to a statement released Tuesday. officials stated that quarterly earnings remains on schedule, according to a statement released Tuesday. officials stated that quarterly earnings remains on schedule, according to a statement released Tuesday. officials stated that quarterly earnings remains on schedule, according to a statement released Tuesday. officials stated that quarterly earnings remains on schedule, according to a statement released Tuesday.",politicsNews,14-Jun-2025
A Government Spokesperson released data on update on a scientific research grant,"a government spokesperson released data on details on a scientific research grant on Wednesday, citing officials familiar with the matter. a government spokesperson released data on details on a scientific research grant on Wednesday, citing officials familiar with the matter. a government spokesperson released data on details on a scientific research grant on Wednesday, citing officials familiar with the matter. a government spokesperson released data on details on a scientific research grant on Wednesday, citing officials familiar with the matter. a government spokesperson released data on details on a scientific research grant on Wednesday, citing officials familiar with the matter. a government spokesperson released data on details on a scientific research grant on Wednesday, citing officials familiar with the matter.",business,20-May-2025
the Finance Ministry stated update on the annual budget,"In a statement, the finance ministry stated an update regarding the annual budget, following weeks of negotiation. In a statement, the finance ministry stated an update regarding the annual budget, following weeks of negotiation. In a statement, the finance ministry stated an update regarding the annual budget, following weeks of negotiation. In a statement, the finance ministry stated an update regarding the annual budget, following weeks of negotiation. In a statement, the finance ministry stated an update regarding the annual budget, following weeks of negotiation. In a statement, the finance ministry stated an update regarding the annual budget, following weeks of negotiation.",worldnews,5-Nov-2025
A Government Spokesperson announced update on the central bank's interest rate decision,"a government spokesperson announced that the central bank's interest rate decision remains on schedule, according to a statement released Tuesday. a government spokesperson announced that the central bank's interest rate decision remains on schedule, according to a statement released Tuesday. a government spokesperson announced that the central bank's interest rate decision remains on schedule, according to a statement released Tuesday. a government spokesperson announced that the central bank's interest rate decision remains on schedule, according to a statement released Tuesday. a government spokesperson announced that the central bank's interest rate decision remains on schedule, according to a statement released Tuesday. a government spokesperson announced that the central bank's interest rate decision remains on schedule, according to a statement released Tuesday.",health,12-Feb-2025
the Finance Ministry confirmed update on a diplomatic summit,A spokesperson for the finance ministry confirmed the latest figures on a diplomatic summit during a press briefing. A spokesperson for the finance ministry confirmed the latest figures on a diplomatic summit during a press briefing. A spokesperson for the finance ministry confirmed the latest figures on a diplomatic summit during a press briefing. A spokesperson for the finance ministry confirmed the latest figures on a diplomatic summit during a press briefing. A spokesperson for the finance ministry confirmed the latest figures on a diplomatic summit during a press briefing. A spokesperson for the finance ministry confirmed the latest figures on a diplomatic summit during a press briefing.,technology,28-Sep-2025
Officials released data on update on a diplomatic summit,Officials confirmed to officials that a diplomatic summit was discussed during a closed-door session on Monday. Officials confirmed to officials that a diplomatic summit was discussed during a closed-door session on Monday. Officials confirmed to officials that a diplomatic summit was discussed during a closed-door session on Monday. Officials confirmed to officials that a diplomatic summit was discussed during a closed-door session on Monday. Officials confirmed to officials that a diplomatic summit was discussed during a closed-door session on Monday. Officials confirmed to officials that a diplomatic summit was discussed during a closed-door session on Monday.,health,1-Oct-2025
the Finance Ministry confirmed update on trade negotiations,"the finance ministry confirmed that trade negotiations remains on schedule, according to a statement released Tuesday. the finance ministry confirmed that trade negotiations remains on schedule, according to a statement released Tuesday. the finance ministry confirmed that trade negotiations remains on schedule, according to a statement released Tuesday. the finance ministry confirmed that trade negotiations remains on schedule, according to a statement released Tuesday. the finance ministry confirmed that trade negotiations remains on schedule, according to a statement released Tuesday. the finance ministry confirmed that trade negotiations remains on schedule, according to a statement released Tuesday.",business,11-Jun-2025
Reuters confirmed update on a new infrastructure bill,"In a statement, Reuters confirmed an update regarding a new infrastructure bill, following weeks of negotiation. In a statement, Reuters confirmed an update regarding a new infrastructure bill, following weeks of negotiation. In a statement, Reuters confirmed an update regarding a new infrastructure bill, following weeks of negotiation. In a statement, Reuters confirmed an update regarding a new infrastructure bill, following weeks of negotiation. In a statement, Reuters confirmed an update regarding a new infrastructure bill, following weeks of negotiation. In a statement, Reuters confirmed an update regarding a new infrastructure bill, following weeks of negotiation.",technology,3-Mar-2025
Reuters released data on update on the annual budget,"In a statement, Reuters released data on an update regarding the annual budget, following weeks of negotiation. In a statement, Reuters released data on an update regarding the annual budget, following weeks of negotiation. In a statement, Reuters released data on an update regarding the annual budget, following weeks of negotiation. In a statement, Reuters released data on an update regarding the annual budget, following weeks of negotiation. In a statement, Reuters released data on an update regarding the annual budget, following weeks of negotiation. In a statement, Reuters released data on an update regarding the annual budget, following weeks of negotiation.",worldnews,13-Jul-2025
A Government Spokesperson confirmed update on a public health initiative,"a government spokesperson confirmed that a public health initiative remains on schedule, according to a statement released Tuesday. a government spokesperson confirmed that a public health initiative remains on schedule, according to a statement released Tuesday. a government spokesperson confirmed that a public health initiative remains on schedule, according to a statement released Tuesday. a government spokesperson confirmed that a public health initiative remains on schedule, according to a statement released Tuesday. a government spokesperson confirmed that a public health initiative remains on schedule, according to a statement released Tuesday. a government spokesperson confirmed that a public health initiative remains on schedule, according to a statement released Tuesday.",business,24-Jun-2025
Officials announced update on a diplomatic summit,"officials announced details on a diplomatic summit on Wednesday, citing officials familiar with the matter. officials announced details on a diplomatic summit on Wednesday, citing officials familiar with the matter. officials announced details on a diplomatic summit on Wednesday, citing officials familiar with the matter. officials announced details on a diplomatic summit on Wednesday, citing officials familiar with the matter. officials announced details on a diplomatic summit on Wednesday, citing officials familiar with the matter. officials announced details on a diplomatic summit on Wednesday, citing officials familiar with the matter.",worldnews,6-Oct-2025
Reuters announced update on unemployment figures,"Reuters announced that unemployment figures remains on schedule, according to a statement released Tuesday. Reuters announced that unemployment figures remains on schedule, according to a statement released Tuesday. Reuters announced that unemployment figures remains on schedule, according to a statement released Tuesday. Reuters announced that unemployment figures remains on schedule, according to a statement released Tuesday. Reuters announced that unemployment figures remains on schedule, according to a statement released Tuesday. Reuters announced that unemployment figures remains on schedule, according to a statement released Tuesday.",technology,22-Jul-2025
A Government Spokesperson said update on a diplomatic summit,"Data released by a government spokesperson shows steady progress on a diplomatic summit, according to people briefed on the matter. Data released by a government spokesperson shows steady progress on a diplomatic summit, according to people briefed on the matter. Data released by a government spokesperson shows steady progress on a diplomatic summit, according to people briefed on the matter. Data released by a government spokesperson shows steady progress on a diplomatic summit, according to people briefed on the matter. Data released by a government spokesperson shows steady progress on a diplomatic summit, according to people briefed on the matter. Data released by a government spokesperson shows steady progress on a diplomatic summit, according to people briefed on the matter.",business,7-Sep-2025
Reuters said update on a public health initiative,"Reuters said details on a public health initiative on Wednesday, citing officials familiar with the matter. Reuters said details on a public health initiative on Wednesday, citing officials familiar with the matter. Reuters said details on a public health initiative on Wednesday, citing officials familiar with the matter. Reuters said details on a public health initiative on Wednesday, citing officials familiar with the matter. Reuters said details on a public health initiative on Wednesday, citing officials familiar with the matter. Reuters said details on a public health initiative on Wednesday, citing officials familiar with the matter.",business,22-Nov-2025
Officials stated update on a court ruling,Officials confirmed to officials that a court ruling was discussed during a closed-door session on Monday. Officials confirmed to officials that a court ruling was discussed during a closed-door session on Monday. Officials confirmed to officials that a court ruling was discussed during a closed-door session on Monday. Officials confirmed to officials that a court ruling was discussed during a closed-door session on Monday. Officials confirmed to officials that a court ruling was discussed during a closed-door session on Monday. Officials confirmed to officials that a court ruling was discussed during a closed-door session on Monday.,business,2-Apr-2025
A Government Spokesperson announced update on a diplomatic summit,"a government spokesperson announced details on a diplomatic summit on Wednesday, citing officials familiar with the matter. a government spokesperson announced details on a diplomatic summit on Wednesday, citing officials familiar with the matter. a government spokesperson announced details on a diplomatic summit on Wednesday, citing officials familiar with the matter. a government spokesperson announced details on a diplomatic summit on Wednesday, citing officials familiar with the matter. a government spokesperson announced details on a diplomatic summit on Wednesday, citing officials familiar with the matter. a government spokesperson announced details on a diplomatic summit on Wednesday, citing officials familiar with the matter.",worldnews,10-Apr-2025
Ap reported update on regional trade agreements,"AP reported that regional trade agreements remains on schedule, according to a statement released Tuesday. AP reported that regional trade agreements remains on schedule, according to a statement released Tuesday. AP reported that regional trade agreements remains on schedule, according to a statement released Tuesday. AP reported that regional trade agreements remains on schedule, according to a statement released Tuesday. AP reported that regional trade agreements remains on schedule, according to a statement released Tuesday. AP reported that regional trade agreements remains on schedule, according to a statement released Tuesday.",business,4-Jan-2025
A Government Spokesperson said update on a new education reform bill,"According to a government spokesperson, a new education reform bill will be reviewed by lawmakers next month after committee hearings. According to a government spokesperson, a new education reform bill will be reviewed by lawmakers next month after committee hearings. According to a government spokesperson, a new education reform bill will be reviewed by lawmakers next month after committee hearings. According to a government spokesperson, a new education reform bill will be reviewed by lawmakers next month after committee hearings. According to a government spokesperson, a new education reform bill will be reviewed by lawmakers next month after committee hearings. According to a government spokesperson, a new education reform bill will be reviewed by lawmakers next month after committee hearings.",worldnews,13-Sep-2025
Ap stated update on quarterly earnings,A spokesperson for AP stated the latest figures on quarterly earnings during a press briefing. A spokesperson for AP stated the latest figures on quarterly earnings during a press briefing. A spokesperson for AP stated the latest figures on quarterly earnings during a press briefing. A spokesperson for AP stated the latest figures on quarterly earnings during a press briefing. A spokesperson for AP stated the latest figures on quarterly earnings during a press briefing. A spokesperson for AP stated the latest figures on quarterly earnings during a press briefing.,business,3-Jul-2025
Reuters announced update on climate policy talks,"Data released by Reuters shows steady progress on climate policy talks, according to people briefed on the matter. Data released by Reuters shows steady progress on climate policy talks, according to people briefed on the matter. Data released by Reuters shows steady progress on climate policy talks, according to people briefed on the matter. Data released by Reuters shows steady progress on climate policy talks, according to people briefed on the matter. Data released by Reuters shows steady progress on climate policy talks, according to people briefed on the matter. Data released by Reuters shows steady progress on climate policy talks, according to people briefed on the matter.",politicsNews,28-Jun-2025
Officials stated update on climate policy talks,"Data released by officials shows steady progress on climate policy talks, according to people briefed on the matter. Data released by officials shows steady progress on climate policy talks, according to people briefed on the matter. Data released by officials shows steady progress on climate policy talks, according to people briefed on the matter. Data released by officials shows steady progress on climate policy talks, according to people briefed on the matter. Data released by officials shows steady progress on climate policy talks, according to people briefed on the matter. Data released by officials shows steady progress on climate policy talks, according to people briefed on the matter.",technology,10-Feb-2025
A Government Spokesperson reported update on trade negotiations,"According to a government spokesperson, trade negotiations will be reviewed by lawmakers next month after committee hearings. According to a government spokesperson, trade negotiations will be reviewed by lawmakers next month after committee hearings. According to a government spokesperson, trade negotiations will be reviewed by lawmakers next month after committee hearings. According to a government spokesperson, trade negotiations will be reviewed by lawmakers next month after committee hearings. According to a government spokesperson, trade negotiations will be reviewed by lawmakers next month after committee hearings. According to a government spokesperson, trade negotiations will be reviewed by lawmakers next month after committee hearings.",health,15-Dec-2025
the Finance Ministry said update on the annual budget,A spokesperson for the finance ministry said the latest figures on the annual budget during a press briefing. A spokesperson for the finance ministry said the latest figures on the annual budget during a press briefing. A spokesperson for the finance ministry said the latest figures on the annual budget during a press briefing. A spokesperson for the finance ministry said the latest figures on the annual budget during a press briefing. A spokesperson for the finance ministry said the latest figures on the annual budget during a press briefing. A spokesperson for the finance ministry said the latest figures on the annual budget during a press briefing.,politicsNews,8-Jul-2025
Officials stated update on climate policy talks,"officials stated details on climate policy talks on Wednesday, citing officials familiar with the matter. officials stated details on climate policy talks on Wednesday, citing officials familiar with the matter. officials stated details on climate policy talks on Wednesday, citing officials familiar with the matter. officials stated details on climate policy talks on Wednesday, citing officials familiar with the matter. officials stated details on climate policy talks on Wednesday, citing officials familiar with the matter. officials stated details on climate policy talks on Wednesday, citing officials familiar with the matter.",technology,28-May-2025
the Finance Ministry reported update on the central bank's interest rate decision,A spokesperson for the finance ministry reported the latest figures on the central bank's interest rate decision during a press briefing. A spokesperson for the finance ministry reported the latest figures on the central bank's interest rate decision during a press briefing. A spokesperson for the finance ministry reported the latest figures on the central bank's interest rate decision during a press briefing. A spokesperson for the finance ministry reported the latest figures on the central bank's interest rate decision during a press briefing. A spokesperson for the finance ministry reported the latest figures on the central bank's interest rate decision during a press briefing. A spokesperson for the finance ministry reported the latest figures on the central bank's interest rate decision during a press briefing.,worldnews,3-Sep-2025
Reuters stated update on quarterly earnings,"According to Reuters, quarterly earnings will be reviewed by lawmakers next month after committee hearings. According to Reuters, quarterly earnings will be reviewed by lawmakers next month after committee hearings. According to Reuters, quarterly earnings will be reviewed by lawmakers next month after committee hearings. According to Reuters, quarterly earnings will be reviewed by lawmakers next month after committee hearings. According to Reuters, quarterly earnings will be reviewed by lawmakers next month after committee hearings. According to Reuters, quarterly earnings will be reviewed by lawmakers next month after committee hearings.",business,12-Dec-2025
Ap announced update on the central bank's interest rate decision,"According to AP, the central bank's interest rate decision will be reviewed by lawmakers next month after committee hearings. According to AP, the central bank's interest rate decision will be reviewed by lawmakers next month after committee hearings. According to AP, the central bank's interest rate decision will be reviewed by lawmakers next month after committee hearings. According to AP, the central bank's interest rate decision will be reviewed by lawmakers next month after committee hearings. According to AP, the central bank's interest rate decision will be reviewed by lawmakers next month after committee hearings. According to AP, the central bank's interest rate decision will be reviewed by lawmakers next month after committee hearings.",business,7-Mar-2025
Officials released data on update on a new infrastructure bill,"officials released data on details on a new infrastructure bill on Wednesday, citing officials familiar with the matter. officials released data on details on a new infrastructure bill on Wednesday, citing officials familiar with the matter. officials released data on details on a new infrastructure bill on Wednesday, citing officials familiar with the matter. officials released data on details on a new infrastructure bill on Wednesday, citing officials familiar with the matter. officials released data on details on a new infrastructure bill on Wednesday, citing officials familiar with the matter. officials released data on details on a new infrastructure bill on Wednesday, citing officials familiar with the matter.",worldnews,25-Nov-2025
A Government Spokesperson stated update on a court ruling,A spokesperson for a government spokesperson stated the latest figures on a court ruling during a press briefing. A spokesperson for a government spokesperson stated the latest figures on a court ruling during a press briefing. A spokesperson for a government spokesperson stated the latest figures on a court ruling during a press briefing. A spokesperson for a government spokesperson stated the latest figures on a court ruling during a press briefing. A spokesperson for a government spokesperson stated the latest figures on a court ruling during a press briefing. A spokesperson for a government spokesperson stated the latest figures on a court ruling during a press briefing.,health,15-Nov-2025
Officials released data on update on unemployment figures,"In a statement, officials released data on an update regarding unemployment figures, following weeks of negotiation. In a statement, officials released data on an update regarding unemployment figures, following weeks of negotiation. In a statement, officials released data on an update regarding unemployment figures, following weeks of negotiation. In a statement, officials released data on an update regarding unemployment figures, following weeks of negotiation. In a statement, officials released data on an update regarding unemployment figures, following weeks of negotiation. In a statement, officials released data on an update regarding unemployment figures, following weeks of negotiation.",business,28-Nov-2025
the Finance Ministry said update on a new infrastructure bill,"the finance ministry said details on a new infrastructure bill on Wednesday, citing officials familiar with the matter. the finance ministry said details on a new infrastructure bill on Wednesday, citing officials familiar with the matter. the finance ministry said details on a new infrastructure bill on Wednesday, citing officials familiar with the matter. the finance ministry said details on a new infrastructure bill on Wednesday, citing officials familiar with the matter. the finance ministry said details on a new infrastructure bill on Wednesday, citing officials familiar with the matter. the finance ministry said details on a new infrastructure bill on Wednesday, citing officials familiar with the matter.",technology,15-Nov-2025
the Finance Ministry reported update on regional trade agreements,"In a statement, the finance ministry reported an update regarding regional trade agreements, following weeks of negotiation. In a statement, the finance ministry reported an update regarding regional trade agreements, following weeks of negotiation. In a statement, the finance ministry reported an update regarding regional trade agreements, following weeks of negotiation. In a statement, the finance ministry reported an update regarding regional trade agreements, following weeks of negotiation. In a statement, the finance ministry reported an update regarding regional trade agreements, following weeks of negotiation. In a statement, the finance ministry reported an update regarding regional trade agreements, following weeks of negotiation.",politicsNews,12-Sep-2025
Reuters said update on election results,"Data released by Reuters shows steady progress on election results, according to people briefed on the matter. Data released by Reuters shows steady progress on election results, according to people briefed on the matter. Data released by Reuters shows steady progress on election results, according to people briefed on the matter. Data released by Reuters shows steady progress on election results, according to people briefed on the matter. Data released by Reuters shows steady progress on election results, according to people briefed on the matter. Data released by Reuters shows steady progress on election results, according to people briefed on the matter.",politicsNews,2-Jun-2025
the Finance Ministry released data on update on the annual budget,A spokesperson for the finance ministry released data on the latest figures on the annual budget during a press briefing. A spokesperson for the finance ministry released data on the latest figures on the annual budget during a press briefing. A spokesperson for the finance ministry released data on the latest figures on the annual budget during a press briefing. A spokesperson for the finance ministry released data on the latest figures on the annual budget during a press briefing. A spokesperson for the finance ministry released data on the latest figures on the annual budget during a press briefing. A spokesperson for the finance ministry released data on the latest figures on the annual budget during a press briefing.,politicsNews,20-Oct-2025
Officials said update on climate policy talks,"In a statement, officials said an update regarding climate policy talks, following weeks of negotiation. In a statement, officials said an update regarding climate policy talks, following weeks of negotiation. In a statement, officials said an update regarding climate policy talks, following weeks of negotiation. In a statement, officials said an update regarding climate policy talks, following weeks of negotiation. In a statement, officials said an update regarding climate policy talks, following weeks of negotiation. In a statement, officials said an update regarding climate policy talks, following weeks of negotiation.",health,26-Dec-2025
Reuters stated update on a court ruling,Officials confirmed to Reuters that a court ruling was discussed during a closed-door session on Monday. Officials confirmed to Reuters that a court ruling was discussed during a closed-door session on Monday. Officials confirmed to Reuters that a court ruling was discussed during a closed-door session on Monday. Officials confirmed to Reuters that a court ruling was discussed during a closed-door session on Monday. Officials confirmed to Reuters that a court ruling was discussed during a closed-door session on Monday. Officials confirmed to Reuters that a court ruling was discussed during a closed-door session on Monday.,worldnews,11-Oct-2025
A Government Spokesperson confirmed update on quarterly earnings,"a government spokesperson confirmed details on quarterly earnings on Wednesday, citing officials familiar with the matter. a government spokesperson confirmed details on quarterly earnings on Wednesday, citing officials familiar with the matter. a government spokesperson confirmed details on quarterly earnings on Wednesday, citing officials familiar with the matter. a government spokesperson confirmed details on quarterly earnings on Wednesday, citing officials familiar with the matter. a government spokesperson confirmed details on quarterly earnings on Wednesday, citing officials familiar with the matter. a government spokesperson confirmed details on quarterly earnings on Wednesday, citing officials familiar with the matter.",technology,4-Jun-2025
Reuters released data on update on quarterly earnings,"According to Reuters, quarterly earnings will be reviewed by lawmakers next month after committee hearings. According to Reuters, quarterly earnings will be reviewed by lawmakers next month after committee hearings. According to Reuters, quarterly earnings will be reviewed by lawmakers next month after committee hearings. According to Reuters, quarterly earnings will be reviewed by lawmakers next month after committee hearings. According to Reuters, quarterly earnings will be reviewed by lawmakers next month after committee hearings. According to Reuters, quarterly earnings will be reviewed by lawmakers next month after committee hearings.",politicsNews,8-Dec-2025
A Government Spokesperson stated update on a court ruling,"In a statement, a government spokesperson stated an update regarding a court ruling, following weeks of negotiation. In a statement, a government spokesperson stated an update regarding a court ruling, following weeks of negotiation. In a statement, a government spokesperson stated an update regarding a court ruling, following weeks of negotiation. In a statement, a government spokesperson stated an update regarding a court ruling, following weeks of negotiation. In a statement, a government spokesperson stated an update regarding a court ruling, following weeks of negotiation. In a statement, a government spokesperson stated an update regarding a court ruling, following weeks of negotiation.",health,6-Jun-2025
the Finance Ministry reported update on municipal budget allocations,"Data released by the finance ministry shows steady progress on municipal budget allocations, according to people briefed on the matter. Data released by the finance ministry shows steady progress on municipal budget allocations, according to people briefed on the matter. Data released by the finance ministry shows steady progress on municipal budget allocations, according to people briefed on the matter. Data released by the finance ministry shows steady progress on municipal budget allocations, according to people briefed on the matter. Data released by the finance ministry shows steady progress on municipal budget allocations, according to people briefed on the matter. Data released by the finance ministry shows steady progress on municipal budget allocations, according to people briefed on the matter.",technology,25-Jun-2025
Officials released data on update on trade negotiations,Officials confirmed to officials that trade negotiations was discussed during a closed-door session on Monday. Officials confirmed to officials that trade negotiations was discussed during a closed-door session on Monday. Officials confirmed to officials that trade negotiations was discussed during a closed-door session on Monday. Officials confirmed to officials that trade negotiations was discussed during a closed-door session on Monday. Officials confirmed to officials that trade negotiations was discussed during a closed-door session on Monday. Officials confirmed to officials that trade negotiations was discussed during a closed-door session on Monday.,business,3-Jun-2025
Reuters released data on update on quarterly earnings,"Data released by Reuters shows steady progress on quarterly earnings, according to people briefed on the matter. Data released by Reuters shows steady progress on quarterly earnings, according to people briefed on the matter. Data released by Reuters shows steady progress on quarterly earnings, according to people briefed on the matter. Data released by Reuters shows steady progress on quarterly earnings, according to people briefed on the matter. Data released by Reuters shows steady progress on quarterly earnings, according to people briefed on the matter. Data released by Reuters shows steady progress on quarterly earnings, according to people briefed on the matter.",business,9-Dec-2025
Officials confirmed update on a scientific research grant,"officials confirmed that a scientific research grant remains on schedule, according to a statement released Tuesday. officials confirmed that a scientific research grant remains on schedule, according to a statement released Tuesday. officials confirmed that a scientific research grant remains on schedule, according to a statement released Tuesday. officials confirmed that a scientific research grant remains on schedule, according to a statement released Tuesday. officials confirmed that a scientific research grant remains on schedule, according to a statement released Tuesday. officials confirmed that a scientific research grant remains on schedule, according to a statement released Tuesday.",politicsNews,19-Nov-2025
Ap reported update on municipal budget allocations,"AP reported that municipal budget allocations remains on schedule, according to a statement released Tuesday. AP reported that municipal budget allocations remains on schedule, according to a statement released Tuesday. AP reported that municipal budget allocations remains on schedule, according to a statement released Tuesday. AP reported that municipal budget allocations remains on schedule, according to a statement released Tuesday. AP reported that municipal budget allocations remains on schedule, according to a statement released Tuesday. AP reported that municipal budget allocations remains on schedule, according to a statement released Tuesday.",technology,5-Oct-2025
Reuters stated update on election results,"Data released by Reuters shows steady progress on election results, according to people briefed on the matter. Data released by Reuters shows steady progress on election results, according to people briefed on the matter. Data released by Reuters shows steady progress on election results, according to people briefed on the matter. Data released by Reuters shows steady progress on election results, according to people briefed on the matter. Data released by Reuters shows steady progress on election results, according to people briefed on the matter. Data released by Reuters shows steady progress on election results, according to people briefed on the matter.",business,27-Mar-2025
Officials released data on update on the annual budget,Officials confirmed to officials that the annual budget was discussed during a closed-door session on Monday. Officials confirmed to officials that the annual budget was discussed during a closed-door session on Monday. Officials confirmed to officials that the annual budget was discussed during a closed-door session on Monday. Officials confirmed to officials that the annual budget was discussed during a closed-door session on Monday. Officials confirmed to officials that the annual budget was discussed during a closed-door session on Monday. Officials confirmed to officials that the annual budget was discussed during a closed-door session on Monday.,technology,17-Jun-2025
Reuters reported update on a public health initiative,"According to Reuters, a public health initiative will be reviewed by lawmakers next month after committee hearings. According to Reuters, a public health initiative will be reviewed by lawmakers next month after committee hearings. According to Reuters, a public health initiative will be reviewed by lawmakers next month after committee hearings. According to Reuters, a public health initiative will be reviewed by lawmakers next month after committee hearings. According to Reuters, a public health initiative will be reviewed by lawmakers next month after committee hearings. According to Reuters, a public health initiative will be reviewed by lawmakers next month after committee hearings.",worldnews,11-Aug-2025
Ap confirmed update on the central bank's interest rate decision,"According to AP, the central bank's interest rate decision will be reviewed by lawmakers next month after committee hearings. According to AP, the central bank's interest rate decision will be reviewed by lawmakers next month after committee hearings. According to AP, the central bank's interest rate decision will be reviewed by lawmakers next month after committee hearings. According to AP, the central bank's interest rate decision will be reviewed by lawmakers next month after committee hearings. According to AP, the central bank's interest rate decision will be reviewed by lawmakers next month after committee hearings. According to AP, the central bank's interest rate decision will be reviewed by lawmakers next month after committee hearings.",politicsNews,10-Feb-2025
Officials stated update on regional trade agreements,A spokesperson for officials stated the latest figures on regional trade agreements during a press briefing. A spokesperson for officials stated the latest figures on regional trade agreements during a press briefing. A spokesperson for officials stated the latest figures on regional trade agreements during a press briefing. A spokesperson for officials stated the latest figures on regional trade agreements during a press briefing. A spokesperson for officials stated the latest figures on regional trade agreements during a press briefing. A spokesperson for officials stated the latest figures on regional trade agreements during a press briefing.,health,2-Nov-2025
the Finance Ministry stated update on municipal budget allocations,"According to the finance ministry, municipal budget allocations will be reviewed by lawmakers next month after committee hearings. According to the finance ministry, municipal budget allocations will be reviewed by lawmakers next month after committee hearings. According to the finance ministry, municipal budget allocations will be reviewed by lawmakers next month after committee hearings. According to the finance ministry, municipal budget allocations will be reviewed by lawmakers next month after committee hearings. According to the finance ministry, municipal budget allocations will be reviewed by lawmakers next month after committee hearings. According to the finance ministry, municipal budget allocations will be reviewed by lawmakers next month after committee hearings.",health,13-Mar-2025
Ap released data on update on a new infrastructure bill,A spokesperson for AP released data on the latest figures on a new infrastructure bill during a press briefing. A spokesperson for AP released data on the latest figures on a new infrastructure bill during a press briefing. A spokesperson for AP released data on the latest figures on a new infrastructure bill during a press briefing. A spokesperson for AP released data on the latest figures on a new infrastructure bill during a press briefing. A spokesperson for AP released data on the latest figures on a new infrastructure bill during a press briefing. A spokesperson for AP released data on the latest figures on a new infrastructure bill during a press briefing.,health,26-Mar-2025
A Government Spokesperson said update on trade negotiations,"a government spokesperson said that trade negotiations remains on schedule, according to a statement released Tuesday. a government spokesperson said that trade negotiations remains on schedule, according to a statement released Tuesday. a government spokesperson said that trade negotiations remains on schedule, according to a statement released Tuesday. a government spokesperson said that trade negotiations remains on schedule, according to a statement released Tuesday. a government spokesperson said that trade negotiations remains on schedule, according to a statement released Tuesday. a government spokesperson said that trade negotiations remains on schedule, according to a statement released Tuesday.",worldnews,15-Oct-2025
the Finance Ministry released data on update on regional trade agreements,A spokesperson for the finance ministry released data on the latest figures on regional trade agreements during a press briefing. A spokesperson for the finance ministry released data on the latest figures on regional trade agreements during a press briefing. A spokesperson for the finance ministry released data on the latest figures on regional trade agreements during a press briefing. A spokesperson for the finance ministry released data on the latest figures on regional trade agreements during a press briefing. A spokesperson for the finance ministry released data on the latest figures on regional trade agreements during a press briefing. A spokesperson for the finance ministry released data on the latest figures on regional trade agreements during a press briefing.,technology,8-Sep-2025
Ap said update on election results,A spokesperson for AP said the latest figures on election results during a press briefing. A spokesperson for AP said the latest figures on election results during a press briefing. A spokesperson for AP said the latest figures on election results during a press briefing. A spokesperson for AP said the latest figures on election results during a press briefing. A spokesperson for AP said the latest figures on election results during a press briefing. A spokesperson for AP said the latest figures on election results during a press briefing.,worldnews,12-Nov-2025
Officials said update on a court ruling,A spokesperson for officials said the latest figures on a court ruling during a press briefing. A spokesperson for officials said the latest figures on a court ruling during a press briefing. A spokesperson for officials said the latest figures on a court ruling during a press briefing. A spokesperson for officials said the latest figures on a court ruling during a press briefing. A spokesperson for officials said the latest figures on a court ruling during a press briefing. A spokesperson for officials said the latest figures on a court ruling during a press briefing.,business,25-Jul-2025
Officials said update on quarterly earnings,"According to officials, quarterly earnings will be reviewed by lawmakers next month after committee hearings. According to officials, quarterly earnings will be reviewed by lawmakers next month after committee hearings. According to officials, quarterly earnings will be reviewed by lawmakers next month after committee hearings. According to officials, quarterly earnings will be reviewed by lawmakers next month after committee hearings. According to officials, quarterly earnings will be reviewed by lawmakers next month after committee hearings. According to officials, quarterly earnings will be reviewed by lawmakers next month after committee hearings.",worldnews,26-Oct-2025
Ap reported update on a scientific research grant,"AP reported details on a scientific research grant on Wednesday, citing officials familiar with the matter. AP reported details on a scientific research grant on Wednesday, citing officials familiar with the matter. AP reported details on a scientific research grant on Wednesday, citing officials familiar with the matter. AP reported details on a scientific research grant on Wednesday, citing officials familiar with the matter. AP reported details on a scientific research grant on Wednesday, citing officials familiar with the matter. AP reported details on a scientific research grant on Wednesday, citing officials familiar with the matter.",technology,28-Jun-2025
Officials announced update on municipal budget allocations,Officials confirmed to officials that municipal budget allocations was discussed during a closed-door session on Monday. Officials confirmed to officials that municipal budget allocations was discussed during a closed-door session on Monday. Officials confirmed to officials that municipal budget allocations was discussed during a closed-door session on Monday. Officials confirmed to officials that municipal budget allocations was discussed during a closed-door session on Monday. Officials confirmed to officials that municipal budget allocations was discussed during a closed-door session on Monday. Officials confirmed to officials that municipal budget allocations was discussed during a closed-door session on Monday.,health,28-Feb-2025
the Finance Ministry confirmed update on the annual budget,"the finance ministry confirmed that the annual budget remains on schedule, according to a statement released Tuesday. the finance ministry confirmed that the annual budget remains on schedule, according to a statement released Tuesday. the finance ministry confirmed that the annual budget remains on schedule, according to a statement released Tuesday. the finance ministry confirmed that the annual budget remains on schedule, according to a statement released Tuesday. the finance ministry confirmed that the annual budget remains on schedule, according to a statement released Tuesday. the finance ministry confirmed that the annual budget remains on schedule, according to a statement released Tuesday.",technology,17-Mar-2025
A Government Spokesperson confirmed update on the annual budget,A spokesperson for a government spokesperson confirmed the latest figures on the annual budget during a press briefing. A spokesperson for a government spokesperson confirmed the latest figures on the annual budget during a press briefing. A spokesperson for a government spokesperson confirmed the latest figures on the annual budget during a press briefing. A spokesperson for a government spokesperson confirmed the latest figures on the annual budget during a press briefing. A spokesperson for a government spokesperson confirmed the latest figures on the annual budget during a press briefing. A spokesperson for a government spokesperson confirmed the latest figures on the annual budget during a press briefing.,technology,12-Jan-2025
A Government Spokesperson said update on trade negotiations,"In a statement, a government spokesperson said an update regarding trade negotiations, following weeks of negotiation. In a statement, a government spokesperson said an update regarding trade negotiations, following weeks of negotiation. In a statement, a government spokesperson said an update regarding trade negotiations, following weeks of negotiation. In a statement, a government spokesperson said an update regarding trade negotiations, following weeks of negotiation. In a statement, a government spokesperson said an update regarding trade negotiations, following weeks of negotiation. In a statement, a government spokesperson said an update regarding trade negotiations, following weeks of negotiation.",business,8-Jul-2025
Reuters confirmed update on a public health initiative,"Reuters confirmed details on a public health initiative on Wednesday, citing officials familiar with the matter. Reuters confirmed details on a public health initiative on Wednesday, citing officials familiar with the matter. Reuters confirmed details on a public health initiative on Wednesday, citing officials familiar with the matter. Reuters confirmed details on a public health initiative on Wednesday, citing officials familiar with the matter. Reuters confirmed details on a public health initiative on Wednesday, citing officials familiar with the matter. Reuters confirmed details on a public health initiative on Wednesday, citing officials familiar with the matter.",business,4-Dec-2025
the Finance Ministry confirmed update on regional trade agreements,"According to the finance ministry, regional trade agreements will be reviewed by lawmakers next month after committee hearings. According to the finance ministry, regional trade agreements will be reviewed by lawmakers next month after committee hearings. According to the finance ministry, regional trade agreements will be reviewed by lawmakers next month after committee hearings. According to the finance ministry, regional trade agreements will be reviewed by lawmakers next month after committee hearings. According to the finance ministry, regional trade agreements will be reviewed by lawmakers next month after committee hearings. According to the finance ministry, regional trade agreements will be reviewed by lawmakers next month after committee hearings.",politicsNews,10-Aug-2025
Ap released data on update on regional trade agreements,"Data released by AP shows steady progress on regional trade agreements, according to people briefed on the matter. Data released by AP shows steady progress on regional trade agreements, according to people briefed on the matter. Data released by AP shows steady progress on regional trade agreements, according to people briefed on the matter. Data released by AP shows steady progress on regional trade agreements, according to people briefed on the matter. Data released by AP shows steady progress on regional trade agreements, according to people briefed on the matter. Data released by AP shows steady progress on regional trade agreements, according to people briefed on the matter.",technology,20-Jan-2025
Reuters reported update on trade negotiations,"According to Reuters, trade negotiations will be reviewed by lawmakers next month after committee hearings. According to Reuters, trade negotiations will be reviewed by lawmakers next month after committee hearings. According to Reuters, trade negotiations will be reviewed by lawmakers next month after committee hearings. According to Reuters, trade negotiations will be reviewed by lawmakers next month after committee hearings. According to Reuters, trade negotiations will be reviewed by lawmakers next month after committee hearings. According to Reuters, trade negotiations will be reviewed by lawmakers next month after committee hearings.",worldnews,18-Dec-2025
Officials said update on quarterly earnings,"officials said details on quarterly earnings on Wednesday, citing officials familiar with the matter. officials said details on quarterly earnings on Wednesday, citing officials familiar with the matter. officials said details on quarterly earnings on Wednesday, citing officials familiar with the matter. officials said details on quarterly earnings on Wednesday, citing officials familiar with the matter. officials said details on quarterly earnings on Wednesday, citing officials familiar with the matter. officials said details on quarterly earnings on Wednesday, citing officials familiar with the matter.",business,8-May-2025
Reuters confirmed update on trade negotiations,"Data released by Reuters shows steady progress on trade negotiations, according to people briefed on the matter. Data released by Reuters shows steady progress on trade negotiations, according to people briefed on the matter. Data released by Reuters shows steady progress on trade negotiations, according to people briefed on the matter. Data released by Reuters shows steady progress on trade negotiations, according to people briefed on the matter. Data released by Reuters shows steady progress on trade negotiations, according to people briefed on the matter. Data released by Reuters shows steady progress on trade negotiations, according to people briefed on the matter.",health,15-Feb-2025
Reuters said update on a scientific research grant,"In a statement, Reuters said an update regarding a scientific research grant, following weeks of negotiation. In a statement, Reuters said an update regarding a scientific research grant, following weeks of negotiation. In a statement, Reuters said an update regarding a scientific research grant, following weeks of negotiation. In a statement, Reuters said an update regarding a scientific research grant, following weeks of negotiation. In a statement, Reuters said an update regarding a scientific research grant, following weeks of negotiation. In a statement, Reuters said an update regarding a scientific research grant, following weeks of negotiation.",health,1-Nov-2025
Officials confirmed update on a diplomatic summit,Officials confirmed to officials that a diplomatic summit was discussed during a closed-door session on Monday. Officials confirmed to officials that a diplomatic summit was discussed during a closed-door session on Monday. Officials confirmed to officials that a diplomatic summit was discussed during a closed-door session on Monday. Officials confirmed to officials that a diplomatic summit was discussed during a closed-door session on Monday. Officials confirmed to officials that a diplomatic summit was discussed during a closed-door session on Monday. Officials confirmed to officials that a diplomatic summit was discussed during a closed-door session on Monday.,worldnews,10-Jul-2025
Reuters reported update on a diplomatic summit,"According to Reuters, a diplomatic summit will be reviewed by lawmakers next month after committee hearings. According to Reuters, a diplomatic summit will be reviewed by lawmakers next month after committee hearings. According to Reuters, a diplomatic summit will be reviewed by lawmakers next month after committee hearings. According to Reuters, a diplomatic summit will be reviewed by lawmakers next month after committee hearings. According to Reuters, a diplomatic summit will be reviewed by lawmakers next month after committee hearings. According to Reuters, a diplomatic summit will be reviewed by lawmakers next month after committee hearings.",health,14-Mar-2025
Reuters reported update on quarterly earnings,"Reuters reported details on quarterly earnings on Wednesday, citing officials familiar with the matter. Reuters reported details on quarterly earnings on Wednesday, citing officials familiar with the matter. Reuters reported details on quarterly earnings on Wednesday, citing officials familiar with the matter. Reuters reported details on quarterly earnings on Wednesday, citing officials familiar with the matter. Reuters reported details on quarterly earnings on Wednesday, citing officials familiar with the matter. Reuters reported details on quarterly earnings on Wednesday, citing officials familiar with the matter.",health,18-Sep-2025
Officials announced update on quarterly earnings,"Data released by officials shows steady progress on quarterly earnings, according to people briefed on the matter. Data released by officials shows steady progress on quarterly earnings, according to people briefed on the matter. Data released by officials shows steady progress on quarterly earnings, according to people briefed on the matter. Data released by officials shows steady progress on quarterly earnings, according to people briefed on the matter. Data released by officials shows steady progress on quarterly earnings, according to people briefed on the matter. Data released by officials shows steady progress on quarterly earnings, according to people briefed on the matter.",technology,2-Nov-2025
A Government Spokesperson reported update on a public health initiative,Officials confirmed to a government spokesperson that a public health initiative was discussed during a closed-door session on Monday. Officials confirmed to a government spokesperson that a public health initiative was discussed during a closed-door session on Monday. Officials confirmed to a government spokesperson that a public health initiative was discussed during a closed-door session on Monday. Officials confirmed to a government spokesperson that a public health initiative was discussed during a closed-door session on Monday. Officials confirmed to a government spokesperson that a public health initiative was discussed during a closed-door session on Monday. Officials confirmed to a government spokesperson that a public health initiative was discussed during a closed-door session on Monday.,politicsNews,12-Feb-2025
the Finance Ministry released data on update on the central bank's interest rate decision,Officials confirmed to the finance ministry that the central bank's interest rate decision was discussed during a closed-door session on Monday. Officials confirmed to the finance ministry that the central bank's interest rate decision was discussed during a closed-door session on Monday. Officials confirmed to the finance ministry that the central bank's interest rate decision was discussed during a closed-door session on Monday. Officials confirmed to the finance ministry that the central bank's interest rate decision was discussed during a closed-door session on Monday. Officials confirmed to the finance ministry that the central bank's interest rate decision was discussed during a closed-door session on Monday. Officials confirmed to the finance ministry that the central bank's interest rate decision was discussed during a closed-door session on Monday.,politicsNews,25-Oct-2025
the Finance Ministry announced update on a new infrastructure bill,"the finance ministry announced that a new infrastructure bill remains on schedule, according to a statement released Tuesday. the finance ministry announced that a new infrastructure bill remains on schedule, according to a statement released Tuesday. the finance ministry announced that a new infrastructure bill remains on schedule, according to a statement released Tuesday. the finance ministry announced that a new infrastructure bill remains on schedule, according to a statement released Tuesday. the finance ministry announced that a new infrastructure bill remains on schedule, according to a statement released Tuesday. the finance ministry announced that a new infrastructure bill remains on schedule, according to a statement released Tuesday.",health,11-Nov-2025
Ap released data on update on a scientific research grant,"Data released by AP shows steady progress on a scientific research grant, according to people briefed on the matter. Data released by AP shows steady progress on a scientific research grant, according to people briefed on the matter. Data released by AP shows steady progress on a scientific research grant, according to people briefed on the matter. Data released by AP shows steady progress on a scientific research grant, according to people briefed on the matter. Data released by AP shows steady progress on a scientific research grant, according to people briefed on the matter. Data released by AP shows steady progress on a scientific research grant, according to people briefed on the matter.",technology,21-Mar-2025
Ap released data on update on the annual budget,A spokesperson for AP released data on the latest figures on the annual budget during a press briefing. A spokesperson for AP released data on the latest figures on the annual budget during a press briefing. A spokesperson for AP released data on the latest figures on the annual budget during a press briefing. A spokesperson for AP released data on the latest figures on the annual budget during a press briefing. A spokesperson for AP released data on the latest figures on the annual budget during a press briefing. A spokesperson for AP released data on the latest figures on the annual budget during a press briefing.,technology,2-May-2025
Ap confirmed update on trade negotiations,"AP confirmed details on trade negotiations on Wednesday, citing officials familiar with the matter. AP confirmed details on trade negotiations on Wednesday, citing officials familiar with the matter. AP confirmed details on trade negotiations on Wednesday, citing officials familiar with the matter. AP confirmed details on trade negotiations on Wednesday, citing officials familiar with the matter. AP confirmed details on trade negotiations on Wednesday, citing officials familiar with the matter. AP confirmed details on trade negotiations on Wednesday, citing officials familiar with the matter.",business,10-Sep-2025
A Government Spokesperson stated update on a scientific research grant,"Data released by a government spokesperson shows steady progress on a scientific research grant, according to people briefed on the matter. Data released by a government spokesperson shows steady progress on a scientific research grant, according to people briefed on the matter. Data released by a government spokesperson shows steady progress on a scientific research grant, according to people briefed on the matter. Data released by a government spokesperson shows steady progress on a scientific research grant, according to people briefed on the matter. Data released by a government spokesperson shows steady progress on a scientific research grant, according to people briefed on the matter. Data released by a government spokesperson shows steady progress on a scientific research grant, according to people briefed on the matter.",business,2-Nov-2025
Ap reported update on election results,A spokesperson for AP reported the latest figures on election results during a press briefing. A spokesperson for AP reported the latest figures on election results during a press briefing. A spokesperson for AP reported the latest figures on election results during a press briefing. A spokesperson for AP reported the latest figures on election results during a press briefing. A spokesperson for AP reported the latest figures on election results during a press briefing. A spokesperson for AP reported the latest figures on election results during a press briefing.,politicsNews,28-Nov-2025
the Finance Ministry announced update on election results,A spokesperson for the finance ministry announced the latest figures on election results during a press briefing. A spokesperson for the finance ministry announced the latest figures on election results during a press briefing. A spokesperson for the finance ministry announced the latest figures on election results during a press briefing. A spokesperson for the finance ministry announced the latest figures on election results during a press briefing. A spokesperson for the finance ministry announced the latest figures on election results during a press briefing. A spokesperson for the finance ministry announced the latest figures on election results during a press briefing.,business,14-Jul-2025
A Government Spokesperson said update on municipal budget allocations,"a government spokesperson said that municipal budget allocations remains on schedule, according to a statement released Tuesday. a government spokesperson said that municipal budget allocations remains on schedule, according to a statement released Tuesday. a government spokesperson said that municipal budget allocations remains on schedule, according to a statement released Tuesday. a government spokesperson said that municipal budget allocations remains on schedule, according to a statement released Tuesday. a government spokesperson said that municipal budget allocations remains on schedule, according to a statement released Tuesday. a government spokesperson said that municipal budget allocations remains on schedule, according to a statement released Tuesday.",worldnews,16-Dec-2025
A Government Spokesperson stated update on a public health initiative,"a government spokesperson stated that a public health initiative remains on schedule, according to a statement released Tuesday. a government spokesperson stated that a public health initiative remains on schedule, according to a statement released Tuesday. a government spokesperson stated that a public health initiative remains on schedule, according to a statement released Tuesday. a government spokesperson stated that a public health initiative remains on schedule, according to a statement released Tuesday. a government spokesperson stated that a public health initiative remains on schedule, according to a statement released Tuesday. a government spokesperson stated that a public health initiative remains on schedule, according to a statement released Tuesday.",politicsNews,24-Jul-2025
Reuters stated update on climate policy talks,A spokesperson for Reuters stated the latest figures on climate policy talks during a press briefing. A spokesperson for Reuters stated the latest figures on climate policy talks during a press briefing. A spokesperson for Reuters stated the latest figures on climate policy talks during a press briefing. A spokesperson for Reuters stated the latest figures on climate policy talks during a press briefing. A spokesperson for Reuters stated the latest figures on climate policy talks during a press briefing. A spokesperson for Reuters stated the latest figures on climate policy talks during a press briefing.,worldnews,18-May-2025
the Finance Ministry announced update on the annual budget,"the finance ministry announced that the annual budget remains on schedule, according to a statement released Tuesday. the finance ministry announced that the annual budget remains on schedule, according to a statement released Tuesday. the finance ministry announced that the annual budget remains on schedule, according to a statement released Tuesday. the finance ministry announced that the annual budget remains on schedule, according to a statement released Tuesday. the finance ministry announced that the annual budget remains on schedule, according to a statement released Tuesday. the finance ministry announced that the annual budget remains on schedule, according to a statement released Tuesday.",business,10-Aug-2025
Officials said update on a new education reform bill,"According to officials, a new education reform bill will be reviewed by lawmakers next month after committee hearings. According to officials, a new education reform bill will be reviewed by lawmakers next month after committee hearings. According to officials, a new education reform bill will be reviewed by lawmakers next month after committee hearings. According to officials, a new education reform bill will be reviewed by lawmakers next month after committee hearings. According to officials, a new education reform bill will be reviewed by lawmakers next month after committee hearings. According to officials, a new education reform bill will be reviewed by lawmakers next month after committee hearings.",technology,12-Aug-2025
Reuters reported update on a new education reform bill,"In a statement, Reuters reported an update regarding a new education reform bill, following weeks of negotiation. In a statement, Reuters reported an update regarding a new education reform bill, following weeks of negotiation. In a statement, Reuters reported an update regarding a new education reform bill, following weeks of negotiation. In a statement, Reuters reported an update regarding a new education reform bill, following weeks of negotiation. In a statement, Reuters reported an update regarding a new education reform bill, following weeks of negotiation. In a statement, Reuters reported an update regarding a new education reform bill, following weeks of negotiation.",technology,9-Nov-2025
Reuters released data on update on the annual budget,Officials confirmed to Reuters that the annual budget was discussed during a closed-door session on Monday. Officials confirmed to Reuters that the annual budget was discussed during a closed-door session on Monday. Officials confirmed to Reuters that the annual budget was discussed during a closed-door session on Monday. Officials confirmed to Reuters that the annual budget was discussed during a closed-door session on Monday. Officials confirmed to Reuters that the annual budget was discussed during a closed-door session on Monday. Officials confirmed to Reuters that the annual budget was discussed during a closed-door session on Monday.,technology,12-Sep-2025
Ap confirmed update on trade negotiations,A spokesperson for AP confirmed the latest figures on trade negotiations during a press briefing. A spokesperson for AP confirmed the latest figures on trade negotiations during a press briefing. A spokesperson for AP confirmed the latest figures on trade negotiations during a press briefing. A spokesperson for AP confirmed the latest figures on trade negotiations during a press briefing. A spokesperson for AP confirmed the latest figures on trade negotiations during a press briefing. A spokesperson for AP confirmed the latest figures on trade negotiations during a press briefing.,health,22-Aug-2025
Reuters announced update on a new infrastructure bill,"According to Reuters, a new infrastructure bill will be reviewed by lawmakers next month after committee hearings. According to Reuters, a new infrastructure bill will be reviewed by lawmakers next month after committee hearings. According to Reuters, a new infrastructure bill will be reviewed by lawmakers next month after committee hearings. According to Reuters, a new infrastructure bill will be reviewed by lawmakers next month after committee hearings. According to Reuters, a new infrastructure bill will be reviewed by lawmakers next month after committee hearings. According to Reuters, a new infrastructure bill will be reviewed by lawmakers next month after committee hearings.",business,12-Jul-2025
Officials stated update on trade negotiations,"According to officials, trade negotiations will be reviewed by lawmakers next month after committee hearings. According to officials, trade negotiations will be reviewed by lawmakers next month after committee hearings. According to officials, trade negotiations will be reviewed by lawmakers next month after committee hearings. According to officials, trade negotiations will be reviewed by lawmakers next month after committee hearings. According to officials, trade negotiations will be reviewed by lawmakers next month after committee hearings. According to officials, trade negotiations will be reviewed by lawmakers next month after committee hearings.",technology,12-Jun-2025
A Government Spokesperson announced update on regional trade agreements,"In a statement, a government spokesperson announced an update regarding regional trade agreements, following weeks of negotiation. In a statement, a government spokesperson announced an update regarding regional trade agreements, following weeks of negotiation. In a statement, a government spokesperson announced an update regarding regional trade agreements, following weeks of negotiation. In a statement, a government spokesperson announced an update regarding regional trade agreements, following weeks of negotiation. In a statement, a government spokesperson announced an update regarding regional trade agreements, following weeks of negotiation. In a statement, a government spokesperson announced an update regarding regional trade agreements, following weeks of negotiation.",worldnews,17-Jun-2025
A Government Spokesperson released data on update on a public health initiative,"a government spokesperson released data on that a public health initiative remains on schedule, according to a statement released Tuesday. a government spokesperson released data on that a public health initiative remains on schedule, according to a statement released Tuesday. a government spokesperson released data on that a public health initiative remains on schedule, according to a statement released Tuesday. a government spokesperson released data on that a public health initiative remains on schedule, according to a statement released Tuesday. a government spokesperson released data on that a public health initiative remains on schedule, according to a statement released Tuesday. a government spokesperson released data on that a public health initiative remains on schedule, according to a statement released Tuesday.",worldnews,4-Jan-2025
Ap stated update on a court ruling,"Data released by AP shows steady progress on a court ruling, according to people briefed on the matter. Data released by AP shows steady progress on a court ruling, according to people briefed on the matter. Data released by AP shows steady progress on a court ruling, according to people briefed on the matter. Data released by AP shows steady progress on a court ruling, according to people briefed on the matter. Data released by AP shows steady progress on a court ruling, according to people briefed on the matter. Data released by AP shows steady progress on a court ruling, according to people briefed on the matter.",health,4-May-2025
the Finance Ministry said update on a new education reform bill,"According to the finance ministry, a new education reform bill will be reviewed by lawmakers next month after committee hearings. According to the finance ministry, a new education reform bill will be reviewed by lawmakers next month after committee hearings. According to the finance ministry, a new education reform bill will be reviewed by lawmakers next month after committee hearings. According to the finance ministry, a new education reform bill will be reviewed by lawmakers next month after committee hearings. According to the finance ministry, a new education reform bill will be reviewed by lawmakers next month after committee hearings. According to the finance ministry, a new education reform bill will be reviewed by lawmakers next month after committee hearings.",health,10-Dec-2025
A Government Spokesperson announced update on the central bank's interest rate decision,"According to a government spokesperson, the central bank's interest rate decision will be reviewed by lawmakers next month after committee hearings. According to a government spokesperson, the central bank's interest rate decision will be reviewed by lawmakers next month after committee hearings. According to a government spokesperson, the central bank's interest rate decision will be reviewed by lawmakers next month after committee hearings. According to a government spokesperson, the central bank's interest rate decision will be reviewed by lawmakers next month after committee hearings. According to a government spokesperson, the central bank's interest rate decision will be reviewed by lawmakers next month after committee hearings. According to a government spokesperson, the central bank's interest rate decision will be reviewed by lawmakers next month after committee hearings.",politicsNews,15-Mar-2025
A Government Spokesperson released data on update on the annual budget,A spokesperson for a government spokesperson released data on the latest figures on the annual budget during a press briefing. A spokesperson for a government spokesperson released data on the latest figures on the annual budget during a press briefing. A spokesperson for a government spokesperson released data on the latest figures on the annual budget during a press briefing. A spokesperson for a government spokesperson released data on the latest figures on the annual budget during a press briefing. A spokesperson for a government spokesperson released data on the latest figures on the annual budget during a press briefing. A spokesperson for a government spokesperson released data on the latest figures on the annual budget during a press briefing.,business,22-Jun-2025
Reuters stated update on quarterly earnings,"Reuters stated that quarterly earnings remains on schedule, according to a statement released Tuesday. Reuters stated that quarterly earnings remains on schedule, according to a statement released Tuesday. Reuters stated that quarterly earnings remains on schedule, according to a statement released Tuesday. Reuters stated that quarterly earnings remains on schedule, according to a statement released Tuesday. Reuters stated that quarterly earnings remains on schedule, according to a statement released Tuesday. Reuters stated that quarterly earnings remains on schedule, according to a statement released Tuesday.",business,28-Mar-2025
Ap reported update on regional trade agreements,"In a statement, AP reported an update regarding regional trade agreements, following weeks of negotiation. In a statement, AP reported an update regarding regional trade agreements, following weeks of negotiation. In a statement, AP reported an update regarding regional trade agreements, following weeks of negotiation. In a statement, AP reported an update regarding regional trade agreements, following weeks of negotiation. In a statement, AP reported an update regarding regional trade agreements, following weeks of negotiation. In a statement, AP reported an update regarding regional trade agreements, following weeks of negotiation.",worldnews,4-Apr-2025
Ap said update on the central bank's interest rate decision,"AP said details on the central bank's interest rate decision on Wednesday, citing officials familiar with the matter. AP said details on the central bank's interest rate decision on Wednesday, citing officials familiar with the matter. AP said details on the central bank's interest rate decision on Wednesday, citing officials familiar with the matter. AP said details on the central bank's interest rate decision on Wednesday, citing officials familiar with the matter. AP said details on the central bank's interest rate decision on Wednesday, citing officials familiar with the matter. AP said details on the central bank's interest rate decision on Wednesday, citing officials familiar with the matter.",business,18-Oct-2025
the Finance Ministry stated update on a court ruling,"According to the finance ministry, a court ruling will be reviewed by lawmakers next month after committee hearings. According to the finance ministry, a court ruling will be reviewed by lawmakers next month after committee hearings. According to the finance ministry, a court ruling will be reviewed by lawmakers next month after committee hearings. According to the finance ministry, a court ruling will be reviewed by lawmakers next month after committee hearings. According to the finance ministry, a court ruling will be reviewed by lawmakers next month after committee hearings. According to the finance ministry, a court ruling will be reviewed by lawmakers next month after committee hearings.",health,3-Feb-2025
the Finance Ministry released data on update on climate policy talks,Officials confirmed to the finance ministry that climate policy talks was discussed during a closed-door session on Monday. Officials confirmed to the finance ministry that climate policy talks was discussed during a closed-door session on Monday. Officials confirmed to the finance ministry that climate policy talks was discussed during a closed-door session on Monday. Officials confirmed to the finance ministry that climate policy talks was discussed during a closed-door session on Monday. Officials confirmed to the finance ministry that climate policy talks was discussed during a closed-door session on Monday. Officials confirmed to the finance ministry that climate policy talks was discussed during a closed-door session on Monday.,technology,17-Jul-2025
A Government Spokesperson stated update on a scientific research grant,"a government spokesperson stated details on a scientific research grant on Wednesday, citing officials familiar with the matter. a government spokesperson stated details on a scientific research grant on Wednesday, citing officials familiar with the matter. a government spokesperson stated details on a scientific research grant on Wednesday, citing officials familiar with the matter. a government spokesperson stated details on a scientific research grant on Wednesday, citing officials familiar with the matter. a government spokesperson stated details on a scientific research grant on Wednesday, citing officials familiar with the matter. a government spokesperson stated details on a scientific research grant on Wednesday, citing officials familiar with the matter.",worldnews,11-Nov-2025
Reuters said update on a court ruling,Officials confirmed to Reuters that a court ruling was discussed during a closed-door session on Monday. Officials confirmed to Reuters that a court ruling was discussed during a closed-door session on Monday. Officials confirmed to Reuters that a court ruling was discussed during a closed-door session on Monday. Officials confirmed to Reuters that a court ruling was discussed during a closed-door session on Monday. Officials confirmed to Reuters that a court ruling was discussed during a closed-door session on Monday. Officials confirmed to Reuters that a court ruling was discussed during a closed-door session on Monday.,health,12-Mar-2025
Officials stated update on unemployment figures,"According to officials, unemployment figures will be reviewed by lawmakers next month after committee hearings. According to officials, unemployment figures will be reviewed by lawmakers next month after committee hearings. According to officials, unemployment figures will be reviewed by lawmakers next month after committee hearings. According to officials, unemployment figures will be reviewed by lawmakers next month after committee hearings. According to officials, unemployment figures will be reviewed by lawmakers next month after committee hearings. According to officials, unemployment figures will be reviewed by lawmakers next month after committee hearings.",worldnews,14-Sep-2025
Reuters announced update on a scientific research grant,"In a statement, Reuters announced an update regarding a scientific research grant, following weeks of negotiation. In a statement, Reuters announced an update regarding a scientific research grant, following weeks of negotiation. In a statement, Reuters announced an update regarding a scientific research grant, following weeks of negotiation. In a statement, Reuters announced an update regarding a scientific research grant, following weeks of negotiation. In a statement, Reuters announced an update regarding a scientific research grant, following weeks of negotiation. In a statement, Reuters announced an update regarding a scientific research grant, following weeks of negotiation.",worldnews,10-Mar-2025
Ap released data on update on a public health initiative,"According to AP, a public health initiative will be reviewed by lawmakers next month after committee hearings. According to AP, a public health initiative will be reviewed by lawmakers next month after committee hearings. According to AP, a public health initiative will be reviewed by lawmakers next month after committee hearings. According to AP, a public health initiative will be reviewed by lawmakers next month after committee hearings. According to AP, a public health initiative will be reviewed by lawmakers next month after committee hearings. According to AP, a public health initiative will be reviewed by lawmakers next month after committee hearings.",business,17-May-2025
Reuters confirmed update on election results,Officials confirmed to Reuters that election results was discussed during a closed-door session on Monday. Officials confirmed to Reuters that election results was discussed during a closed-door session on Monday. Officials confirmed to Reuters that election results was discussed during a closed-door session on Monday. Officials confirmed to Reuters that election results was discussed during a closed-door session on Monday. Officials confirmed to Reuters that election results was discussed during a closed-door session on Monday. Officials confirmed to Reuters that election results was discussed during a closed-door session on Monday.,health,9-Mar-2025
the Finance Ministry stated update on a diplomatic summit,"the finance ministry stated details on a diplomatic summit on Wednesday, citing officials familiar with the matter. the finance ministry stated details on a diplomatic summit on Wednesday, citing officials familiar with the matter. the finance ministry stated details on a diplomatic summit on Wednesday, citing officials familiar with the matter. the finance ministry stated details on a diplomatic summit on Wednesday, citing officials familiar with the matter. the finance ministry stated details on a diplomatic summit on Wednesday, citing officials familiar with the matter. the finance ministry stated details on a diplomatic summit on Wednesday, citing officials familiar with the matter.",health,21-Mar-2025
Officials confirmed update on a diplomatic summit,"According to officials, a diplomatic summit will be reviewed by lawmakers next month after committee hearings. According to officials, a diplomatic summit will be reviewed by lawmakers next month after committee hearings. According to officials, a diplomatic summit will be reviewed by lawmakers next month after committee hearings. According to officials, a diplomatic summit will be reviewed by lawmakers next month after committee hearings. According to officials, a diplomatic summit will be reviewed by lawmakers next month after committee hearings. According to officials, a diplomatic summit will be reviewed by lawmakers next month after committee hearings.",health,24-Oct-2025
the Finance Ministry stated update on a scientific research grant,"the finance ministry stated details on a scientific research grant on Wednesday, citing officials familiar with the matter. the finance ministry stated details on a scientific research grant on Wednesday, citing officials familiar with the matter. the finance ministry stated details on a scientific research grant on Wednesday, citing officials familiar with the matter. the finance ministry stated details on a scientific research grant on Wednesday, citing officials familiar with the matter. the finance ministry stated details on a scientific research grant on Wednesday, citing officials familiar with the matter. the finance ministry stated details on a scientific research grant on Wednesday, citing officials familiar with the matter.",politicsNews,3-Jan-2025
Officials released data on update on election results,"According to officials, election results will be reviewed by lawmakers next month after committee hearings. According to officials, election results will be reviewed by lawmakers next month after committee hearings. According to officials, election results will be reviewed by lawmakers next month after committee hearings. According to officials, election results will be reviewed by lawmakers next month after committee hearings. According to officials, election results will be reviewed by lawmakers next month after committee hearings. According to officials, election results will be reviewed by lawmakers next month after committee hearings.",health,14-Oct-2025
Reuters released data on update on a court ruling,"In a statement, Reuters released data on an update regarding a court ruling, following weeks of negotiation. In a statement, Reuters released data on an update regarding a court ruling, following weeks of negotiation. In a statement, Reuters released data on an update regarding a court ruling, following weeks of negotiation. In a statement, Reuters released data on an update regarding a court ruling, following weeks of negotiation. In a statement, Reuters released data on an update regarding a court ruling, following weeks of negotiation. In a statement, Reuters released data on an update regarding a court ruling, following weeks of negotiation.",business,21-May-2025
A Government Spokesperson released data on update on the central bank's interest rate decision,"Data released by a government spokesperson shows steady progress on the central bank's interest rate decision, according to people briefed on the matter. Data released by a government spokesperson shows steady progress on the central bank's interest rate decision, according to people briefed on the matter. Data released by a government spokesperson shows steady progress on the central bank's interest rate decision, according to people briefed on the matter. Data released by a government spokesperson shows steady progress on the central bank's interest rate decision, according to people briefed on the matter. Data released by a government spokesperson shows steady progress on the central bank's interest rate decision, according to people briefed on the matter. Data released by a government spokesperson shows steady progress on the central bank's interest rate decision, according to people briefed on the matter.",business,15-Feb-2025
Reuters said update on a new infrastructure bill,"Data released by Reuters shows steady progress on a new infrastructure bill, according to people briefed on the matter. Data released by Reuters shows steady progress on a new infrastructure bill, according to people briefed on the matter. Data released by Reuters shows steady progress on a new infrastructure bill, according to people briefed on the matter. Data released by Reuters shows steady progress on a new infrastructure bill, according to people briefed on the matter. Data released by Reuters shows steady progress on a new infrastructure bill, according to people briefed on the matter. Data released by Reuters shows steady progress on a new infrastructure bill, according to people briefed on the matter.",technology,15-Apr-2025
the Finance Ministry confirmed update on a diplomatic summit,"the finance ministry confirmed that a diplomatic summit remains on schedule, according to a statement released Tuesday. the finance ministry confirmed that a diplomatic summit remains on schedule, according to a statement released Tuesday. the finance ministry confirmed that a diplomatic summit remains on schedule, according to a statement released Tuesday. the finance ministry confirmed that a diplomatic summit remains on schedule, according to a statement released Tuesday. the finance ministry confirmed that a diplomatic summit remains on schedule, according to a statement released Tuesday. the finance ministry confirmed that a diplomatic summit remains on schedule, according to a statement released Tuesday.",business,24-Jun-2025
A Government Spokesperson reported update on a new infrastructure bill,"In a statement, a government spokesperson reported an update regarding a new infrastructure bill, following weeks of negotiation. In a statement, a government spokesperson reported an update regarding a new infrastructure bill, following weeks of negotiation. In a statement, a government spokesperson reported an update regarding a new infrastructure bill, following weeks of negotiation. In a statement, a government spokesperson reported an update regarding a new infrastructure bill, following weeks of negotiation. In a statement, a government spokesperson reported an update regarding a new infrastructure bill, following weeks of negotiation. In a statement, a government spokesperson reported an update regarding a new infrastructure bill, following weeks of negotiation.",health,4-Jun-2025
Ap announced update on a court ruling,"AP announced that a court ruling remains on schedule, according to a statement released Tuesday. AP announced that a court ruling remains on schedule, according to a statement released Tuesday. AP announced that a court ruling remains on schedule, according to a statement released Tuesday. AP announced that a court ruling remains on schedule, according to a statement released Tuesday. AP announced that a court ruling remains on schedule, according to a statement released Tuesday. AP announced that a court ruling remains on schedule, according to a statement released Tuesday.",technology,8-Mar-2025
Reuters reported update on trade negotiations,"Data released by Reuters shows steady progress on trade negotiations, according to people briefed on the matter. Data released by Reuters shows steady progress on trade negotiations, according to people briefed on the matter. Data released by Reuters shows steady progress on trade negotiations, according to people briefed on the matter. Data released by Reuters shows steady progress on trade negotiations, according to people briefed on the matter. Data released by Reuters shows steady progress on trade negotiations, according to people briefed on the matter. Data released by Reuters shows steady progress on trade negotiations, according to people briefed on the matter.",health,14-Apr-2025
Ap reported update on a scientific research grant,"In a statement, AP reported an update regarding a scientific research grant, following weeks of negotiation. In a statement, AP reported an update regarding a scientific research grant, following weeks of negotiation. In a statement, AP reported an update regarding a scientific research grant, following weeks of negotiation. In a statement, AP reported an update regarding a scientific research grant, following weeks of negotiation. In a statement, AP reported an update regarding a scientific research grant, following weeks of negotiation. In a statement, AP reported an update regarding a scientific research grant, following weeks of negotiation.",business,7-Mar-2025
A Government Spokesperson said update on quarterly earnings,"Data released by a government spokesperson shows steady progress on quarterly earnings, according to people briefed on the matter. Data released by a government spokesperson shows steady progress on quarterly earnings, according to people briefed on the matter. Data released by a government spokesperson shows steady progress on quarterly earnings, according to people briefed on the matter. Data released by a government spokesperson shows steady progress on quarterly earnings, according to people briefed on the matter. Data released by a government spokesperson shows steady progress on quarterly earnings, according to people briefed on the matter. Data released by a government spokesperson shows steady progress on quarterly earnings, according to people briefed on the matter.",business,16-Jan-2025
Reuters stated update on climate policy talks,"Data released by Reuters shows steady progress on climate policy talks, according to people briefed on the matter. Data released by Reuters shows steady progress on climate policy talks, according to people briefed on the matter. Data released by Reuters shows steady progress on climate policy talks, according to people briefed on the matter. Data released by Reuters shows steady progress on climate policy talks, according to people briefed on the matter. Data released by Reuters shows steady progress on climate policy talks, according to people briefed on the matter. Data released by Reuters shows steady progress on climate policy talks, according to people briefed on the matter.",worldnews,7-Oct-2025
the Finance Ministry announced update on trade negotiations,"the finance ministry announced that trade negotiations remains on schedule, according to a statement released Tuesday. the finance ministry announced that trade negotiations remains on schedule, according to a statement released Tuesday. the finance ministry announced that trade negotiations remains on schedule, according to a statement released Tuesday. the finance ministry announced that trade negotiations remains on schedule, according to a statement released Tuesday. the finance ministry announced that trade negotiations remains on schedule, according to a statement released Tuesday. the finance ministry announced that trade negotiations remains on schedule, according to a statement released Tuesday.",technology,20-Nov-2025
A Government Spokesperson stated update on election results,"a government spokesperson stated details on election results on Wednesday, citing officials familiar with the matter. a government spokesperson stated details on election results on Wednesday, citing officials familiar with the matter. a government spokesperson stated details on election results on Wednesday, citing officials familiar with the matter. a government spokesperson stated details on election results on Wednesday, citing officials familiar with the matter. a government spokesperson stated details on election results on Wednesday, citing officials familiar with the matter. a government spokesperson stated details on election results on Wednesday, citing officials familiar with the matter.",politicsNews,14-Mar-2025
the Finance Ministry reported update on a new education reform bill,A spokesperson for the finance ministry reported the latest figures on a new education reform bill during a press briefing. A spokesperson for the finance ministry reported the latest figures on a new education reform bill during a press briefing. A spokesperson for the finance ministry reported the latest figures on a new education reform bill during a press briefing. A spokesperson for the finance ministry reported the latest figures on a new education reform bill during a press briefing. A spokesperson for the finance ministry reported the latest figures on a new education reform bill during a press briefing. A spokesperson for the finance ministry reported the latest figures on a new education reform bill during a press briefing.,technology,12-Jan-2025
A Government Spokesperson stated update on trade negotiations,"In a statement, a government spokesperson stated an update regarding trade negotiations, following weeks of negotiation. In a statement, a government spokesperson stated an update regarding trade negotiations, following weeks of negotiation. In a statement, a government spokesperson stated an update regarding trade negotiations, following weeks of negotiation. In a statement, a government spokesperson stated an update regarding trade negotiations, following weeks of negotiation. In a statement, a government spokesperson stated an update regarding trade negotiations, following weeks of negotiation. In a statement, a government spokesperson stated an update regarding trade negotiations, following weeks of negotiation.",worldnews,12-Sep-2025
the Finance Ministry said update on the annual budget,"In a statement, the finance ministry said an update regarding the annual budget, following weeks of negotiation. In a statement, the finance ministry said an update regarding the annual budget, following weeks of negotiation. In a statement, the finance ministry said an update regarding the annual budget, following weeks of negotiation. In a statement, the finance ministry said an update regarding the annual budget, following weeks of negotiation. In a statement, the finance ministry said an update regarding the annual budget, following weeks of negotiation. In a statement, the finance ministry said an update regarding the annual budget, following weeks of negotiation.",technology,25-Sep-2025
the Finance Ministry stated update on a scientific research grant,Officials confirmed to the finance ministry that a scientific research grant was discussed during a closed-door session on Monday. Officials confirmed to the finance ministry that a scientific research grant was discussed during a closed-door session on Monday. Officials confirmed to the finance ministry that a scientific research grant was discussed during a closed-door session on Monday. Officials confirmed to the finance ministry that a scientific research grant was discussed during a closed-door session on Monday. Officials confirmed to the finance ministry that a scientific research grant was discussed during a closed-door session on Monday. Officials confirmed to the finance ministry that a scientific research grant was discussed during a closed-door session on Monday.,health,4-Mar-2025
Reuters reported update on climate policy talks,A spokesperson for Reuters reported the latest figures on climate policy talks during a press briefing. A spokesperson for Reuters reported the latest figures on climate policy talks during a press briefing. A spokesperson for Reuters reported the latest figures on climate policy talks during a press briefing. A spokesperson for Reuters reported the latest figures on climate policy talks during a press briefing. A spokesperson for Reuters reported the latest figures on climate policy talks during a press briefing. A spokesperson for Reuters reported the latest figures on climate policy talks during a press briefing.,business,18-Jun-2025
Ap stated update on the central bank's interest rate decision,"In a statement, AP stated an update regarding the central bank's interest rate decision, following weeks of negotiation. In a statement, AP stated an update regarding the central bank's interest rate decision, following weeks of negotiation. In a statement, AP stated an update regarding the central bank's interest rate decision, following weeks of negotiation. In a statement, AP stated an update regarding the central bank's interest rate decision, following weeks of negotiation. In a statement, AP stated an update regarding the central bank's interest rate decision, following weeks of negotiation. In a statement, AP stated an update regarding the central bank's interest rate decision, following weeks of negotiation.",technology,17-Jan-2025
Reuters confirmed update on trade negotiations,Officials confirmed to Reuters that trade negotiations was discussed during a closed-door session on Monday. Officials confirmed to Reuters that trade negotiations was discussed during a closed-door session on Monday. Officials confirmed to Reuters that trade negotiations was discussed during a closed-door session on Monday. Officials confirmed to Reuters that trade negotiations was discussed during a closed-door session on Monday. Officials confirmed to Reuters that trade negotiations was discussed during a closed-door session on Monday. Officials confirmed to Reuters that trade negotiations was discussed during a closed-door session on Monday.,business,26-Aug-2025
Officials confirmed update on a court ruling,"In a statement, officials confirmed an update regarding a court ruling, following weeks of negotiation. In a statement, officials confirmed an update regarding a court ruling, following weeks of negotiation. In a statement, officials confirmed an update regarding a court ruling, following weeks of negotiation. In a statement, officials confirmed an update regarding a court ruling, following weeks of negotiation. In a statement, officials confirmed an update regarding a court ruling, following weeks of negotiation. In a statement, officials confirmed an update regarding a court ruling, following weeks of negotiation.",health,5-Jun-2025
Officials confirmed update on a public health initiative,"Data released by officials shows steady progress on a public health initiative, according to people briefed on the matter. Data released by officials shows steady progress on a public health initiative, according to people briefed on the matter. Data released by officials shows steady progress on a public health initiative, according to people briefed on the matter. Data released by officials shows steady progress on a public health initiative, according to people briefed on the matter. Data released by officials shows steady progress on a public health initiative, according to people briefed on the matter. Data released by officials shows steady progress on a public health initiative, according to people briefed on the matter.",health,24-May-2025
Officials stated update on a public health initiative,A spokesperson for officials stated the latest figures on a public health initiative during a press briefing. A spokesperson for officials stated the latest figures on a public health initiative during a press briefing. A spokesperson for officials stated the latest figures on a public health initiative during a press briefing. A spokesperson for officials stated the latest figures on a public health initiative during a press briefing. A spokesperson for officials stated the latest figures on a public health initiative during a press briefing. A spokesperson for officials stated the latest figures on a public health initiative during a press briefing.,health,18-Aug-2025
Officials said update on election results,A spokesperson for officials said the latest figures on election results during a press briefing. A spokesperson for officials said the latest figures on election results during a press briefing. A spokesperson for officials said the latest figures on election results during a press briefing. A spokesperson for officials said the latest figures on election results during a press briefing. A spokesperson for officials said the latest figures on election results during a press briefing. A spokesperson for officials said the latest figures on election results during a press briefing.,politicsNews,12-Jun-2025
Reuters stated update on climate policy talks,"Reuters stated that climate policy talks remains on schedule, according to a statement released Tuesday. Reuters stated that climate policy talks remains on schedule, according to a statement released Tuesday. Reuters stated that climate policy talks remains on schedule, according to a statement released Tuesday. Reuters stated that climate policy talks remains on schedule, according to a statement released Tuesday. Reuters stated that climate policy talks remains on schedule, according to a statement released Tuesday. Reuters stated that climate policy talks remains on schedule, according to a statement released Tuesday.",politicsNews,20-Aug-2025
the Finance Ministry stated update on unemployment figures,"In a statement, the finance ministry stated an update regarding unemployment figures, following weeks of negotiation. In a statement, the finance ministry stated an update regarding unemployment figures, following weeks of negotiation. In a statement, the finance ministry stated an update regarding unemployment figures, following weeks of negotiation. In a statement, the finance ministry stated an update regarding unemployment figures, following weeks of negotiation. In a statement, the finance ministry stated an update regarding unemployment figures, following weeks of negotiation. In a statement, the finance ministry stated an update regarding unemployment figures, following weeks of negotiation.",worldnews,24-Jan-2025
Officials confirmed update on a court ruling,"In a statement, officials confirmed an update regarding a court ruling, following weeks of negotiation. In a statement, officials confirmed an update regarding a court ruling, following weeks of negotiation. In a statement, officials confirmed an update regarding a court ruling, following weeks of negotiation. In a statement, officials confirmed an update regarding a court ruling, following weeks of negotiation. In a statement, officials confirmed an update regarding a court ruling, following weeks of negotiation. In a statement, officials confirmed an update regarding a court ruling, following weeks of negotiation.",health,25-Jul-2025
Ap released data on update on a scientific research grant,"According to AP, a scientific research grant will be reviewed by lawmakers next month after committee hearings. According to AP, a scientific research grant will be reviewed by lawmakers next month after committee hearings. According to AP, a scientific research grant will be reviewed by lawmakers next month after committee hearings. According to AP, a scientific research grant will be reviewed by lawmakers next month after committee hearings. According to AP, a scientific research grant will be reviewed by lawmakers next month after committee hearings. According to AP, a scientific research grant will be reviewed by lawmakers next month after committee hearings.",politicsNews,19-Dec-2025
Reuters announced update on the central bank's interest rate decision,"Data released by Reuters shows steady progress on the central bank's interest rate decision, according to people briefed on the matter. Data released by Reuters shows steady progress on the central bank's interest rate decision, according to people briefed on the matter. Data released by Reuters shows steady progress on the central bank's interest rate decision, according to people briefed on the matter. Data released by Reuters shows steady progress on the central bank's interest rate decision, according to people briefed on the matter. Data released by Reuters shows steady progress on the central bank's interest rate decision, according to people briefed on the matter. Data released by Reuters shows steady progress on the central bank's interest rate decision, according to people briefed on the matter.",business,14-Mar-2025
A Government Spokesperson confirmed update on a new education reform bill,"Data released by a government spokesperson shows steady progress on a new education reform bill, according to people briefed on the matter. Data released by a government spokesperson shows steady progress on a new education reform bill, according to people briefed on the matter. Data released by a government spokesperson shows steady progress on a new education reform bill, according to people briefed on the matter. Data released by a government spokesperson shows steady progress on a new education reform bill, according to people briefed on the matter. Data released by a government spokesperson shows steady progress on a new education reform bill, according to people briefed on the matter. Data released by a government spokesperson shows steady progress on a new education reform bill, according to people briefed on the matter.",health,25-Oct-2025
A Government Spokesperson released data on update on a scientific research grant,Officials confirmed to a government spokesperson that a scientific research grant was discussed during a closed-door session on Monday. Officials confirmed to a government spokesperson that a scientific research grant was discussed during a closed-door session on Monday. Officials confirmed to a government spokesperson that a scientific research grant was discussed during a closed-door session on Monday. Officials confirmed to a government spokesperson that a scientific research grant was discussed during a closed-door session on Monday. Officials confirmed to a government spokesperson that a scientific research grant was discussed during a closed-door session on Monday. Officials confirmed to a government spokesperson that a scientific research grant was discussed during a closed-door session on Monday.,politicsNews,23-Mar-2025
Officials stated update on the central bank's interest rate decision,"officials stated that the central bank's interest rate decision remains on schedule, according to a statement released Tuesday. officials stated that the central bank's interest rate decision remains on schedule, according to a statement released Tuesday. officials stated that the central bank's interest rate decision remains on schedule, according to a statement released Tuesday. officials stated that the central bank's interest rate decision remains on schedule, according to a statement released Tuesday. officials stated that the central bank's interest rate decision remains on schedule, according to a statement released Tuesday. officials stated that the central bank's interest rate decision remains on schedule, according to a statement released Tuesday.",technology,17-Jul-2025
the Finance Ministry said update on a new infrastructure bill,"In a statement, the finance ministry said an update regarding a new infrastructure bill, following weeks of negotiation. In a statement, the finance ministry said an update regarding a new infrastructure bill, following weeks of negotiation. In a statement, the finance ministry said an update regarding a new infrastructure bill, following weeks of negotiation. In a statement, the finance ministry said an update regarding a new infrastructure bill, following weeks of negotiation. In a statement, the finance ministry said an update regarding a new infrastructure bill, following weeks of negotiation. In a statement, the finance ministry said an update regarding a new infrastructure bill, following weeks of negotiation.",business,18-Jun-2025
the Finance Ministry said update on a diplomatic summit,"According to the finance ministry, a diplomatic summit will be reviewed by lawmakers next month after committee hearings. According to the finance ministry, a diplomatic summit will be reviewed by lawmakers next month after committee hearings. According to the finance ministry, a diplomatic summit will be reviewed by lawmakers next month after committee hearings. According to the finance ministry, a diplomatic summit will be reviewed by lawmakers next month after committee hearings. According to the finance ministry, a diplomatic summit will be reviewed by lawmakers next month after committee hearings. According to the finance ministry, a diplomatic summit will be reviewed by lawmakers next month after committee hearings.",worldnews,9-Sep-2025
the Finance Ministry reported update on the central bank's interest rate decision,A spokesperson for the finance ministry reported the latest figures on the central bank's interest rate decision during a press briefing. A spokesperson for the finance ministry reported the latest figures on the central bank's interest rate decision during a press briefing. A spokesperson for the finance ministry reported the latest figures on the central bank's interest rate decision during a press briefing. A spokesperson for the finance ministry reported the latest figures on the central bank's interest rate decision during a press briefing. A spokesperson for the finance ministry reported the latest figures on the central bank's interest rate decision during a press briefing. A spokesperson for the finance ministry reported the latest figures on the central bank's interest rate decision during a press briefing.,business,23-Apr-2025
A Government Spokesperson said update on a public health initiative,"a government spokesperson said that a public health initiative remains on schedule, according to a statement released Tuesday. a government spokesperson said that a public health initiative remains on schedule, according to a statement released Tuesday. a government spokesperson said that a public health initiative remains on schedule, according to a statement released Tuesday. a government spokesperson said that a public health initiative remains on schedule, according to a statement released Tuesday. a government spokesperson said that a public health initiative remains on schedule, according to a statement released Tuesday. a government spokesperson said that a public health initiative remains on schedule, according to a statement released Tuesday.",health,26-Dec-2025
the Finance Ministry announced update on election results,"In a statement, the finance ministry announced an update regarding election results, following weeks of negotiation. In a statement, the finance ministry announced an update regarding election results, following weeks of negotiation. In a statement, the finance ministry announced an update regarding election results, following weeks of negotiation. In a statement, the finance ministry announced an update regarding election results, following weeks of negotiation. In a statement, the finance ministry announced an update regarding election results, following weeks of negotiation. In a statement, the finance ministry announced an update regarding election results, following weeks of negotiation.",health,13-Jul-2025
the Finance Ministry confirmed update on regional trade agreements,"the finance ministry confirmed that regional trade agreements remains on schedule, according to a statement released Tuesday. the finance ministry confirmed that regional trade agreements remains on schedule, according to a statement released Tuesday. the finance ministry confirmed that regional trade agreements remains on schedule, according to a statement released Tuesday. the finance ministry confirmed that regional trade agreements remains on schedule, according to a statement released Tuesday. the finance ministry confirmed that regional trade agreements remains on schedule, according to a statement released Tuesday. the finance ministry confirmed that regional trade agreements remains on schedule, according to a statement released Tuesday.",politicsNews,10-Dec-2025
Reuters said update on a public health initiative,Officials confirmed to Reuters that a public health initiative was discussed during a closed-door session on Monday. Officials confirmed to Reuters that a public health initiative was discussed during a closed-door session on Monday. Officials confirmed to Reuters that a public health initiative was discussed during a closed-door session on Monday. Officials confirmed to Reuters that a public health initiative was discussed during a closed-door session on Monday. Officials confirmed to Reuters that a public health initiative was discussed during a closed-door session on Monday. Officials confirmed to Reuters that a public health initiative was discussed during a closed-door session on Monday.,business,24-Aug-2025
Ap stated update on the central bank's interest rate decision,"AP stated that the central bank's interest rate decision remains on schedule, according to a statement released Tuesday. AP stated that the central bank's interest rate decision remains on schedule, according to a statement released Tuesday. AP stated that the central bank's interest rate decision remains on schedule, according to a statement released Tuesday. AP stated that the central bank's interest rate decision remains on schedule, according to a statement released Tuesday. AP stated that the central bank's interest rate decision remains on schedule, according to a statement released Tuesday. AP stated that the central bank's interest rate decision remains on schedule, according to a statement released Tuesday.",health,23-May-2025
Ap stated update on the annual budget,Officials confirmed to AP that the annual budget was discussed during a closed-door session on Monday. Officials confirmed to AP that the annual budget was discussed during a closed-door session on Monday. Officials confirmed to AP that the annual budget was discussed during a closed-door session on Monday. Officials confirmed to AP that the annual budget was discussed during a closed-door session on Monday. Officials confirmed to AP that the annual budget was discussed during a closed-door session on Monday. Officials confirmed to AP that the annual budget was discussed during a closed-door session on Monday.,health,8-Apr-2025
Reuters stated update on unemployment figures,"According to Reuters, unemployment figures will be reviewed by lawmakers next month after committee hearings. According to Reuters, unemployment figures will be reviewed by lawmakers next month after committee hearings. According to Reuters, unemployment figures will be reviewed by lawmakers next month after committee hearings. According to Reuters, unemployment figures will be reviewed by lawmakers next month after committee hearings. According to Reuters, unemployment figures will be reviewed by lawmakers next month after committee hearings. According to Reuters, unemployment figures will be reviewed by lawmakers next month after committee hearings.",worldnews,2-Feb-2025
A Government Spokesperson released data on update on a public health initiative,"Data released by a government spokesperson shows steady progress on a public health initiative, according to people briefed on the matter. Data released by a government spokesperson shows steady progress on a public health initiative, according to people briefed on the matter. Data released by a government spokesperson shows steady progress on a public health initiative, according to people briefed on the matter. Data released by a government spokesperson shows steady progress on a public health initiative, according to people briefed on the matter. Data released by a government spokesperson shows steady progress on a public health initiative, according to people briefed on the matter. Data released by a government spokesperson shows steady progress on a public health initiative, according to people briefed on the matter.",politicsNews,22-Mar-2025
Reuters confirmed update on quarterly earnings,"Data released by Reuters shows steady progress on quarterly earnings, according to people briefed on the matter. Data released by Reuters shows steady progress on quarterly earnings, according to people briefed on the matter. Data released by Reuters shows steady progress on quarterly earnings, according to people briefed on the matter. Data released by Reuters shows steady progress on quarterly earnings, according to people briefed on the matter. Data released by Reuters shows steady progress on quarterly earnings, according to people briefed on the matter. Data released by Reuters shows steady progress on quarterly earnings, according to people briefed on the matter.",technology,16-Nov-2025
Ap reported update on regional trade agreements,"AP reported that regional trade agreements remains on schedule, according to a statement released Tuesday. AP reported that regional trade agreements remains on schedule, according to a statement released Tuesday. AP reported that regional trade agreements remains on schedule, according to a statement released Tuesday. AP reported that regional trade agreements remains on schedule, according to a statement released Tuesday. AP reported that regional trade agreements remains on schedule, according to a statement released Tuesday. AP reported that regional trade agreements remains on schedule, according to a statement released Tuesday.",business,21-Jan-2025
Reuters stated update on unemployment figures,"According to Reuters, unemployment figures will be reviewed by lawmakers next month after committee hearings. According to Reuters, unemployment figures will be reviewed by lawmakers next month after committee hearings. According to Reuters, unemployment figures will be reviewed by lawmakers next month after committee hearings. According to Reuters, unemployment figures will be reviewed by lawmakers next month after committee hearings. According to Reuters, unemployment figures will be reviewed by lawmakers next month after committee hearings. According to Reuters, unemployment figures will be reviewed by lawmakers next month after committee hearings.",health,24-Dec-2025
Reuters confirmed update on municipal budget allocations,"Data released by Reuters shows steady progress on municipal budget allocations, according to people briefed on the matter. Data released by Reuters shows steady progress on municipal budget allocations, according to people briefed on the matter. Data released by Reuters shows steady progress on municipal budget allocations, according to people briefed on the matter. Data released by Reuters shows steady progress on municipal budget allocations, according to people briefed on the matter. Data released by Reuters shows steady progress on municipal budget allocations, according to people briefed on the matter. Data released by Reuters shows steady progress on municipal budget allocations, according to people briefed on the matter.",worldnews,2-Jul-2025
A Government Spokesperson released data on update on a new infrastructure bill,A spokesperson for a government spokesperson released data on the latest figures on a new infrastructure bill during a press briefing. A spokesperson for a government spokesperson released data on the latest figures on a new infrastructure bill during a press briefing. A spokesperson for a government spokesperson released data on the latest figures on a new infrastructure bill during a press briefing. A spokesperson for a government spokesperson released data on the latest figures on a new infrastructure bill during a press briefing. A spokesperson for a government spokesperson released data on the latest figures on a new infrastructure bill during a press briefing. A spokesperson for a government spokesperson released data on the latest figures on a new infrastructure bill during a press briefing.,business,2-Jan-2025
the Finance Ministry stated update on a diplomatic summit,"the finance ministry stated details on a diplomatic summit on Wednesday, citing officials familiar with the matter. the finance ministry stated details on a diplomatic summit on Wednesday, citing officials familiar with the matter. the finance ministry stated details on a diplomatic summit on Wednesday, citing officials familiar with the matter. the finance ministry stated details on a diplomatic summit on Wednesday, citing officials familiar with the matter. the finance ministry stated details on a diplomatic summit on Wednesday, citing officials familiar with the matter. the finance ministry stated details on a diplomatic summit on Wednesday, citing officials familiar with the matter.",business,10-Aug-2025
Officials said update on quarterly earnings,"According to officials, quarterly earnings will be reviewed by lawmakers next month after committee hearings. According to officials, quarterly earnings will be reviewed by lawmakers next month after committee hearings. According to officials, quarterly earnings will be reviewed by lawmakers next month after committee hearings. According to officials, quarterly earnings will be reviewed by lawmakers next month after committee hearings. According to officials, quarterly earnings will be reviewed by lawmakers next month after committee hearings. According to officials, quarterly earnings will be reviewed by lawmakers next month after committee hearings.",health,15-May-2025
Ap announced update on regional trade agreements,"AP announced that regional trade agreements remains on schedule, according to a statement released Tuesday. AP announced that regional trade agreements remains on schedule, according to a statement released Tuesday. AP announced that regional trade agreements remains on schedule, according to a statement released Tuesday. AP announced that regional trade agreements remains on schedule, according to a statement released Tuesday. AP announced that regional trade agreements remains on schedule, according to a statement released Tuesday. AP announced that regional trade agreements remains on schedule, according to a statement released Tuesday.",worldnews,24-Aug-2025
the Finance Ministry confirmed update on a new education reform bill,"the finance ministry confirmed details on a new education reform bill on Wednesday, citing officials familiar with the matter. the finance ministry confirmed details on a new education reform bill on Wednesday, citing officials familiar with the matter. the finance ministry confirmed details on a new education reform bill on Wednesday, citing officials familiar with the matter. the finance ministry confirmed details on a new education reform bill on Wednesday, citing officials familiar with the matter. the finance ministry confirmed details on a new education reform bill on Wednesday, citing officials familiar with the matter. the finance ministry confirmed details on a new education reform bill on Wednesday, citing officials familiar with the matter.",business,26-May-2025
Officials confirmed update on unemployment figures,"According to officials, unemployment figures will be reviewed by lawmakers next month after committee hearings. According to officials, unemployment figures will be reviewed by lawmakers next month after committee hearings. According to officials, unemployment figures will be reviewed by lawmakers next month after committee hearings. According to officials, unemployment figures will be reviewed by lawmakers next month after committee hearings. According to officials, unemployment figures will be reviewed by lawmakers next month after committee hearings. According to officials, unemployment figures will be reviewed by lawmakers next month after committee hearings.",health,28-Nov-2025
A Government Spokesperson said update on a scientific research grant,"In a statement, a government spokesperson said an update regarding a scientific research grant, following weeks of negotiation. In a statement, a government spokesperson said an update regarding a scientific research grant, following weeks of negotiation. In a statement, a government spokesperson said an update regarding a scientific research grant, following weeks of negotiation. In a statement, a government spokesperson said an update regarding a scientific research grant, following weeks of negotiation. In a statement, a government spokesperson said an update regarding a scientific research grant, following weeks of negotiation. In a statement, a government spokesperson said an update regarding a scientific research grant, following weeks of negotiation.",business,3-Jul-2025
Reuters confirmed update on a new infrastructure bill,"Data released by Reuters shows steady progress on a new infrastructure bill, according to people briefed on the matter. Data released by Reuters shows steady progress on a new infrastructure bill, according to people briefed on the matter. Data released by Reuters shows steady progress on a new infrastructure bill, according to people briefed on the matter. Data released by Reuters shows steady progress on a new infrastructure bill, according to people briefed on the matter. Data released by Reuters shows steady progress on a new infrastructure bill, according to people briefed on the matter. Data released by Reuters shows steady progress on a new infrastructure bill, according to people briefed on the matter.",business,8-Jan-2025
the Finance Ministry confirmed update on climate policy talks,"Data released by the finance ministry shows steady progress on climate policy talks, according to people briefed on the matter. Data released by the finance ministry shows steady progress on climate policy talks, according to people briefed on the matter. Data released by the finance ministry shows steady progress on climate policy talks, according to people briefed on the matter. Data released by the finance ministry shows steady progress on climate policy talks, according to people briefed on the matter. Data released by the finance ministry shows steady progress on climate policy talks, according to people briefed on the matter. Data released by the finance ministry shows steady progress on climate policy talks, according to people briefed on the matter.",business,11-May-2025
Officials stated update on a new education reform bill,"officials stated details on a new education reform bill on Wednesday, citing officials familiar with the matter. officials stated details on a new education reform bill on Wednesday, citing officials familiar with the matter. officials stated details on a new education reform bill on Wednesday, citing officials familiar with the matter. officials stated details on a new education reform bill on Wednesday, citing officials familiar with the matter. officials stated details on a new education reform bill on Wednesday, citing officials familiar with the matter. officials stated details on a new education reform bill on Wednesday, citing officials familiar with the matter.",business,21-Jun-2025
Ap released data on update on trade negotiations,"AP released data on details on trade negotiations on Wednesday, citing officials familiar with the matter. AP released data on details on trade negotiations on Wednesday, citing officials familiar with the matter. AP released data on details on trade negotiations on Wednesday, citing officials familiar with the matter. AP released data on details on trade negotiations on Wednesday, citing officials familiar with the matter. AP released data on details on trade negotiations on Wednesday, citing officials familiar with the matter. AP released data on details on trade negotiations on Wednesday, citing officials familiar with the matter.",technology,10-Mar-2025
A Government Spokesperson stated update on unemployment figures,Officials confirmed to a government spokesperson that unemployment figures was discussed during a closed-door session on Monday. Officials confirmed to a government spokesperson that unemployment figures was discussed during a closed-door session on Monday. Officials confirmed to a government spokesperson that unemployment figures was discussed during a closed-door session on Monday. Officials confirmed to a government spokesperson that unemployment figures was discussed during a closed-door session on Monday. Officials confirmed to a government spokesperson that unemployment figures was discussed during a closed-door session on Monday. Officials confirmed to a government spokesperson that unemployment figures was discussed during a closed-door session on Monday.,business,23-Feb-2025
the Finance Ministry stated update on a public health initiative,"According to the finance ministry, a public health initiative will be reviewed by lawmakers next month after committee hearings. According to the finance ministry, a public health initiative will be reviewed by lawmakers next month after committee hearings. According to the finance ministry, a public health initiative will be reviewed by lawmakers next month after committee hearings. According to the finance ministry, a public health initiative will be reviewed by lawmakers next month after committee hearings. According to the finance ministry, a public health initiative will be reviewed by lawmakers next month after committee hearings. According to the finance ministry, a public health initiative will be reviewed by lawmakers next month after committee hearings.",worldnews,5-Aug-2025
Ap released data on update on a court ruling,"In a statement, AP released data on an update regarding a court ruling, following weeks of negotiation. In a statement, AP released data on an update regarding a court ruling, following weeks of negotiation. In a statement, AP released data on an update regarding a court ruling, following weeks of negotiation. In a statement, AP released data on an update regarding a court ruling, following weeks of negotiation. In a statement, AP released data on an update regarding a court ruling, following weeks of negotiation. In a statement, AP released data on an update regarding a court ruling, following weeks of negotiation.",business,14-Dec-2025
Officials said update on municipal budget allocations,A spokesperson for officials said the latest figures on municipal budget allocations during a press briefing. A spokesperson for officials said the latest figures on municipal budget allocations during a press briefing. A spokesperson for officials said the latest figures on municipal budget allocations during a press briefing. A spokesperson for officials said the latest figures on municipal budget allocations during a press briefing. A spokesperson for officials said the latest figures on municipal budget allocations during a press briefing. A spokesperson for officials said the latest figures on municipal budget allocations during a press briefing.,health,26-Nov-2025
Ap confirmed update on regional trade agreements,Officials confirmed to AP that regional trade agreements was discussed during a closed-door session on Monday. Officials confirmed to AP that regional trade agreements was discussed during a closed-door session on Monday. Officials confirmed to AP that regional trade agreements was discussed during a closed-door session on Monday. Officials confirmed to AP that regional trade agreements was discussed during a closed-door session on Monday. Officials confirmed to AP that regional trade agreements was discussed during a closed-door session on Monday. Officials confirmed to AP that regional trade agreements was discussed during a closed-door session on Monday.,health,28-Feb-2025
Officials stated update on a court ruling,Officials confirmed to officials that a court ruling was discussed during a closed-door session on Monday. Officials confirmed to officials that a court ruling was discussed during a closed-door session on Monday. Officials confirmed to officials that a court ruling was discussed during a closed-door session on Monday. Officials confirmed to officials that a court ruling was discussed during a closed-door session on Monday. Officials confirmed to officials that a court ruling was discussed during a closed-door session on Monday. Officials confirmed to officials that a court ruling was discussed during a closed-door session on Monday.,business,3-Oct-2025
Reuters stated update on trade negotiations,"In a statement, Reuters stated an update regarding trade negotiations, following weeks of negotiation. In a statement, Reuters stated an update regarding trade negotiations, following weeks of negotiation. In a statement, Reuters stated an update regarding trade negotiations, following weeks of negotiation. In a statement, Reuters stated an update regarding trade negotiations, following weeks of negotiation. In a statement, Reuters stated an update regarding trade negotiations, following weeks of negotiation. In a statement, Reuters stated an update regarding trade negotiations, following weeks of negotiation.",worldnews,19-Sep-2025
Ap reported update on a new infrastructure bill,A spokesperson for AP reported the latest figures on a new infrastructure bill during a press briefing. A spokesperson for AP reported the latest figures on a new infrastructure bill during a press briefing. A spokesperson for AP reported the latest figures on a new infrastructure bill during a press briefing. A spokesperson for AP reported the latest figures on a new infrastructure bill during a press briefing. A spokesperson for AP reported the latest figures on a new infrastructure bill during a press briefing. A spokesperson for AP reported the latest figures on a new infrastructure bill during a press briefing.,health,15-Feb-2025
Ap stated update on a new education reform bill,"Data released by AP shows steady progress on a new education reform bill, according to people briefed on the matter. Data released by AP shows steady progress on a new education reform bill, according to people briefed on the matter. Data released by AP shows steady progress on a new education reform bill, according to people briefed on the matter. Data released by AP shows steady progress on a new education reform bill, according to people briefed on the matter. Data released by AP shows steady progress on a new education reform bill, according to people briefed on the matter. Data released by AP shows steady progress on a new education reform bill, according to people briefed on the matter.",politicsNews,17-Aug-2025
Reuters confirmed update on a court ruling,"In a statement, Reuters confirmed an update regarding a court ruling, following weeks of negotiation. In a statement, Reuters confirmed an update regarding a court ruling, following weeks of negotiation. In a statement, Reuters confirmed an update regarding a court ruling, following weeks of negotiation. In a statement, Reuters confirmed an update regarding a court ruling, following weeks of negotiation. In a statement, Reuters confirmed an update regarding a court ruling, following weeks of negotiation. In a statement, Reuters confirmed an update regarding a court ruling, following weeks of negotiation.",technology,15-Oct-2025
Reuters said update on quarterly earnings,Officials confirmed to Reuters that quarterly earnings was discussed during a closed-door session on Monday. Officials confirmed to Reuters that quarterly earnings was discussed during a closed-door session on Monday. Officials confirmed to Reuters that quarterly earnings was discussed during a closed-door session on Monday. Officials confirmed to Reuters that quarterly earnings was discussed during a closed-door session on Monday. Officials confirmed to Reuters that quarterly earnings was discussed during a closed-door session on Monday. Officials confirmed to Reuters that quarterly earnings was discussed during a closed-door session on Monday.,business,24-Jan-2025
A Government Spokesperson announced update on election results,Officials confirmed to a government spokesperson that election results was discussed during a closed-door session on Monday. Officials confirmed to a government spokesperson that election results was discussed during a closed-door session on Monday. Officials confirmed to a government spokesperson that election results was discussed during a closed-door session on Monday. Officials confirmed to a government spokesperson that election results was discussed during a closed-door session on Monday. Officials confirmed to a government spokesperson that election results was discussed during a closed-door session on Monday. Officials confirmed to a government spokesperson that election results was discussed during a closed-door session on Monday.,worldnews,19-Feb-2025
Reuters reported update on climate policy talks,Officials confirmed to Reuters that climate policy talks was discussed during a closed-door session on Monday. Officials confirmed to Reuters that climate policy talks was discussed during a closed-door session on Monday. Officials confirmed to Reuters that climate policy talks was discussed during a closed-door session on Monday. Officials confirmed to Reuters that climate policy talks was discussed during a closed-door session on Monday. Officials confirmed to Reuters that climate policy talks was discussed during a closed-door session on Monday. Officials confirmed to Reuters that climate policy talks was discussed during a closed-door session on Monday.,politicsNews,18-Jan-2025
Reuters said update on municipal budget allocations,"Reuters said details on municipal budget allocations on Wednesday, citing officials familiar with the matter. Reuters said details on municipal budget allocations on Wednesday, citing officials familiar with the matter. Reuters said details on municipal budget allocations on Wednesday, citing officials familiar with the matter. Reuters said details on municipal budget allocations on Wednesday, citing officials familiar with the matter. Reuters said details on municipal budget allocations on Wednesday, citing officials familiar with the matter. Reuters said details on municipal budget allocations on Wednesday, citing officials familiar with the matter.",business,14-Mar-2025
Ap released data on update on regional trade agreements,Officials confirmed to AP that regional trade agreements was discussed during a closed-door session on Monday. Officials confirmed to AP that regional trade agreements was discussed during a closed-door session on Monday. Officials confirmed to AP that regional trade agreements was discussed during a closed-door session on Monday. Officials confirmed to AP that regional trade agreements was discussed during a closed-door session on Monday. Officials confirmed to AP that regional trade agreements was discussed during a closed-door session on Monday. Officials confirmed to AP that regional trade agreements was discussed during a closed-door session on Monday.,technology,12-Jul-2025
A Government Spokesperson said update on a scientific research grant,"Data released by a government spokesperson shows steady progress on a scientific research grant, according to people briefed on the matter. Data released by a government spokesperson shows steady progress on a scientific research grant, according to people briefed on the matter. Data released by a government spokesperson shows steady progress on a scientific research grant, according to people briefed on the matter. Data released by a government spokesperson shows steady progress on a scientific research grant, according to people briefed on the matter. Data released by a government spokesperson shows steady progress on a scientific research grant, according to people briefed on the matter. Data released by a government spokesperson shows steady progress on a scientific research grant, according to people briefed on the matter.",politicsNews,22-Nov-2025
Officials released data on update on a new infrastructure bill,A spokesperson for officials released data on the latest figures on a new infrastructure bill during a press briefing. A spokesperson for officials released data on the latest figures on a new infrastructure bill during a press briefing. A spokesperson for officials released data on the latest figures on a new infrastructure bill during a press briefing. A spokesperson for officials released data on the latest figures on a new infrastructure bill during a press briefing. A spokesperson for officials released data on the latest figures on a new infrastructure bill during a press briefing. A spokesperson for officials released data on the latest figures on a new infrastructure bill during a press briefing.,business,4-Mar-2025
Officials stated update on climate policy talks,"According to officials, climate policy talks will be reviewed by lawmakers next month after committee hearings. According to officials, climate policy talks will be reviewed by lawmakers next month after committee hearings. According to officials, climate policy talks will be reviewed by lawmakers next month after committee hearings. According to officials, climate policy talks will be reviewed by lawmakers next month after committee hearings. According to officials, climate policy talks will be reviewed by lawmakers next month after committee hearings. According to officials, climate policy talks will be reviewed by lawmakers next month after committee hearings.",worldnews,27-Jan-2025
Reuters said update on election results,Officials confirmed to Reuters that election results was discussed during a closed-door session on Monday. Officials confirmed to Reuters that election results was discussed during a closed-door session on Monday. Officials confirmed to Reuters that election results was discussed during a closed-door session on Monday. Officials confirmed to Reuters that election results was discussed during a closed-door session on Monday. Officials confirmed to Reuters that election results was discussed during a closed-door session on Monday. Officials confirmed to Reuters that election results was discussed during a closed-door session on Monday.,health,14-Sep-2025
A Government Spokesperson confirmed update on a scientific research grant,"According to a government spokesperson, a scientific research grant will be reviewed by lawmakers next month after committee hearings. According to a government spokesperson, a scientific research grant will be reviewed by lawmakers next month after committee hearings. According to a government spokesperson, a scientific research grant will be reviewed by lawmakers next month after committee hearings. According to a government spokesperson, a scientific research grant will be reviewed by lawmakers next month after committee hearings. According to a government spokesperson, a scientific research grant will be reviewed by lawmakers next month after committee hearings. According to a government spokesperson, a scientific research grant will be reviewed by lawmakers next month after committee hearings.",technology,12-Mar-2025
the Finance Ministry released data on update on the central bank's interest rate decision,A spokesperson for the finance ministry released data on the latest figures on the central bank's interest rate decision during a press briefing. A spokesperson for the finance ministry released data on the latest figures on the central bank's interest rate decision during a press briefing. A spokesperson for the finance ministry released data on the latest figures on the central bank's interest rate decision during a press briefing. A spokesperson for the finance ministry released data on the latest figures on the central bank's interest rate decision during a press briefing. A spokesperson for the finance ministry released data on the latest figures on the central bank's interest rate decision during a press briefing. A spokesperson for the finance ministry released data on the latest figures on the central bank's interest rate decision during a press briefing.,politicsNews,2-Nov-2025
A Government Spokesperson announced update on a diplomatic summit,"According to a government spokesperson, a diplomatic summit will be reviewed by lawmakers next month after committee hearings. According to a government spokesperson, a diplomatic summit will be reviewed by lawmakers next month after committee hearings. According to a government spokesperson, a diplomatic summit will be reviewed by lawmakers next month after committee hearings. According to a government spokesperson, a diplomatic summit will be reviewed by lawmakers next month after committee hearings. According to a government spokesperson, a diplomatic summit will be reviewed by lawmakers next month after committee hearings. According to a government spokesperson, a diplomatic summit will be reviewed by lawmakers next month after committee hearings.",worldnews,3-Feb-2025
Officials said update on trade negotiations,"In a statement, officials said an update regarding trade negotiations, following weeks of negotiation. In a statement, officials said an update regarding trade negotiations, following weeks of negotiation. In a statement, officials said an update regarding trade negotiations, following weeks of negotiation. In a statement, officials said an update regarding trade negotiations, following weeks of negotiation. In a statement, officials said an update regarding trade negotiations, following weeks of negotiation. In a statement, officials said an update regarding trade negotiations, following weeks of negotiation.",politicsNews,8-Dec-2025
Reuters said update on climate policy talks,"According to Reuters, climate policy talks will be reviewed by lawmakers next month after committee hearings. According to Reuters, climate policy talks will be reviewed by lawmakers next month after committee hearings. According to Reuters, climate policy talks will be reviewed by lawmakers next month after committee hearings. According to Reuters, climate policy talks will be reviewed by lawmakers next month after committee hearings. According to Reuters, climate policy talks will be reviewed by lawmakers next month after committee hearings. According to Reuters, climate policy talks will be reviewed by lawmakers next month after committee hearings.",health,7-Jan-2025
Ap reported update on quarterly earnings,"According to AP, quarterly earnings will be reviewed by lawmakers next month after committee hearings. According to AP, quarterly earnings will be reviewed by lawmakers next month after committee hearings. According to AP, quarterly earnings will be reviewed by lawmakers next month after committee hearings. According to AP, quarterly earnings will be reviewed by lawmakers next month after committee hearings. According to AP, quarterly earnings will be reviewed by lawmakers next month after committee hearings. According to AP, quarterly earnings will be reviewed by lawmakers next month after committee hearings.",health,11-Oct-2025
Officials released data on update on regional trade agreements,A spokesperson for officials released data on the latest figures on regional trade agreements during a press briefing. A spokesperson for officials released data on the latest figures on regional trade agreements during a press briefing. A spokesperson for officials released data on the latest figures on regional trade agreements during a press briefing. A spokesperson for officials released data on the latest figures on regional trade agreements during a press briefing. A spokesperson for officials released data on the latest figures on regional trade agreements during a press briefing. A spokesperson for officials released data on the latest figures on regional trade agreements during a press briefing.,business,8-May-2025
Ap stated update on unemployment figures,"According to AP, unemployment figures will be reviewed by lawmakers next month after committee hearings. According to AP, unemployment figures will be reviewed by lawmakers next month after committee hearings. According to AP, unemployment figures will be reviewed by lawmakers next month after committee hearings. According to AP, unemployment figures will be reviewed by lawmakers next month after committee hearings. According to AP, unemployment figures will be reviewed by lawmakers next month after committee hearings. According to AP, unemployment figures will be reviewed by lawmakers next month after committee hearings.",technology,10-May-2025
Reuters stated update on quarterly earnings,Officials confirmed to Reuters that quarterly earnings was discussed during a closed-door session on Monday. Officials confirmed to Reuters that quarterly earnings was discussed during a closed-door session on Monday. Officials confirmed to Reuters that quarterly earnings was discussed during a closed-door session on Monday. Officials confirmed to Reuters that quarterly earnings was discussed during a closed-door session on Monday. Officials confirmed to Reuters that quarterly earnings was discussed during a closed-door session on Monday. Officials confirmed to Reuters that quarterly earnings was discussed during a closed-door session on Monday.,worldnews,21-Nov-2025
A Government Spokesperson said update on quarterly earnings,"a government spokesperson said details on quarterly earnings on Wednesday, citing officials familiar with the matter. a government spokesperson said details on quarterly earnings on Wednesday, citing officials familiar with the matter. a government spokesperson said details on quarterly earnings on Wednesday, citing officials familiar with the matter. a government spokesperson said details on quarterly earnings on Wednesday, citing officials familiar with the matter. a government spokesperson said details on quarterly earnings on Wednesday, citing officials familiar with the matter. a government spokesperson said details on quarterly earnings on Wednesday, citing officials familiar with the matter.",business,21-Nov-2025
A Government Spokesperson stated update on regional trade agreements,"a government spokesperson stated that regional trade agreements remains on schedule, according to a statement released Tuesday. a government spokesperson stated that regional trade agreements remains on schedule, according to a statement released Tuesday. a government spokesperson stated that regional trade agreements remains on schedule, according to a statement released Tuesday. a government spokesperson stated that regional trade agreements remains on schedule, according to a statement released Tuesday. a government spokesperson stated that regional trade agreements remains on schedule, according to a statement released Tuesday. a government spokesperson stated that regional trade agreements remains on schedule, according to a statement released Tuesday.",technology,14-Mar-2025
the Finance Ministry confirmed update on climate policy talks,A spokesperson for the finance ministry confirmed the latest figures on climate policy talks during a press briefing. A spokesperson for the finance ministry confirmed the latest figures on climate policy talks during a press briefing. A spokesperson for the finance ministry confirmed the latest figures on climate policy talks during a press briefing. A spokesperson for the finance ministry confirmed the latest figures on climate policy talks during a press briefing. A spokesperson for the finance ministry confirmed the latest figures on climate policy talks during a press briefing. A spokesperson for the finance ministry confirmed the latest figures on climate policy talks during a press briefing.,health,16-Apr-2025
Ap released data on update on election results,"According to AP, election results will be reviewed by lawmakers next month after committee hearings. According to AP, election results will be reviewed by lawmakers next month after committee hearings. According to AP, election results will be reviewed by lawmakers next month after committee hearings. According to AP, election results will be reviewed by lawmakers next month after committee hearings. According to AP, election results will be reviewed by lawmakers next month after committee hearings. According to AP, election results will be reviewed by lawmakers next month after committee hearings.",technology,2-Sep-2025
A Government Spokesperson stated update on climate policy talks,"In a statement, a government spokesperson stated an update regarding climate policy talks, following weeks of negotiation. In a statement, a government spokesperson stated an update regarding climate policy talks, following weeks of negotiation. In a statement, a government spokesperson stated an update regarding climate policy talks, following weeks of negotiation. In a statement, a government spokesperson stated an update regarding climate policy talks, following weeks of negotiation. In a statement, a government spokesperson stated an update regarding climate policy talks, following weeks of negotiation. In a statement, a government spokesperson stated an update regarding climate policy talks, following weeks of negotiation.",worldnews,13-Apr-2025
the Finance Ministry reported update on the central bank's interest rate decision,Officials confirmed to the finance ministry that the central bank's interest rate decision was discussed during a closed-door session on Monday. Officials confirmed to the finance ministry that the central bank's interest rate decision was discussed during a closed-door session on Monday. Officials confirmed to the finance ministry that the central bank's interest rate decision was discussed during a closed-door session on Monday. Officials confirmed to the finance ministry that the central bank's interest rate decision was discussed during a closed-door session on Monday. Officials confirmed to the finance ministry that the central bank's interest rate decision was discussed during a closed-door session on Monday. Officials confirmed to the finance ministry that the central bank's interest rate decision was discussed during a closed-door session on Monday.,politicsNews,15-Jun-2025
Reuters released data on update on quarterly earnings,A spokesperson for Reuters released data on the latest figures on quarterly earnings during a press briefing. A spokesperson for Reuters released data on the latest figures on quarterly earnings during a press briefing. A spokesperson for Reuters released data on the latest figures on quarterly earnings during a press briefing. A spokesperson for Reuters released data on the latest figures on quarterly earnings during a press briefing. A spokesperson for Reuters released data on the latest figures on quarterly earnings during a press briefing. A spokesperson for Reuters released data on the latest figures on quarterly earnings during a press briefing.,worldnews,2-May-2025
A Government Spokesperson stated update on unemployment figures,"In a statement, a government spokesperson stated an update regarding unemployment figures, following weeks of negotiation. In a statement, a government spokesperson stated an update regarding unemployment figures, following weeks of negotiation. In a statement, a government spokesperson stated an update regarding unemployment figures, following weeks of negotiation. In a statement, a government spokesperson stated an update regarding unemployment figures, following weeks of negotiation. In a statement, a government spokesperson stated an update regarding unemployment figures, following weeks of negotiation. In a statement, a government spokesperson stated an update regarding unemployment figures, following weeks of negotiation.",politicsNews,28-Feb-2025
Ap stated update on regional trade agreements,Officials confirmed to AP that regional trade agreements was discussed during a closed-door session on Monday. Officials confirmed to AP that regional trade agreements was discussed during a closed-door session on Monday. Officials confirmed to AP that regional trade agreements was discussed during a closed-door session on Monday. Officials confirmed to AP that regional trade agreements was discussed during a closed-door session on Monday. Officials confirmed to AP that regional trade agreements was discussed during a closed-door session on Monday. Officials confirmed to AP that regional trade agreements was discussed during a closed-door session on Monday.,health,7-Aug-2025
Ap reported update on a scientific research grant,"AP reported that a scientific research grant remains on schedule, according to a statement released Tuesday. AP reported that a scientific research grant remains on schedule, according to a statement released Tuesday. AP reported that a scientific research grant remains on schedule, according to a statement released Tuesday. AP reported that a scientific research grant remains on schedule, according to a statement released Tuesday. AP reported that a scientific research grant remains on schedule, according to a statement released Tuesday. AP reported that a scientific research grant remains on schedule, according to a statement released Tuesday.",politicsNews,7-Apr-2025
Reuters said update on a new education reform bill,"According to Reuters, a new education reform bill will be reviewed by lawmakers next month after committee hearings. According to Reuters, a new education reform bill will be reviewed by lawmakers next month after committee hearings. According to Reuters, a new education reform bill will be reviewed by lawmakers next month after committee hearings. According to Reuters, a new education reform bill will be reviewed by lawmakers next month after committee hearings. According to Reuters, a new education reform bill will be reviewed by lawmakers next month after committee hearings. According to Reuters, a new education reform bill will be reviewed by lawmakers next month after committee hearings.",health,23-Apr-2025
A Government Spokesperson confirmed update on municipal budget allocations,"In a statement, a government spokesperson confirmed an update regarding municipal budget allocations, following weeks of negotiation. In a statement, a government spokesperson confirmed an update regarding municipal budget allocations, following weeks of negotiation. In a statement, a government spokesperson confirmed an update regarding municipal budget allocations, following weeks of negotiation. In a statement, a government spokesperson confirmed an update regarding municipal budget allocations, following weeks of negotiation. In a statement, a government spokesperson confirmed an update regarding municipal budget allocations, following weeks of negotiation. In a statement, a government spokesperson confirmed an update regarding municipal budget allocations, following weeks of negotiation.",business,25-May-2025
A Government Spokesperson stated update on a court ruling,Officials confirmed to a government spokesperson that a court ruling was discussed during a closed-door session on Monday. Officials confirmed to a government spokesperson that a court ruling was discussed during a closed-door session on Monday. Officials confirmed to a government spokesperson that a court ruling was discussed during a closed-door session on Monday. Officials confirmed to a government spokesperson that a court ruling was discussed during a closed-door session on Monday. Officials confirmed to a government spokesperson that a court ruling was discussed during a closed-door session on Monday. Officials confirmed to a government spokesperson that a court ruling was discussed during a closed-door session on Monday.,business,10-May-2025
the Finance Ministry said update on quarterly earnings,"Data released by the finance ministry shows steady progress on quarterly earnings, according to people briefed on the matter. Data released by the finance ministry shows steady progress on quarterly earnings, according to people briefed on the matter. Data released by the finance ministry shows steady progress on quarterly earnings, according to people briefed on the matter. Data released by the finance ministry shows steady progress on quarterly earnings, according to people briefed on the matter. Data released by the finance ministry shows steady progress on quarterly earnings, according to people briefed on the matter. Data released by the finance ministry shows steady progress on quarterly earnings, according to people briefed on the matter.",politicsNews,26-Dec-2025
A Government Spokesperson reported update on regional trade agreements,"According to a government spokesperson, regional trade agreements will be reviewed by lawmakers next month after committee hearings. According to a government spokesperson, regional trade agreements will be reviewed by lawmakers next month after committee hearings. According to a government spokesperson, regional trade agreements will be reviewed by lawmakers next month after committee hearings. According to a government spokesperson, regional trade agreements will be reviewed by lawmakers next month after committee hearings. According to a government spokesperson, regional trade agreements will be reviewed by lawmakers next month after committee hearings. According to a government spokesperson, regional trade agreements will be reviewed by lawmakers next month after committee hearings.",business,11-Jul-2025
Reuters confirmed update on a diplomatic summit,Officials confirmed to Reuters that a diplomatic summit was discussed during a closed-door session on Monday. Officials confirmed to Reuters that a diplomatic summit was discussed during a closed-door session on Monday. Officials confirmed to Reuters that a diplomatic summit was discussed during a closed-door session on Monday. Officials confirmed to Reuters that a diplomatic summit was discussed during a closed-door session on Monday. Officials confirmed to Reuters that a diplomatic summit was discussed during a closed-door session on Monday. Officials confirmed to Reuters that a diplomatic summit was discussed during a closed-door session on Monday.,worldnews,1-May-2025
Officials stated update on municipal budget allocations,"In a statement, officials stated an update regarding municipal budget allocations, following weeks of negotiation. In a statement, officials stated an update regarding municipal budget allocations, following weeks of negotiation. In a statement, officials stated an update regarding municipal budget allocations, following weeks of negotiation. In a statement, officials stated an update regarding municipal budget allocations, following weeks of negotiation. In a statement, officials stated an update regarding municipal budget allocations, following weeks of negotiation. In a statement, officials stated an update regarding municipal budget allocations, following weeks of negotiation.",technology,10-Mar-2025
Ap confirmed update on a public health initiative,"Data released by AP shows steady progress on a public health initiative, according to people briefed on the matter. Data released by AP shows steady progress on a public health initiative, according to people briefed on the matter. Data released by AP shows steady progress on a public health initiative, according to people briefed on the matter. Data released by AP shows steady progress on a public health initiative, according to people briefed on the matter. Data released by AP shows steady progress on a public health initiative, according to people briefed on the matter. Data released by AP shows steady progress on a public health initiative, according to people briefed on the matter.",health,27-Apr-2025
A Government Spokesperson released data on update on quarterly earnings,Officials confirmed to a government spokesperson that quarterly earnings was discussed during a closed-door session on Monday. Officials confirmed to a government spokesperson that quarterly earnings was discussed during a closed-door session on Monday. Officials confirmed to a government spokesperson that quarterly earnings was discussed during a closed-door session on Monday. Officials confirmed to a government spokesperson that quarterly earnings was discussed during a closed-door session on Monday. Officials confirmed to a government spokesperson that quarterly earnings was discussed during a closed-door session on Monday. Officials confirmed to a government spokesperson that quarterly earnings was discussed during a closed-door session on Monday.,business,9-Aug-2025
A Government Spokesperson confirmed update on a court ruling,Officials confirmed to a government spokesperson that a court ruling was discussed during a closed-door session on Monday. Officials confirmed to a government spokesperson that a court ruling was discussed during a closed-door session on Monday. Officials confirmed to a government spokesperson that a court ruling was discussed during a closed-door session on Monday. Officials confirmed to a government spokesperson that a court ruling was discussed during a closed-door session on Monday. Officials confirmed to a government spokesperson that a court ruling was discussed during a closed-door session on Monday. Officials confirmed to a government spokesperson that a court ruling was discussed during a closed-door session on Monday.,business,6-Mar-2025
Officials confirmed update on a court ruling,"In a statement, officials confirmed an update regarding a court ruling, following weeks of negotiation. In a statement, officials confirmed an update regarding a court ruling, following weeks of negotiation. In a statement, officials confirmed an update regarding a court ruling, following weeks of negotiation. In a statement, officials confirmed an update regarding a court ruling, following weeks of negotiation. In a statement, officials confirmed an update regarding a court ruling, following weeks of negotiation. In a statement, officials confirmed an update regarding a court ruling, following weeks of negotiation.",politicsNews,17-Jan-2025
Reuters released data on update on a scientific research grant,"Reuters released data on details on a scientific research grant on Wednesday, citing officials familiar with the matter. Reuters released data on details on a scientific research grant on Wednesday, citing officials familiar with the matter. Reuters released data on details on a scientific research grant on Wednesday, citing officials familiar with the matter. Reuters released data on details on a scientific research grant on Wednesday, citing officials familiar with the matter. Reuters released data on details on a scientific research grant on Wednesday, citing officials familiar with the matter. Reuters released data on details on a scientific research grant on Wednesday, citing officials familiar with the matter.",politicsNews,14-Mar-2025
Ap released data on update on the annual budget,"According to AP, the annual budget will be reviewed by lawmakers next month after committee hearings. According to AP, the annual budget will be reviewed by lawmakers next month after committee hearings. According to AP, the annual budget will be reviewed by lawmakers next month after committee hearings. According to AP, the annual budget will be reviewed by lawmakers next month after committee hearings. According to AP, the annual budget will be reviewed by lawmakers next month after committee hearings. According to AP, the annual budget will be reviewed by lawmakers next month after committee hearings.",politicsNews,7-Sep-2025
A Government Spokesperson announced update on a public health initiative,"In a statement, a government spokesperson announced an update regarding a public health initiative, following weeks of negotiation. In a statement, a government spokesperson announced an update regarding a public health initiative, following weeks of negotiation. In a statement, a government spokesperson announced an update regarding a public health initiative, following weeks of negotiation. In a statement, a government spokesperson announced an update regarding a public health initiative, following weeks of negotiation. In a statement, a government spokesperson announced an update regarding a public health initiative, following weeks of negotiation. In a statement, a government spokesperson announced an update regarding a public health initiative, following weeks of negotiation.",health,16-Nov-2025
A Government Spokesperson announced update on trade negotiations,"In a statement, a government spokesperson announced an update regarding trade negotiations, following weeks of negotiation. In a statement, a government spokesperson announced an update regarding trade negotiations, following weeks of negotiation. In a statement, a government spokesperson announced an update regarding trade negotiations, following weeks of negotiation. In a statement, a government spokesperson announced an update regarding trade negotiations, following weeks of negotiation. In a statement, a government spokesperson announced an update regarding trade negotiations, following weeks of negotiation. In a statement, a government spokesperson announced an update regarding trade negotiations, following weeks of negotiation.",health,14-Jan-2025
Reuters released data on update on quarterly earnings,"Reuters released data on that quarterly earnings remains on schedule, according to a statement released Tuesday. Reuters released data on that quarterly earnings remains on schedule, according to a statement released Tuesday. Reuters released data on that quarterly earnings remains on schedule, according to a statement released Tuesday. Reuters released data on that quarterly earnings remains on schedule, according to a statement released Tuesday. Reuters released data on that quarterly earnings remains on schedule, according to a statement released Tuesday. Reuters released data on that quarterly earnings remains on schedule, according to a statement released Tuesday.",health,10-Jan-2025
Officials released data on update on a scientific research grant,Officials confirmed to officials that a scientific research grant was discussed during a closed-door session on Monday. Officials confirmed to officials that a scientific research grant was discussed during a closed-door session on Monday. Officials confirmed to officials that a scientific research grant was discussed during a closed-door session on Monday. Officials confirmed to officials that a scientific research grant was discussed during a closed-door session on Monday. Officials confirmed to officials that a scientific research grant was discussed during a closed-door session on Monday. Officials confirmed to officials that a scientific research grant was discussed during a closed-door session on Monday.,technology,26-Mar-2025
Reuters announced update on municipal budget allocations,"In a statement, Reuters announced an update regarding municipal budget allocations, following weeks of negotiation. In a statement, Reuters announced an update regarding municipal budget allocations, following weeks of negotiation. In a statement, Reuters announced an update regarding municipal budget allocations, following weeks of negotiation. In a statement, Reuters announced an update regarding municipal budget allocations, following weeks of negotiation. In a statement, Reuters announced an update regarding municipal budget allocations, following weeks of negotiation. In a statement, Reuters announced an update regarding municipal budget allocations, following weeks of negotiation.",worldnews,8-Apr-2025
Officials reported update on quarterly earnings,A spokesperson for officials reported the latest figures on quarterly earnings during a press briefing. A spokesperson for officials reported the latest figures on quarterly earnings during a press briefing. A spokesperson for officials reported the latest figures on quarterly earnings during a press briefing. A spokesperson for officials reported the latest figures on quarterly earnings during a press briefing. A spokesperson for officials reported the latest figures on quarterly earnings during a press briefing. A spokesperson for officials reported the latest figures on quarterly earnings during a press briefing.,business,9-Jul-2025
Reuters said update on a public health initiative,"Data released by Reuters shows steady progress on a public health initiative, according to people briefed on the matter. Data released by Reuters shows steady progress on a public health initiative, according to people briefed on the matter. Data released by Reuters shows steady progress on a public health initiative, according to people briefed on the matter. Data released by Reuters shows steady progress on a public health initiative, according to people briefed on the matter. Data released by Reuters shows steady progress on a public health initiative, according to people briefed on the matter. Data released by Reuters shows steady progress on a public health initiative, according to people briefed on the matter.",health,8-Dec-2025
Ap released data on update on election results,A spokesperson for AP released data on the latest figures on election results during a press briefing. A spokesperson for AP released data on the latest figures on election results during a press briefing. A spokesperson for AP released data on the latest figures on election results during a press briefing. A spokesperson for AP released data on the latest figures on election results during a press briefing. A spokesperson for AP released data on the latest figures on election results during a press briefing. A spokesperson for AP released data on the latest figures on election results during a press briefing.,politicsNews,21-Nov-2025
Reuters said update on the annual budget,"Data released by Reuters shows steady progress on the annual budget, according to people briefed on the matter. Data released by Reuters shows steady progress on the annual budget, according to people briefed on the matter. Data released by Reuters shows steady progress on the annual budget, according to people briefed on the matter. Data released by Reuters shows steady progress on the annual budget, according to people briefed on the matter. Data released by Reuters shows steady progress on the annual budget, according to people briefed on the matter. Data released by Reuters shows steady progress on the annual budget, according to people briefed on the matter.",technology,18-Aug-2025
Reuters announced update on unemployment figures,Officials confirmed to Reuters that unemployment figures was discussed during a closed-door session on Monday. Officials confirmed to Reuters that unemployment figures was discussed during a closed-door session on Monday. Officials confirmed to Reuters that unemployment figures was discussed during a closed-door session on Monday. Officials confirmed to Reuters that unemployment figures was discussed during a closed-door session on Monday. Officials confirmed to Reuters that unemployment figures was discussed during a closed-door session on Monday. Officials confirmed to Reuters that unemployment figures was discussed during a closed-door session on Monday.,worldnews,3-Aug-2025
A Government Spokesperson reported update on unemployment figures,"In a statement, a government spokesperson reported an update regarding unemployment figures, following weeks of negotiation. In a statement, a government spokesperson reported an update regarding unemployment figures, following weeks of negotiation. In a statement, a government spokesperson reported an update regarding unemployment figures, following weeks of negotiation. In a statement, a government spokesperson reported an update regarding unemployment figures, following weeks of negotiation. In a statement, a government spokesperson reported an update regarding unemployment figures, following weeks of negotiation. In a statement, a government spokesperson reported an update regarding unemployment figures, following weeks of negotiation.",politicsNews,17-Jan-2025
Ap released data on update on the central bank's interest rate decision,"In a statement, AP released data on an update regarding the central bank's interest rate decision, following weeks of negotiation. In a statement, AP released data on an update regarding the central bank's interest rate decision, following weeks of negotiation. In a statement, AP released data on an update regarding the central bank's interest rate decision, following weeks of negotiation. In a statement, AP released data on an update regarding the central bank's interest rate decision, following weeks of negotiation. In a statement, AP released data on an update regarding the central bank's interest rate decision, following weeks of negotiation. In a statement, AP released data on an update regarding the central bank's interest rate decision, following weeks of negotiation.",technology,9-Jan-2025
Reuters reported update on unemployment figures,"In a statement, Reuters reported an update regarding unemployment figures, following weeks of negotiation. In a statement, Reuters reported an update regarding unemployment figures, following weeks of negotiation. In a statement, Reuters reported an update regarding unemployment figures, following weeks of negotiation. In a statement, Reuters reported an update regarding unemployment figures, following weeks of negotiation. In a statement, Reuters reported an update regarding unemployment figures, following weeks of negotiation. In a statement, Reuters reported an update regarding unemployment figures, following weeks of negotiation.",health,22-Jan-2025
Ap reported update on municipal budget allocations,"AP reported details on municipal budget allocations on Wednesday, citing officials familiar with the matter. AP reported details on municipal budget allocations on Wednesday, citing officials familiar with the matter. AP reported details on municipal budget allocations on Wednesday, citing officials familiar with the matter. AP reported details on municipal budget allocations on Wednesday, citing officials familiar with the matter. AP reported details on municipal budget allocations on Wednesday, citing officials familiar with the matter. AP reported details on municipal budget allocations on Wednesday, citing officials familiar with the matter.",worldnews,19-Mar-2025
A Government Spokesperson announced update on municipal budget allocations,"a government spokesperson announced that municipal budget allocations remains on schedule, according to a statement released Tuesday. a government spokesperson announced that municipal budget allocations remains on schedule, according to a statement released Tuesday. a government spokesperson announced that municipal budget allocations remains on schedule, according to a statement released Tuesday. a government spokesperson announced that municipal budget allocations remains on schedule, according to a statement released Tuesday. a government spokesperson announced that municipal budget allocations remains on schedule, according to a statement released Tuesday. a government spokesperson announced that municipal budget allocations remains on schedule, according to a statement released Tuesday.",worldnews,19-Apr-2025
Officials said update on a scientific research grant,Officials confirmed to officials that a scientific research grant was discussed during a closed-door session on Monday. Officials confirmed to officials that a scientific research grant was discussed during a closed-door session on Monday. Officials confirmed to officials that a scientific research grant was discussed during a closed-door session on Monday. Officials confirmed to officials that a scientific research grant was discussed during a closed-door session on Monday. Officials confirmed to officials that a scientific research grant was discussed during a closed-door session on Monday. Officials confirmed to officials that a scientific research grant was discussed during a closed-door session on Monday.,health,11-Jul-2025
Ap released data on update on regional trade agreements,Officials confirmed to AP that regional trade agreements was discussed during a closed-door session on Monday. Officials confirmed to AP that regional trade agreements was discussed during a closed-door session on Monday. Officials confirmed to AP that regional trade agreements was discussed during a closed-door session on Monday. Officials confirmed to AP that regional trade agreements was discussed during a closed-door session on Monday. Officials confirmed to AP that regional trade agreements was discussed during a closed-door session on Monday. Officials confirmed to AP that regional trade agreements was discussed during a closed-door session on Monday.,politicsNews,17-Dec-2025
the Finance Ministry announced update on trade negotiations,"Data released by the finance ministry shows steady progress on trade negotiations, according to people briefed on the matter. Data released by the finance ministry shows steady progress on trade negotiations, according to people briefed on the matter. Data released by the finance ministry shows steady progress on trade negotiations, according to people briefed on the matter. Data released by the finance ministry shows steady progress on trade negotiations, according to people briefed on the matter. Data released by the finance ministry shows steady progress on trade negotiations, according to people briefed on the matter. Data released by the finance ministry shows steady progress on trade negotiations, according to people briefed on the matter.",worldnews,27-Feb-2025
the Finance Ministry stated update on a diplomatic summit,"In a statement, the finance ministry stated an update regarding a diplomatic summit, following weeks of negotiation. In a statement, the finance ministry stated an update regarding a diplomatic summit, following weeks of negotiation. In a statement, the finance ministry stated an update regarding a diplomatic summit, following weeks of negotiation. In a statement, the finance ministry stated an update regarding a diplomatic summit, following weeks of negotiation. In a statement, the finance ministry stated an update regarding a diplomatic summit, following weeks of negotiation. In a statement, the finance ministry stated an update regarding a diplomatic summit, following weeks of negotiation.",technology,25-Jun-2025
Reuters reported update on unemployment figures,A spokesperson for Reuters reported the latest figures on unemployment figures during a press briefing. A spokesperson for Reuters reported the latest figures on unemployment figures during a press briefing. A spokesperson for Reuters reported the latest figures on unemployment figures during a press briefing. A spokesperson for Reuters reported the latest figures on unemployment figures during a press briefing. A spokesperson for Reuters reported the latest figures on unemployment figures during a press briefing. A spokesperson for Reuters reported the latest figures on unemployment figures during a press briefing.,technology,16-Apr-2025
the Finance Ministry said update on quarterly earnings,"Data released by the finance ministry shows steady progress on quarterly earnings, according to people briefed on the matter. Data released by the finance ministry shows steady progress on quarterly earnings, according to people briefed on the matter. Data released by the finance ministry shows steady progress on quarterly earnings, according to people briefed on the matter. Data released by the finance ministry shows steady progress on quarterly earnings, according to people briefed on the matter. Data released by the finance ministry shows steady progress on quarterly earnings, according to people briefed on the matter. Data released by the finance ministry shows steady progress on quarterly earnings, according to people briefed on the matter.",worldnews,22-Oct-2025
A Government Spokesperson stated update on the annual budget,"a government spokesperson stated that the annual budget remains on schedule, according to a statement released Tuesday. a government spokesperson stated that the annual budget remains on schedule, according to a statement released Tuesday. a government spokesperson stated that the annual budget remains on schedule, according to a statement released Tuesday. a government spokesperson stated that the annual budget remains on schedule, according to a statement released Tuesday. a government spokesperson stated that the annual budget remains on schedule, according to a statement released Tuesday. a government spokesperson stated that the annual budget remains on schedule, according to a statement released Tuesday.",worldnews,23-Feb-2025
Reuters confirmed update on election results,"Data released by Reuters shows steady progress on election results, according to people briefed on the matter. Data released by Reuters shows steady progress on election results, according to people briefed on the matter. Data released by Reuters shows steady progress on election results, according to people briefed on the matter. Data released by Reuters shows steady progress on election results, according to people briefed on the matter. Data released by Reuters shows steady progress on election results, according to people briefed on the matter. Data released by Reuters shows steady progress on election results, according to people briefed on the matter.",worldnews,24-Jul-2025
the Finance Ministry announced update on a public health initiative,"the finance ministry announced details on a public health initiative on Wednesday, citing officials familiar with the matter. the finance ministry announced details on a public health initiative on Wednesday, citing officials familiar with the matter. the finance ministry announced details on a public health initiative on Wednesday, citing officials familiar with the matter. the finance ministry announced details on a public health initiative on Wednesday, citing officials familiar with the matter. the finance ministry announced details on a public health initiative on Wednesday, citing officials familiar with the matter. the finance ministry announced details on a public health initiative on Wednesday, citing officials familiar with the matter.",politicsNews,10-Aug-2025
the Finance Ministry reported update on regional trade agreements,"the finance ministry reported details on regional trade agreements on Wednesday, citing officials familiar with the matter. the finance ministry reported details on regional trade agreements on Wednesday, citing officials familiar with the matter. the finance ministry reported details on regional trade agreements on Wednesday, citing officials familiar with the matter. the finance ministry reported details on regional trade agreements on Wednesday, citing officials familiar with the matter. the finance ministry reported details on regional trade agreements on Wednesday, citing officials familiar with the matter. the finance ministry reported details on regional trade agreements on Wednesday, citing officials familiar with the matter.",worldnews,3-Mar-2025
A Government Spokesperson stated update on a court ruling,"In a statement, a government spokesperson stated an update regarding a court ruling, following weeks of negotiation. In a statement, a government spokesperson stated an update regarding a court ruling, following weeks of negotiation. In a statement, a government spokesperson stated an update regarding a court ruling, following weeks of negotiation. In a statement, a government spokesperson stated an update regarding a court ruling, following weeks of negotiation. In a statement, a government spokesperson stated an update regarding a court ruling, following weeks of negotiation. In a statement, a government spokesperson stated an update regarding a court ruling, following weeks of negotiation.",health,14-Feb-2025
Reuters reported update on the annual budget,"In a statement, Reuters reported an update regarding the annual budget, following weeks of negotiation. In a statement, Reuters reported an update regarding the annual budget, following weeks of negotiation. In a statement, Reuters reported an update regarding the annual budget, following weeks of negotiation. In a statement, Reuters reported an update regarding the annual budget, following weeks of negotiation. In a statement, Reuters reported an update regarding the annual budget, following weeks of negotiation. In a statement, Reuters reported an update regarding the annual budget, following weeks of negotiation.",politicsNews,20-Oct-2025
the Finance Ministry said update on a scientific research grant,"the finance ministry said details on a scientific research grant on Wednesday, citing officials familiar with the matter. the finance ministry said details on a scientific research grant on Wednesday, citing officials familiar with the matter. the finance ministry said details on a scientific research grant on Wednesday, citing officials familiar with the matter. the finance ministry said details on a scientific research grant on Wednesday, citing officials familiar with the matter. the finance ministry said details on a scientific research grant on Wednesday, citing officials familiar with the matter. the finance ministry said details on a scientific research grant on Wednesday, citing officials familiar with the matter.",business,14-Jul-2025
Reuters stated update on a new education reform bill,"According to Reuters, a new education reform bill will be reviewed by lawmakers next month after committee hearings. According to Reuters, a new education reform bill will be reviewed by lawmakers next month after committee hearings. According to Reuters, a new education reform bill will be reviewed by lawmakers next month after committee hearings. According to Reuters, a new education reform bill will be reviewed by lawmakers next month after committee hearings. According to Reuters, a new education reform bill will be reviewed by lawmakers next month after committee hearings. According to Reuters, a new education reform bill will be reviewed by lawmakers next month after committee hearings.",health,17-Mar-2025
A Government Spokesperson confirmed update on a new infrastructure bill,"a government spokesperson confirmed that a new infrastructure bill remains on schedule, according to a statement released Tuesday. a government spokesperson confirmed that a new infrastructure bill remains on schedule, according to a statement released Tuesday. a government spokesperson confirmed that a new infrastructure bill remains on schedule, according to a statement released Tuesday. a government spokesperson confirmed that a new infrastructure bill remains on schedule, according to a statement released Tuesday. a government spokesperson confirmed that a new infrastructure bill remains on schedule, according to a statement released Tuesday. a government spokesperson confirmed that a new infrastructure bill remains on schedule, according to a statement released Tuesday.",business,9-Aug-2025
Ap confirmed update on the annual budget,"Data released by AP shows steady progress on the annual budget, according to people briefed on the matter. Data released by AP shows steady progress on the annual budget, according to people briefed on the matter. Data released by AP shows steady progress on the annual budget, according to people briefed on the matter. Data released by AP shows steady progress on the annual budget, according to people briefed on the matter. Data released by AP shows steady progress on the annual budget, according to people briefed on the matter. Data released by AP shows steady progress on the annual budget, according to people briefed on the matter.",business,14-May-2025
A Government Spokesperson announced update on regional trade agreements,"a government spokesperson announced that regional trade agreements remains on schedule, according to a statement released Tuesday. a government spokesperson announced that regional trade agreements remains on schedule, according to a statement released Tuesday. a government spokesperson announced that regional trade agreements remains on schedule, according to a statement released Tuesday. a government spokesperson announced that regional trade agreements remains on schedule, according to a statement released Tuesday. a government spokesperson announced that regional trade agreements remains on schedule, according to a statement released Tuesday. a government spokesperson announced that regional trade agreements remains on schedule, according to a statement released Tuesday.",business,8-Dec-2025
A Government Spokesperson stated update on a diplomatic summit,"According to a government spokesperson, a diplomatic summit will be reviewed by lawmakers next month after committee hearings. According to a government spokesperson, a diplomatic summit will be reviewed by lawmakers next month after committee hearings. According to a government spokesperson, a diplomatic summit will be reviewed by lawmakers next month after committee hearings. According to a government spokesperson, a diplomatic summit will be reviewed by lawmakers next month after committee hearings. According to a government spokesperson, a diplomatic summit will be reviewed by lawmakers next month after committee hearings. According to a government spokesperson, a diplomatic summit will be reviewed by lawmakers next month after committee hearings.",technology,4-Mar-2025
the Finance Ministry said update on trade negotiations,"the finance ministry said that trade negotiations remains on schedule, according to a statement released Tuesday. the finance ministry said that trade negotiations remains on schedule, according to a statement released Tuesday. the finance ministry said that trade negotiations remains on schedule, according to a statement released Tuesday. the finance ministry said that trade negotiations remains on schedule, according to a statement released Tuesday. the finance ministry said that trade negotiations remains on schedule, according to a statement released Tuesday. the finance ministry said that trade negotiations remains on schedule, according to a statement released Tuesday.",health,13-Jun-2025
A Government Spokesperson said update on a public health initiative,A spokesperson for a government spokesperson said the latest figures on a public health initiative during a press briefing. A spokesperson for a government spokesperson said the latest figures on a public health initiative during a press briefing. A spokesperson for a government spokesperson said the latest figures on a public health initiative during a press briefing. A spokesperson for a government spokesperson said the latest figures on a public health initiative during a press briefing. A spokesperson for a government spokesperson said the latest figures on a public health initiative during a press briefing. A spokesperson for a government spokesperson said the latest figures on a public health initiative during a press briefing.,health,5-May-2025
the Finance Ministry released data on update on a diplomatic summit,"According to the finance ministry, a diplomatic summit will be reviewed by lawmakers next month after committee hearings. According to the finance ministry, a diplomatic summit will be reviewed by lawmakers next month after committee hearings. According to the finance ministry, a diplomatic summit will be reviewed by lawmakers next month after committee hearings. According to the finance ministry, a diplomatic summit will be reviewed by lawmakers next month after committee hearings. According to the finance ministry, a diplomatic summit will be reviewed by lawmakers next month after committee hearings. According to the finance ministry, a diplomatic summit will be reviewed by lawmakers next month after committee hearings.",technology,11-Mar-2025
A Government Spokesperson reported update on a public health initiative,Officials confirmed to a government spokesperson that a public health initiative was discussed during a closed-door session on Monday. Officials confirmed to a government spokesperson that a public health initiative was discussed during a closed-door session on Monday. Officials confirmed to a government spokesperson that a public health initiative was discussed during a closed-door session on Monday. Officials confirmed to a government spokesperson that a public health initiative was discussed during a closed-door session on Monday. Officials confirmed to a government spokesperson that a public health initiative was discussed during a closed-door session on Monday. Officials confirmed to a government spokesperson that a public health initiative was discussed during a closed-door session on Monday.,technology,19-Apr-2025
the Finance Ministry reported update on climate policy talks,A spokesperson for the finance ministry reported the latest figures on climate policy talks during a press briefing. A spokesperson for the finance ministry reported the latest figures on climate policy talks during a press briefing. A spokesperson for the finance ministry reported the latest figures on climate policy talks during a press briefing. A spokesperson for the finance ministry reported the latest figures on climate policy talks during a press briefing. A spokesperson for the finance ministry reported the latest figures on climate policy talks during a press briefing. A spokesperson for the finance ministry reported the latest figures on climate policy talks during a press briefing.,technology,12-Feb-2025
Officials stated update on the central bank's interest rate decision,"In a statement, officials stated an update regarding the central bank's interest rate decision, following weeks of negotiation. In a statement, officials stated an update regarding the central bank's interest rate decision, following weeks of negotiation. In a statement, officials stated an update regarding the central bank's interest rate decision, following weeks of negotiation. In a statement, officials stated an update regarding the central bank's interest rate decision, following weeks of negotiation. In a statement, officials stated an update regarding the central bank's interest rate decision, following weeks of negotiation. In a statement, officials stated an update regarding the central bank's interest rate decision, following weeks of negotiation.",worldnews,22-Sep-2025
Reuters said update on a new education reform bill,Officials confirmed to Reuters that a new education reform bill was discussed during a closed-door session on Monday. Officials confirmed to Reuters that a new education reform bill was discussed during a closed-door session on Monday. Officials confirmed to Reuters that a new education reform bill was discussed during a closed-door session on Monday. Officials confirmed to Reuters that a new education reform bill was discussed during a closed-door session on Monday. Officials confirmed to Reuters that a new education reform bill was discussed during a closed-door session on Monday. Officials confirmed to Reuters that a new education reform bill was discussed during a closed-door session on Monday.,worldnews,15-May-2025
Reuters said update on a scientific research grant,Officials confirmed to Reuters that a scientific research grant was discussed during a closed-door session on Monday. Officials confirmed to Reuters that a scientific research grant was discussed during a closed-door session on Monday. Officials confirmed to Reuters that a scientific research grant was discussed during a closed-door session on Monday. Officials confirmed to Reuters that a scientific research grant was discussed during a closed-door session on Monday. Officials confirmed to Reuters that a scientific research grant was discussed during a closed-door session on Monday. Officials confirmed to Reuters that a scientific research grant was discussed during a closed-door session on Monday.,technology,5-Nov-2025
the Finance Ministry reported update on the central bank's interest rate decision,Officials confirmed to the finance ministry that the central bank's interest rate decision was discussed during a closed-door session on Monday. Officials confirmed to the finance ministry that the central bank's interest rate decision was discussed during a closed-door session on Monday. Officials confirmed to the finance ministry that the central bank's interest rate decision was discussed during a closed-door session on Monday. Officials confirmed to the finance ministry that the central bank's interest rate decision was discussed during a closed-door session on Monday. Officials confirmed to the finance ministry that the central bank's interest rate decision was discussed during a closed-door session on Monday. Officials confirmed to the finance ministry that the central bank's interest rate decision was discussed during a closed-door session on Monday.,worldnews,23-Jul-2025
A Government Spokesperson said update on the annual budget,"In a statement, a government spokesperson said an update regarding the annual budget, following weeks of negotiation. In a statement, a government spokesperson said an update regarding the annual budget, following weeks of negotiation. In a statement, a government spokesperson said an update regarding the annual budget, following weeks of negotiation. In a statement, a government spokesperson said an update regarding the annual budget, following weeks of negotiation. In a statement, a government spokesperson said an update regarding the annual budget, following weeks of negotiation. In a statement, a government spokesperson said an update regarding the annual budget, following weeks of negotiation.",technology,19-Jul-2025
Officials released data on update on quarterly earnings,"Data released by officials shows steady progress on quarterly earnings, according to people briefed on the matter. Data released by officials shows steady progress on quarterly earnings, according to people briefed on the matter. Data released by officials shows steady progress on quarterly earnings, according to people briefed on the matter. Data released by officials shows steady progress on quarterly earnings, according to people briefed on the matter. Data released by officials shows steady progress on quarterly earnings, according to people briefed on the matter. Data released by officials shows steady progress on quarterly earnings, according to people briefed on the matter.",health,2-Jun-2025
Officials released data on update on a diplomatic summit,"officials released data on details on a diplomatic summit on Wednesday, citing officials familiar with the matter. officials released data on details on a diplomatic summit on Wednesday, citing officials familiar with the matter. officials released data on details on a diplomatic summit on Wednesday, citing officials familiar with the matter. officials released data on details on a diplomatic summit on Wednesday, citing officials familiar with the matter. officials released data on details on a diplomatic summit on Wednesday, citing officials familiar with the matter. officials released data on details on a diplomatic summit on Wednesday, citing officials familiar with the matter.",politicsNews,25-Apr-2025
the Finance Ministry released data on update on a new infrastructure bill,"In a statement, the finance ministry released data on an update regarding a new infrastructure bill, following weeks of negotiation. In a statement, the finance ministry released data on an update regarding a new infrastructure bill, following weeks of negotiation. In a statement, the finance ministry released data on an update regarding a new infrastructure bill, following weeks of negotiation. In a statement, the finance ministry released data on an update regarding a new infrastructure bill, following weeks of negotiation. In a statement, the finance ministry released data on an update regarding a new infrastructure bill, following weeks of negotiation. In a statement, the finance ministry released data on an update regarding a new infrastructure bill, following weeks of negotiation.",politicsNews,19-Nov-2025
A Government Spokesperson reported update on regional trade agreements,A spokesperson for a government spokesperson reported the latest figures on regional trade agreements during a press briefing. A spokesperson for a government spokesperson reported the latest figures on regional trade agreements during a press briefing. A spokesperson for a government spokesperson reported the latest figures on regional trade agreements during a press briefing. A spokesperson for a government spokesperson reported the latest figures on regional trade agreements during a press briefing. A spokesperson for a government spokesperson reported the latest figures on regional trade agreements during a press briefing. A spokesperson for a government spokesperson reported the latest figures on regional trade agreements during a press briefing.,technology,4-Jan-2025
Reuters confirmed update on election results,"In a statement, Reuters confirmed an update regarding election results, following weeks of negotiation. In a statement, Reuters confirmed an update regarding election results, following weeks of negotiation. In a statement, Reuters confirmed an update regarding election results, following weeks of negotiation. In a statement, Reuters confirmed an update regarding election results, following weeks of negotiation. In a statement, Reuters confirmed an update regarding election results, following weeks of negotiation. In a statement, Reuters confirmed an update regarding election results, following weeks of negotiation.",health,18-Oct-2025
Officials said update on the central bank's interest rate decision,"officials said that the central bank's interest rate decision remains on schedule, according to a statement released Tuesday. officials said that the central bank's interest rate decision remains on schedule, according to a statement released Tuesday. officials said that the central bank's interest rate decision remains on schedule, according to a statement released Tuesday. officials said that the central bank's interest rate decision remains on schedule, according to a statement released Tuesday. officials said that the central bank's interest rate decision remains on schedule, according to a statement released Tuesday. officials said that the central bank's interest rate decision remains on schedule, according to a statement released Tuesday.",technology,15-Nov-2025
Officials stated update on a new education reform bill,"According to officials, a new education reform bill will be reviewed by lawmakers next month after committee hearings. According to officials, a new education reform bill will be reviewed by lawmakers next month after committee hearings. According to officials, a new education reform bill will be reviewed by lawmakers next month after committee hearings. According to officials, a new education reform bill will be reviewed by lawmakers next month after committee hearings. According to officials, a new education reform bill will be reviewed by lawmakers next month after committee hearings. According to officials, a new education reform bill will be reviewed by lawmakers next month after committee hearings.",business,1-Aug-2025
Reuters said update on election results,"Reuters said details on election results on Wednesday, citing officials familiar with the matter. Reuters said details on election results on Wednesday, citing officials familiar with the matter. Reuters said details on election results on Wednesday, citing officials familiar with the matter. Reuters said details on election results on Wednesday, citing officials familiar with the matter. Reuters said details on election results on Wednesday, citing officials familiar with the matter. Reuters said details on election results on Wednesday, citing officials familiar with the matter.",politicsNews,27-Dec-2025
Ap reported update on a public health initiative,"AP reported that a public health initiative remains on schedule, according to a statement released Tuesday. AP reported that a public health initiative remains on schedule, according to a statement released Tuesday. AP reported that a public health initiative remains on schedule, according to a statement released Tuesday. AP reported that a public health initiative remains on schedule, according to a statement released Tuesday. AP reported that a public health initiative remains on schedule, according to a statement released Tuesday. AP reported that a public health initiative remains on schedule, according to a statement released Tuesday.",technology,26-Apr-2025
Officials reported update on a court ruling,"Data released by officials shows steady progress on a court ruling, according to people briefed on the matter. Data released by officials shows steady progress on a court ruling, according to people briefed on the matter. Data released by officials shows steady progress on a court ruling, according to people briefed on the matter. Data released by officials shows steady progress on a court ruling, according to people briefed on the matter. Data released by officials shows steady progress on a court ruling, according to people briefed on the matter. Data released by officials shows steady progress on a court ruling, according to people briefed on the matter.",politicsNews,15-Dec-2025
A Government Spokesperson announced update on a public health initiative,"a government spokesperson announced that a public health initiative remains on schedule, according to a statement released Tuesday. a government spokesperson announced that a public health initiative remains on schedule, according to a statement released Tuesday. a government spokesperson announced that a public health initiative remains on schedule, according to a statement released Tuesday. a government spokesperson announced that a public health initiative remains on schedule, according to a statement released Tuesday. a government spokesperson announced that a public health initiative remains on schedule, according to a statement released Tuesday. a government spokesperson announced that a public health initiative remains on schedule, according to a statement released Tuesday.",politicsNews,26-Dec-2025
Reuters reported update on trade negotiations,Officials confirmed to Reuters that trade negotiations was discussed during a closed-door session on Monday. Officials confirmed to Reuters that trade negotiations was discussed during a closed-door session on Monday. Officials confirmed to Reuters that trade negotiations was discussed during a closed-door session on Monday. Officials confirmed to Reuters that trade negotiations was discussed during a closed-door session on Monday. Officials confirmed to Reuters that trade negotiations was discussed during a closed-door session on Monday. Officials confirmed to Reuters that trade negotiations was discussed during a closed-door session on Monday.,politicsNews,22-Mar-2025
Ap confirmed update on quarterly earnings,"In a statement, AP confirmed an update regarding quarterly earnings, following weeks of negotiation. In a statement, AP confirmed an update regarding quarterly earnings, following weeks of negotiation. In a statement, AP confirmed an update regarding quarterly earnings, following weeks of negotiation. In a statement, AP confirmed an update regarding quarterly earnings, following weeks of negotiation. In a statement, AP confirmed an update regarding quarterly earnings, following weeks of negotiation. In a statement, AP confirmed an update regarding quarterly earnings, following weeks of negotiation.",worldnews,11-Sep-2025
A Government Spokesperson confirmed update on a court ruling,A spokesperson for a government spokesperson confirmed the latest figures on a court ruling during a press briefing. A spokesperson for a government spokesperson confirmed the latest figures on a court ruling during a press briefing. A spokesperson for a government spokesperson confirmed the latest figures on a court ruling during a press briefing. A spokesperson for a government spokesperson confirmed the latest figures on a court ruling during a press briefing. A spokesperson for a government spokesperson confirmed the latest figures on a court ruling during a press briefing. A spokesperson for a government spokesperson confirmed the latest figures on a court ruling during a press briefing.,technology,21-Mar-2025
Ap released data on update on unemployment figures,"Data released by AP shows steady progress on unemployment figures, according to people briefed on the matter. Data released by AP shows steady progress on unemployment figures, according to people briefed on the matter. Data released by AP shows steady progress on unemployment figures, according to people briefed on the matter. Data released by AP shows steady progress on unemployment figures, according to people briefed on the matter. Data released by AP shows steady progress on unemployment figures, according to people briefed on the matter. Data released by AP shows steady progress on unemployment figures, according to people briefed on the matter.",technology,1-Dec-2025
Officials confirmed update on municipal budget allocations,"Data released by officials shows steady progress on municipal budget allocations, according to people briefed on the matter. Data released by officials shows steady progress on municipal budget allocations, according to people briefed on the matter. Data released by officials shows steady progress on municipal budget allocations, according to people briefed on the matter. Data released by officials shows steady progress on municipal budget allocations, according to people briefed on the matter. Data released by officials shows steady progress on municipal budget allocations, according to people briefed on the matter. Data released by officials shows steady progress on municipal budget allocations, according to people briefed on the matter.",health,14-Jul-2025
Reuters confirmed update on a new education reform bill,"According to Reuters, a new education reform bill will be reviewed by lawmakers next month after committee hearings. According to Reuters, a new education reform bill will be reviewed by lawmakers next month after committee hearings. According to Reuters, a new education reform bill will be reviewed by lawmakers next month after committee hearings. According to Reuters, a new education reform bill will be reviewed by lawmakers next month after committee hearings. According to Reuters, a new education reform bill will be reviewed by lawmakers next month after committee hearings. According to Reuters, a new education reform bill will be reviewed by lawmakers next month after committee hearings.",business,25-Dec-2025
Reuters announced update on a diplomatic summit,A spokesperson for Reuters announced the latest figures on a diplomatic summit during a press briefing. A spokesperson for Reuters announced the latest figures on a diplomatic summit during a press briefing. A spokesperson for Reuters announced the latest figures on a diplomatic summit during a press briefing. A spokesperson for Reuters announced the latest figures on a diplomatic summit during a press briefing. A spokesperson for Reuters announced the latest figures on a diplomatic summit during a press briefing. A spokesperson for Reuters announced the latest figures on a diplomatic summit during a press briefing.,health,6-Jun-2025
the Finance Ministry said update on the central bank's interest rate decision,"the finance ministry said details on the central bank's interest rate decision on Wednesday, citing officials familiar with the matter. the finance ministry said details on the central bank's interest rate decision on Wednesday, citing officials familiar with the matter. the finance ministry said details on the central bank's interest rate decision on Wednesday, citing officials familiar with the matter. the finance ministry said details on the central bank's interest rate decision on Wednesday, citing officials familiar with the matter. the finance ministry said details on the central bank's interest rate decision on Wednesday, citing officials familiar with the matter. the finance ministry said details on the central bank's interest rate decision on Wednesday, citing officials familiar with the matter.",business,22-Aug-2025
Officials reported update on unemployment figures,"In a statement, officials reported an update regarding unemployment figures, following weeks of negotiation. In a statement, officials reported an update regarding unemployment figures, following weeks of negotiation. In a statement, officials reported an update regarding unemployment figures, following weeks of negotiation. In a statement, officials reported an update regarding unemployment figures, following weeks of negotiation. In a statement, officials reported an update regarding unemployment figures, following weeks of negotiation. In a statement, officials reported an update regarding unemployment figures, following weeks of negotiation.",technology,20-Jul-2025
Officials reported update on the annual budget,"officials reported that the annual budget remains on schedule, according to a statement released Tuesday. officials reported that the annual budget remains on schedule, according to a statement released Tuesday. officials reported that the annual budget remains on schedule, according to a statement released Tuesday. officials reported that the annual budget remains on schedule, according to a statement released Tuesday. officials reported that the annual budget remains on schedule, according to a statement released Tuesday. officials reported that the annual budget remains on schedule, according to a statement released Tuesday.",technology,20-Mar-2025
the Finance Ministry stated update on municipal budget allocations,"In a statement, the finance ministry stated an update regarding municipal budget allocations, following weeks of negotiation. In a statement, the finance ministry stated an update regarding municipal budget allocations, following weeks of negotiation. In a statement, the finance ministry stated an update regarding municipal budget allocations, following weeks of negotiation. In a statement, the finance ministry stated an update regarding municipal budget allocations, following weeks of negotiation. In a statement, the finance ministry stated an update regarding municipal budget allocations, following weeks of negotiation. In a statement, the finance ministry stated an update regarding municipal budget allocations, following weeks of negotiation.",politicsNews,22-Mar-2025
the Finance Ministry confirmed update on the annual budget,"the finance ministry confirmed that the annual budget remains on schedule, according to a statement released Tuesday. the finance ministry confirmed that the annual budget remains on schedule, according to a statement released Tuesday. the finance ministry confirmed that the annual budget remains on schedule, according to a statement released Tuesday. the finance ministry confirmed that the annual budget remains on schedule, according to a statement released Tuesday. the finance ministry confirmed that the annual budget remains on schedule, according to a statement released Tuesday. the finance ministry confirmed that the annual budget remains on schedule, according to a statement released Tuesday.",politicsNews,6-Jun-2025
Ap said update on quarterly earnings,"Data released by AP shows steady progress on quarterly earnings, according to people briefed on the matter. Data released by AP shows steady progress on quarterly earnings, according to people briefed on the matter. Data released by AP shows steady progress on quarterly earnings, according to people briefed on the matter. Data released by AP shows steady progress on quarterly earnings, according to people briefed on the matter. Data released by AP shows steady progress on quarterly earnings, according to people briefed on the matter. Data released by AP shows steady progress on quarterly earnings, according to people briefed on the matter.",health,5-Oct-2025
A Government Spokesperson confirmed update on climate policy talks,"Data released by a government spokesperson shows steady progress on climate policy talks, according to people briefed on the matter. Data released by a government spokesperson shows steady progress on climate policy talks, according to people briefed on the matter. Data released by a government spokesperson shows steady progress on climate policy talks, according to people briefed on the matter. Data released by a government spokesperson shows steady progress on climate policy talks, according to people briefed on the matter. Data released by a government spokesperson shows steady progress on climate policy talks, according to people briefed on the matter. Data released by a government spokesperson shows steady progress on climate policy talks, according to people briefed on the matter.",health,23-Nov-2025
Ap confirmed update on quarterly earnings,"Data released by AP shows steady progress on quarterly earnings, according to people briefed on the matter. Data released by AP shows steady progress on quarterly earnings, according to people briefed on the matter. Data released by AP shows steady progress on quarterly earnings, according to people briefed on the matter. Data released by AP shows steady progress on quarterly earnings, according to people briefed on the matter. Data released by AP shows steady progress on quarterly earnings, according to people briefed on the matter. Data released by AP shows steady progress on quarterly earnings, according to people briefed on the matter.",business,5-Mar-2025
the Finance Ministry said update on a scientific research grant,"In a statement, the finance ministry said an update regarding a scientific research grant, following weeks of negotiation. In a statement, the finance ministry said an update regarding a scientific research grant, following weeks of negotiation. In a statement, the finance ministry said an update regarding a scientific research grant, following weeks of negotiation. In a statement, the finance ministry said an update regarding a scientific research grant, following weeks of negotiation. In a statement, the finance ministry said an update regarding a scientific research grant, following weeks of negotiation. In a statement, the finance ministry said an update regarding a scientific research grant, following weeks of negotiation.",politicsNews,28-Jun-2025
Reuters confirmed update on a court ruling,"According to Reuters, a court ruling will be reviewed by lawmakers next month after committee hearings. According to Reuters, a court ruling will be reviewed by lawmakers next month after committee hearings. According to Reuters, a court ruling will be reviewed by lawmakers next month after committee hearings. According to Reuters, a court ruling will be reviewed by lawmakers next month after committee hearings. According to Reuters, a court ruling will be reviewed by lawmakers next month after committee hearings. According to Reuters, a court ruling will be reviewed by lawmakers next month after committee hearings.",technology,18-Sep-2025
A Government Spokesperson released data on update on climate policy talks,"Data released by a government spokesperson shows steady progress on climate policy talks, according to people briefed on the matter. Data released by a government spokesperson shows steady progress on climate policy talks, according to people briefed on the matter. Data released by a government spokesperson shows steady progress on climate policy talks, according to people briefed on the matter. Data released by a government spokesperson shows steady progress on climate policy talks, according to people briefed on the matter. Data released by a government spokesperson shows steady progress on climate policy talks, according to people briefed on the matter. Data released by a government spokesperson shows steady progress on climate policy talks, according to people briefed on the matter.",technology,23-Aug-2025
A Government Spokesperson announced update on a new infrastructure bill,"In a statement, a government spokesperson announced an update regarding a new infrastructure bill, following weeks of negotiation. In a statement, a government spokesperson announced an update regarding a new infrastructure bill, following weeks of negotiation. In a statement, a government spokesperson announced an update regarding a new infrastructure bill, following weeks of negotiation. In a statement, a government spokesperson announced an update regarding a new infrastructure bill, following weeks of negotiation. In a statement, a government spokesperson announced an update regarding a new infrastructure bill, following weeks of negotiation. In a statement, a government spokesperson announced an update regarding a new infrastructure bill, following weeks of negotiation.",politicsNews,26-Apr-2025
the Finance Ministry reported update on trade negotiations,"According to the finance ministry, trade negotiations will be reviewed by lawmakers next month after committee hearings. According to the finance ministry, trade negotiations will be reviewed by lawmakers next month after committee hearings. According to the finance ministry, trade negotiations will be reviewed by lawmakers next month after committee hearings. According to the finance ministry, trade negotiations will be reviewed by lawmakers next month after committee hearings. According to the finance ministry, trade negotiations will be reviewed by lawmakers next month after committee hearings. According to the finance ministry, trade negotiations will be reviewed by lawmakers next month after committee hearings.",health,10-Mar-2025
A Government Spokesperson released data on update on a diplomatic summit,A spokesperson for a government spokesperson released data on the latest figures on a diplomatic summit during a press briefing. A spokesperson for a government spokesperson released data on the latest figures on a diplomatic summit during a press briefing. A spokesperson for a government spokesperson released data on the latest figures on a diplomatic summit during a press briefing. A spokesperson for a government spokesperson released data on the latest figures on a diplomatic summit during a press briefing. A spokesperson for a government spokesperson released data on the latest figures on a diplomatic summit during a press briefing. A spokesperson for a government spokesperson released data on the latest figures on a diplomatic summit during a press briefing.,technology,18-Sep-2025
Reuters announced update on a diplomatic summit,"Reuters announced that a diplomatic summit remains on schedule, according to a statement released Tuesday. Reuters announced that a diplomatic summit remains on schedule, according to a statement released Tuesday. Reuters announced that a diplomatic summit remains on schedule, according to a statement released Tuesday. Reuters announced that a diplomatic summit remains on schedule, according to a statement released Tuesday. Reuters announced that a diplomatic summit remains on schedule, according to a statement released Tuesday. Reuters announced that a diplomatic summit remains on schedule, according to a statement released Tuesday.",health,27-Jun-2025
Officials announced update on a scientific research grant,A spokesperson for officials announced the latest figures on a scientific research grant during a press briefing. A spokesperson for officials announced the latest figures on a scientific research grant during a press briefing. A spokesperson for officials announced the latest figures on a scientific research grant during a press briefing. A spokesperson for officials announced the latest figures on a scientific research grant during a press briefing. A spokesperson for officials announced the latest figures on a scientific research grant during a press briefing. A spokesperson for officials announced the latest figures on a scientific research grant during a press briefing.,technology,18-Apr-2025
A Government Spokesperson released data on update on the annual budget,A spokesperson for a government spokesperson released data on the latest figures on the annual budget during a press briefing. A spokesperson for a government spokesperson released data on the latest figures on the annual budget during a press briefing. A spokesperson for a government spokesperson released data on the latest figures on the annual budget during a press briefing. A spokesperson for a government spokesperson released data on the latest figures on the annual budget during a press briefing. A spokesperson for a government spokesperson released data on the latest figures on the annual budget during a press briefing. A spokesperson for a government spokesperson released data on the latest figures on the annual budget during a press briefing.,worldnews,10-Jan-2025
A Government Spokesperson reported update on election results,A spokesperson for a government spokesperson reported the latest figures on election results during a press briefing. A spokesperson for a government spokesperson reported the latest figures on election results during a press briefing. A spokesperson for a government spokesperson reported the latest figures on election results during a press briefing. A spokesperson for a government spokesperson reported the latest figures on election results during a press briefing. A spokesperson for a government spokesperson reported the latest figures on election results during a press briefing. A spokesperson for a government spokesperson reported the latest figures on election results during a press briefing.,politicsNews,15-Feb-2025
Ap released data on update on the central bank's interest rate decision,"In a statement, AP released data on an update regarding the central bank's interest rate decision, following weeks of negotiation. In a statement, AP released data on an update regarding the central bank's interest rate decision, following weeks of negotiation. In a statement, AP released data on an update regarding the central bank's interest rate decision, following weeks of negotiation. In a statement, AP released data on an update regarding the central bank's interest rate decision, following weeks of negotiation. In a statement, AP released data on an update regarding the central bank's interest rate decision, following weeks of negotiation. In a statement, AP released data on an update regarding the central bank's interest rate decision, following weeks of negotiation.",business,28-Dec-2025
Officials said update on unemployment figures,"According to officials, unemployment figures will be reviewed by lawmakers next month after committee hearings. According to officials, unemployment figures will be reviewed by lawmakers next month after committee hearings. According to officials, unemployment figures will be reviewed by lawmakers next month after committee hearings. According to officials, unemployment figures will be reviewed by lawmakers next month after committee hearings. According to officials, unemployment figures will be reviewed by lawmakers next month after committee hearings. According to officials, unemployment figures will be reviewed by lawmakers next month after committee hearings.",health,5-Apr-2025
Ap announced update on regional trade agreements,"In a statement, AP announced an update regarding regional trade agreements, following weeks of negotiation. In a statement, AP announced an update regarding regional trade agreements, following weeks of negotiation. In a statement, AP announced an update regarding regional trade agreements, following weeks of negotiation. In a statement, AP announced an update regarding regional trade agreements, following weeks of negotiation. In a statement, AP announced an update regarding regional trade agreements, following weeks of negotiation. In a statement, AP announced an update regarding regional trade agreements, following weeks of negotiation.",business,18-May-2025
Officials confirmed update on quarterly earnings,"officials confirmed that quarterly earnings remains on schedule, according to a statement released Tuesday. officials confirmed that quarterly earnings remains on schedule, according to a statement released Tuesday. officials confirmed that quarterly earnings remains on schedule, according to a statement released Tuesday. officials confirmed that quarterly earnings remains on schedule, according to a statement released Tuesday. officials confirmed that quarterly earnings remains on schedule, according to a statement released Tuesday. officials confirmed that quarterly earnings remains on schedule, according to a statement released Tuesday.",business,10-Oct-2025
the Finance Ministry stated update on a scientific research grant,Officials confirmed to the finance ministry that a scientific research grant was discussed during a closed-door session on Monday. Officials confirmed to the finance ministry that a scientific research grant was discussed during a closed-door session on Monday. Officials confirmed to the finance ministry that a scientific research grant was discussed during a closed-door session on Monday. Officials confirmed to the finance ministry that a scientific research grant was discussed during a closed-door session on Monday. Officials confirmed to the finance ministry that a scientific research grant was discussed during a closed-door session on Monday. Officials confirmed to the finance ministry that a scientific research grant was discussed during a closed-door session on Monday.,politicsNews,5-Jul-2025
Reuters released data on update on election results,"According to Reuters, election results will be reviewed by lawmakers next month after committee hearings. According to Reuters, election results will be reviewed by lawmakers next month after committee hearings. According to Reuters, election results will be reviewed by lawmakers next month after committee hearings. According to Reuters, election results will be reviewed by lawmakers next month after committee hearings. According to Reuters, election results will be reviewed by lawmakers next month after committee hearings. According to Reuters, election results will be reviewed by lawmakers next month after committee hearings.",worldnews,8-Mar-2025
the Finance Ministry confirmed update on a scientific research grant,A spokesperson for the finance ministry confirmed the latest figures on a scientific research grant during a press briefing. A spokesperson for the finance ministry confirmed the latest figures on a scientific research grant during a press briefing. A spokesperson for the finance ministry confirmed the latest figures on a scientific research grant during a press briefing. A spokesperson for the finance ministry confirmed the latest figures on a scientific research grant during a press briefing. A spokesperson for the finance ministry confirmed the latest figures on a scientific research grant during a press briefing. A spokesperson for the finance ministry confirmed the latest figures on a scientific research grant during a press briefing.,technology,16-Mar-2025
Officials reported update on unemployment figures,Officials confirmed to officials that unemployment figures was discussed during a closed-door session on Monday. Officials confirmed to officials that unemployment figures was discussed during a closed-door session on Monday. Officials confirmed to officials that unemployment figures was discussed during a closed-door session on Monday. Officials confirmed to officials that unemployment figures was discussed during a closed-door session on Monday. Officials confirmed to officials that unemployment figures was discussed during a closed-door session on Monday. Officials confirmed to officials that unemployment figures was discussed during a closed-door session on Monday.,technology,13-Aug-2025
Reuters announced update on unemployment figures,"Data released by Reuters shows steady progress on unemployment figures, according to people briefed on the matter. Data released by Reuters shows steady progress on unemployment figures, according to people briefed on the matter. Data released by Reuters shows steady progress on unemployment figures, according to people briefed on the matter. Data released by Reuters shows steady progress on unemployment figures, according to people briefed on the matter. Data released by Reuters shows steady progress on unemployment figures, according to people briefed on the matter. Data released by Reuters shows steady progress on unemployment figures, according to people briefed on the matter.",health,24-May-2025
the Finance Ministry said update on a court ruling,"the finance ministry said that a court ruling remains on schedule, according to a statement released Tuesday. the finance ministry said that a court ruling remains on schedule, according to a statement released Tuesday. the finance ministry said that a court ruling remains on schedule, according to a statement released Tuesday. the finance ministry said that a court ruling remains on schedule, according to a statement released Tuesday. the finance ministry said that a court ruling remains on schedule, according to a statement released Tuesday. the finance ministry said that a court ruling remains on schedule, according to a statement released Tuesday.",health,1-Dec-2025
Reuters said update on a new education reform bill,Officials confirmed to Reuters that a new education reform bill was discussed during a closed-door session on Monday. Officials confirmed to Reuters that a new education reform bill was discussed during a closed-door session on Monday. Officials confirmed to Reuters that a new education reform bill was discussed during a closed-door session on Monday. Officials confirmed to Reuters that a new education reform bill was discussed during a closed-door session on Monday. Officials confirmed to Reuters that a new education reform bill was discussed during a closed-door session on Monday. Officials confirmed to Reuters that a new education reform bill was discussed during a closed-door session on Monday.,business,28-Feb-2025
Officials confirmed update on climate policy talks,"Data released by officials shows steady progress on climate policy talks, according to people briefed on the matter. Data released by officials shows steady progress on climate policy talks, according to people briefed on the matter. Data released by officials shows steady progress on climate policy talks, according to people briefed on the matter. Data released by officials shows steady progress on climate policy talks, according to people briefed on the matter. Data released by officials shows steady progress on climate policy talks, according to people briefed on the matter. Data released by officials shows steady progress on climate policy talks, according to people briefed on the matter.",worldnews,16-May-2025
the Finance Ministry reported update on a scientific research grant,"the finance ministry reported that a scientific research grant remains on schedule, according to a statement released Tuesday. the finance ministry reported that a scientific research grant remains on schedule, according to a statement released Tuesday. the finance ministry reported that a scientific research grant remains on schedule, according to a statement released Tuesday. the finance ministry reported that a scientific research grant remains on schedule, according to a statement released Tuesday. the finance ministry reported that a scientific research grant remains on schedule, according to a statement released Tuesday. the finance ministry reported that a scientific research grant remains on schedule, according to a statement released Tuesday.",health,19-Mar-2025
Officials said update on a scientific research grant,A spokesperson for officials said the latest figures on a scientific research grant during a press briefing. A spokesperson for officials said the latest figures on a scientific research grant during a press briefing. A spokesperson for officials said the latest figures on a scientific research grant during a press briefing. A spokesperson for officials said the latest figures on a scientific research grant during a press briefing. A spokesperson for officials said the latest figures on a scientific research grant during a press briefing. A spokesperson for officials said the latest figures on a scientific research grant during a press briefing.,business,22-Jan-2025
Reuters released data on update on the annual budget,A spokesperson for Reuters released data on the latest figures on the annual budget during a press briefing. A spokesperson for Reuters released data on the latest figures on the annual budget during a press briefing. A spokesperson for Reuters released data on the latest figures on the annual budget during a press briefing. A spokesperson for Reuters released data on the latest figures on the annual budget during a press briefing. A spokesperson for Reuters released data on the latest figures on the annual budget during a press briefing. A spokesperson for Reuters released data on the latest figures on the annual budget during a press briefing.,technology,1-Feb-2025
Ap said update on a court ruling,"AP said details on a court ruling on Wednesday, citing officials familiar with the matter. AP said details on a court ruling on Wednesday, citing officials familiar with the matter. AP said details on a court ruling on Wednesday, citing officials familiar with the matter. AP said details on a court ruling on Wednesday, citing officials familiar with the matter. AP said details on a court ruling on Wednesday, citing officials familiar with the matter. AP said details on a court ruling on Wednesday, citing officials familiar with the matter.",technology,7-Dec-2025
Ap released data on update on municipal budget allocations,"AP released data on that municipal budget allocations remains on schedule, according to a statement released Tuesday. AP released data on that municipal budget allocations remains on schedule, according to a statement released Tuesday. AP released data on that municipal budget allocations remains on schedule, according to a statement released Tuesday. AP released data on that municipal budget allocations remains on schedule, according to a statement released Tuesday. AP released data on that municipal budget allocations remains on schedule, according to a statement released Tuesday. AP released data on that municipal budget allocations remains on schedule, according to a statement released Tuesday.",worldnews,28-May-2025
Reuters reported update on unemployment figures,"Reuters reported that unemployment figures remains on schedule, according to a statement released Tuesday. Reuters reported that unemployment figures remains on schedule, according to a statement released Tuesday. Reuters reported that unemployment figures remains on schedule, according to a statement released Tuesday. Reuters reported that unemployment figures remains on schedule, according to a statement released Tuesday. Reuters reported that unemployment figures remains on schedule, according to a statement released Tuesday. Reuters reported that unemployment figures remains on schedule, according to a statement released Tuesday.",politicsNews,12-Nov-2025
Ap said update on trade negotiations,Officials confirmed to AP that trade negotiations was discussed during a closed-door session on Monday. Officials confirmed to AP that trade negotiations was discussed during a closed-door session on Monday. Officials confirmed to AP that trade negotiations was discussed during a closed-door session on Monday. Officials confirmed to AP that trade negotiations was discussed during a closed-door session on Monday. Officials confirmed to AP that trade negotiations was discussed during a closed-door session on Monday. Officials confirmed to AP that trade negotiations was discussed during a closed-door session on Monday.,business,24-Dec-2025
Ap released data on update on climate policy talks,"AP released data on details on climate policy talks on Wednesday, citing officials familiar with the matter. AP released data on details on climate policy talks on Wednesday, citing officials familiar with the matter. AP released data on details on climate policy talks on Wednesday, citing officials familiar with the matter. AP released data on details on climate policy talks on Wednesday, citing officials familiar with the matter. AP released data on details on climate policy talks on Wednesday, citing officials familiar with the matter. AP released data on details on climate policy talks on Wednesday, citing officials familiar with the matter.",politicsNews,1-Apr-2025
A Government Spokesperson confirmed update on the annual budget,"In a statement, a government spokesperson confirmed an update regarding the annual budget, following weeks of negotiation. In a statement, a government spokesperson confirmed an update regarding the annual budget, following weeks of negotiation. In a statement, a government spokesperson confirmed an update regarding the annual budget, following weeks of negotiation. In a statement, a government spokesperson confirmed an update regarding the annual budget, following weeks of negotiation. In a statement, a government spokesperson confirmed an update regarding the annual budget, following weeks of negotiation. In a statement, a government spokesperson confirmed an update regarding the annual budget, following weeks of negotiation.",worldnews,17-Nov-2025
A Government Spokesperson announced update on trade negotiations,Officials confirmed to a government spokesperson that trade negotiations was discussed during a closed-door session on Monday. Officials confirmed to a government spokesperson that trade negotiations was discussed during a closed-door session on Monday. Officials confirmed to a government spokesperson that trade negotiations was discussed during a closed-door session on Monday. Officials confirmed to a government spokesperson that trade negotiations was discussed during a closed-door session on Monday. Officials confirmed to a government spokesperson that trade negotiations was discussed during a closed-door session on Monday. Officials confirmed to a government spokesperson that trade negotiations was discussed during a closed-door session on Monday.,business,27-Feb-2025
A Government Spokesperson confirmed update on a new education reform bill,"Data released by a government spokesperson shows steady progress on a new education reform bill, according to people briefed on the matter. Data released by a government spokesperson shows steady progress on a new education reform bill, according to people briefed on the matter. Data released by a government spokesperson shows steady progress on a new education reform bill, according to people briefed on the matter. Data released by a government spokesperson shows steady progress on a new education reform bill, according to people briefed on the matter. Data released by a government spokesperson shows steady progress on a new education reform bill, according to people briefed on the matter. Data released by a government spokesperson shows steady progress on a new education reform bill, according to people briefed on the matter.",politicsNews,8-Jul-2025
Reuters announced update on a new education reform bill,"Reuters announced details on a new education reform bill on Wednesday, citing officials familiar with the matter. Reuters announced details on a new education reform bill on Wednesday, citing officials familiar with the matter. Reuters announced details on a new education reform bill on Wednesday, citing officials familiar with the matter. Reuters announced details on a new education reform bill on Wednesday, citing officials familiar with the matter. Reuters announced details on a new education reform bill on Wednesday, citing officials familiar with the matter. Reuters announced details on a new education reform bill on Wednesday, citing officials familiar with the matter.",business,12-May-2025
Ap confirmed update on climate policy talks,Officials confirmed to AP that climate policy talks was discussed during a closed-door session on Monday. Officials confirmed to AP that climate policy talks was discussed during a closed-door session on Monday. Officials confirmed to AP that climate policy talks was discussed during a closed-door session on Monday. Officials confirmed to AP that climate policy talks was discussed during a closed-door session on Monday. Officials confirmed to AP that climate policy talks was discussed during a closed-door session on Monday. Officials confirmed to AP that climate policy talks was discussed during a closed-door session on Monday.,worldnews,3-Sep-2025
Officials stated update on trade negotiations,Officials confirmed to officials that trade negotiations was discussed during a closed-door session on Monday. Officials confirmed to officials that trade negotiations was discussed during a closed-door session on Monday. Officials confirmed to officials that trade negotiations was discussed during a closed-door session on Monday. Officials confirmed to officials that trade negotiations was discussed during a closed-door session on Monday. Officials confirmed to officials that trade negotiations was discussed during a closed-door session on Monday. Officials confirmed to officials that trade negotiations was discussed during a closed-door session on Monday.,worldnews,15-Jun-2025
Ap released data on update on unemployment figures,"According to AP, unemployment figures will be reviewed by lawmakers next month after committee hearings. According to AP, unemployment figures will be reviewed by lawmakers next month after committee hearings. According to AP, unemployment figures will be reviewed by lawmakers next month after committee hearings. According to AP, unemployment figures will be reviewed by lawmakers next month after committee hearings. According to AP, unemployment figures will be reviewed by lawmakers next month after committee hearings. According to AP, unemployment figures will be reviewed by lawmakers next month after committee hearings.",technology,20-Nov-2025
A Government Spokesperson confirmed update on a scientific research grant,"a government spokesperson confirmed details on a scientific research grant on Wednesday, citing officials familiar with the matter. a government spokesperson confirmed details on a scientific research grant on Wednesday, citing officials familiar with the matter. a government spokesperson confirmed details on a scientific research grant on Wednesday, citing officials familiar with the matter. a government spokesperson confirmed details on a scientific research grant on Wednesday, citing officials familiar with the matter. a government spokesperson confirmed details on a scientific research grant on Wednesday, citing officials familiar with the matter. a government spokesperson confirmed details on a scientific research grant on Wednesday, citing officials familiar with the matter.",politicsNews,5-Feb-2025
Officials said update on a new education reform bill,"officials said that a new education reform bill remains on schedule, according to a statement released Tuesday. officials said that a new education reform bill remains on schedule, according to a statement released Tuesday. officials said that a new education reform bill remains on schedule, according to a statement released Tuesday. officials said that a new education reform bill remains on schedule, according to a statement released Tuesday. officials said that a new education reform bill remains on schedule, according to a statement released Tuesday. officials said that a new education reform bill remains on schedule, according to a statement released Tuesday.",technology,11-Mar-2025
Ap released data on update on election results,"AP released data on details on election results on Wednesday, citing officials familiar with the matter. AP released data on details on election results on Wednesday, citing officials familiar with the matter. AP released data on details on election results on Wednesday, citing officials familiar with the matter. AP released data on details on election results on Wednesday, citing officials familiar with the matter. AP released data on details on election results on Wednesday, citing officials familiar with the matter. AP released data on details on election results on Wednesday, citing officials familiar with the matter.",worldnews,18-Oct-2025
Officials stated update on a new education reform bill,"officials stated that a new education reform bill remains on schedule, according to a statement released Tuesday. officials stated that a new education reform bill remains on schedule, according to a statement released Tuesday. officials stated that a new education reform bill remains on schedule, according to a statement released Tuesday. officials stated that a new education reform bill remains on schedule, according to a statement released Tuesday. officials stated that a new education reform bill remains on schedule, according to a statement released Tuesday. officials stated that a new education reform bill remains on schedule, according to a statement released Tuesday.",politicsNews,28-Nov-2025
the Finance Ministry stated update on the central bank's interest rate decision,"In a statement, the finance ministry stated an update regarding the central bank's interest rate decision, following weeks of negotiation. In a statement, the finance ministry stated an update regarding the central bank's interest rate decision, following weeks of negotiation. In a statement, the finance ministry stated an update regarding the central bank's interest rate decision, following weeks of negotiation. In a statement, the finance ministry stated an update regarding the central bank's interest rate decision, following weeks of negotiation. In a statement, the finance ministry stated an update regarding the central bank's interest rate decision, following weeks of negotiation. In a statement, the finance ministry stated an update regarding the central bank's interest rate decision, following weeks of negotiation.",health,7-Dec-2025
A Government Spokesperson released data on update on election results,"a government spokesperson released data on details on election results on Wednesday, citing officials familiar with the matter. a government spokesperson released data on details on election results on Wednesday, citing officials familiar with the matter. a government spokesperson released data on details on election results on Wednesday, citing officials familiar with the matter. a government spokesperson released data on details on election results on Wednesday, citing officials familiar with the matter. a government spokesperson released data on details on election results on Wednesday, citing officials familiar with the matter. a government spokesperson released data on details on election results on Wednesday, citing officials familiar with the matter.",worldnews,16-Jul-2025
Reuters said update on the central bank's interest rate decision,Officials confirmed to Reuters that the central bank's interest rate decision was discussed during a closed-door session on Monday. Officials confirmed to Reuters that the central bank's interest rate decision was discussed during a closed-door session on Monday. Officials confirmed to Reuters that the central bank's interest rate decision was discussed during a closed-door session on Monday. Officials confirmed to Reuters that the central bank's interest rate decision was discussed during a closed-door session on Monday. Officials confirmed to Reuters that the central bank's interest rate decision was discussed during a closed-door session on Monday. Officials confirmed to Reuters that the central bank's interest rate decision was discussed during a closed-door session on Monday.,health,3-Sep-2025
Reuters reported update on a public health initiative,"According to Reuters, a public health initiative will be reviewed by lawmakers next month after committee hearings. According to Reuters, a public health initiative will be reviewed by lawmakers next month after committee hearings. According to Reuters, a public health initiative will be reviewed by lawmakers next month after committee hearings. According to Reuters, a public health initiative will be reviewed by lawmakers next month after committee hearings. According to Reuters, a public health initiative will be reviewed by lawmakers next month after committee hearings. According to Reuters, a public health initiative will be reviewed by lawmakers next month after committee hearings.",technology,28-Oct-2025
A Government Spokesperson stated update on a public health initiative,Officials confirmed to a government spokesperson that a public health initiative was discussed during a closed-door session on Monday. Officials confirmed to a government spokesperson that a public health initiative was discussed during a closed-door session on Monday. Officials confirmed to a government spokesperson that a public health initiative was discussed during a closed-door session on Monday. Officials confirmed to a government spokesperson that a public health initiative was discussed during a closed-door session on Monday. Officials confirmed to a government spokesperson that a public health initiative was discussed during a closed-door session on Monday. Officials confirmed to a government spokesperson that a public health initiative was discussed during a closed-door session on Monday.,worldnews,25-Aug-2025
Reuters stated update on trade negotiations,"Reuters stated details on trade negotiations on Wednesday, citing officials familiar with the matter. Reuters stated details on trade negotiations on Wednesday, citing officials familiar with the matter. Reuters stated details on trade negotiations on Wednesday, citing officials familiar with the matter. Reuters stated details on trade negotiations on Wednesday, citing officials familiar with the matter. Reuters stated details on trade negotiations on Wednesday, citing officials familiar with the matter. Reuters stated details on trade negotiations on Wednesday, citing officials familiar with the matter.",politicsNews,9-Apr-2025
Reuters announced update on municipal budget allocations,A spokesperson for Reuters announced the latest figures on municipal budget allocations during a press briefing. A spokesperson for Reuters announced the latest figures on municipal budget allocations during a press briefing. A spokesperson for Reuters announced the latest figures on municipal budget allocations during a press briefing. A spokesperson for Reuters announced the latest figures on municipal budget allocations during a press briefing. A spokesperson for Reuters announced the latest figures on municipal budget allocations during a press briefing. A spokesperson for Reuters announced the latest figures on municipal budget allocations during a press briefing.,technology,17-May-2025
Officials said update on regional trade agreements,"Data released by officials shows steady progress on regional trade agreements, according to people briefed on the matter. Data released by officials shows steady progress on regional trade agreements, according to people briefed on the matter. Data released by officials shows steady progress on regional trade agreements, according to people briefed on the matter. Data released by officials shows steady progress on regional trade agreements, according to people briefed on the matter. Data released by officials shows steady progress on regional trade agreements, according to people briefed on the matter. Data released by officials shows steady progress on regional trade agreements, according to people briefed on the matter.",technology,3-Nov-2025
Officials stated update on quarterly earnings,"According to officials, quarterly earnings will be reviewed by lawmakers next month after committee hearings. According to officials, quarterly earnings will be reviewed by lawmakers next month after committee hearings. According to officials, quarterly earnings will be reviewed by lawmakers next month after committee hearings. According to officials, quarterly earnings will be reviewed by lawmakers next month after committee hearings. According to officials, quarterly earnings will be reviewed by lawmakers next month after committee hearings. According to officials, quarterly earnings will be reviewed by lawmakers next month after committee hearings.",business,3-May-2025
Reuters confirmed update on quarterly earnings,A spokesperson for Reuters confirmed the latest figures on quarterly earnings during a press briefing. A spokesperson for Reuters confirmed the latest figures on quarterly earnings during a press briefing. A spokesperson for Reuters confirmed the latest figures on quarterly earnings during a press briefing. A spokesperson for Reuters confirmed the latest figures on quarterly earnings during a press briefing. A spokesperson for Reuters confirmed the latest figures on quarterly earnings during a press briefing. A spokesperson for Reuters confirmed the latest figures on quarterly earnings during a press briefing.,worldnews,18-Jun-2025
A Government Spokesperson released data on update on a diplomatic summit,A spokesperson for a government spokesperson released data on the latest figures on a diplomatic summit during a press briefing. A spokesperson for a government spokesperson released data on the latest figures on a diplomatic summit during a press briefing. A spokesperson for a government spokesperson released data on the latest figures on a diplomatic summit during a press briefing. A spokesperson for a government spokesperson released data on the latest figures on a diplomatic summit during a press briefing. A spokesperson for a government spokesperson released data on the latest figures on a diplomatic summit during a press briefing. A spokesperson for a government spokesperson released data on the latest figures on a diplomatic summit during a press briefing.,politicsNews,10-Dec-2025
A Government Spokesperson confirmed update on a new education reform bill,"a government spokesperson confirmed details on a new education reform bill on Wednesday, citing officials familiar with the matter. a government spokesperson confirmed details on a new education reform bill on Wednesday, citing officials familiar with the matter. a government spokesperson confirmed details on a new education reform bill on Wednesday, citing officials familiar with the matter. a government spokesperson confirmed details on a new education reform bill on Wednesday, citing officials familiar with the matter. a government spokesperson confirmed details on a new education reform bill on Wednesday, citing officials familiar with the matter. a government spokesperson confirmed details on a new education reform bill on Wednesday, citing officials familiar with the matter.",worldnews,3-Jul-2025
Reuters stated update on a court ruling,"In a statement, Reuters stated an update regarding a court ruling, following weeks of negotiation. In a statement, Reuters stated an update regarding a court ruling, following weeks of negotiation. In a statement, Reuters stated an update regarding a court ruling, following weeks of negotiation. In a statement, Reuters stated an update regarding a court ruling, following weeks of negotiation. In a statement, Reuters stated an update regarding a court ruling, following weeks of negotiation. In a statement, Reuters stated an update regarding a court ruling, following weeks of negotiation.",politicsNews,10-Nov-2025
Ap announced update on the annual budget,Officials confirmed to AP that the annual budget was discussed during a closed-door session on Monday. Officials confirmed to AP that the annual budget was discussed during a closed-door session on Monday. Officials confirmed to AP that the annual budget was discussed during a closed-door session on Monday. Officials confirmed to AP that the annual budget was discussed during a closed-door session on Monday. Officials confirmed to AP that the annual budget was discussed during a closed-door session on Monday. Officials confirmed to AP that the annual budget was discussed during a closed-door session on Monday.,worldnews,23-Jan-2025
Ap reported update on a court ruling,"In a statement, AP reported an update regarding a court ruling, following weeks of negotiation. In a statement, AP reported an update regarding a court ruling, following weeks of negotiation. In a statement, AP reported an update regarding a court ruling, following weeks of negotiation. In a statement, AP reported an update regarding a court ruling, following weeks of negotiation. In a statement, AP reported an update regarding a court ruling, following weeks of negotiation. In a statement, AP reported an update regarding a court ruling, following weeks of negotiation.",health,26-Dec-2025
the Finance Ministry reported update on a new infrastructure bill,"According to the finance ministry, a new infrastructure bill will be reviewed by lawmakers next month after committee hearings. According to the finance ministry, a new infrastructure bill will be reviewed by lawmakers next month after committee hearings. According to the finance ministry, a new infrastructure bill will be reviewed by lawmakers next month after committee hearings. According to the finance ministry, a new infrastructure bill will be reviewed by lawmakers next month after committee hearings. According to the finance ministry, a new infrastructure bill will be reviewed by lawmakers next month after committee hearings. According to the finance ministry, a new infrastructure bill will be reviewed by lawmakers next month after committee hearings.",business,24-Feb-2025
Reuters said update on a public health initiative,"Reuters said that a public health initiative remains on schedule, according to a statement released Tuesday. Reuters said that a public health initiative remains on schedule, according to a statement released Tuesday. Reuters said that a public health initiative remains on schedule, according to a statement released Tuesday. Reuters said that a public health initiative remains on schedule, according to a statement released Tuesday. Reuters said that a public health initiative remains on schedule, according to a statement released Tuesday. Reuters said that a public health initiative remains on schedule, according to a statement released Tuesday.",health,3-May-2025
Officials announced update on unemployment figures,"Data released by officials shows steady progress on unemployment figures, according to people briefed on the matter. Data released by officials shows steady progress on unemployment figures, according to people briefed on the matter. Data released by officials shows steady progress on unemployment figures, according to people briefed on the matter. Data released by officials shows steady progress on unemployment figures, according to people briefed on the matter. Data released by officials shows steady progress on unemployment figures, according to people briefed on the matter. Data released by officials shows steady progress on unemployment figures, according to people briefed on the matter.",technology,17-Jun-2025
Reuters stated update on a court ruling,"According to Reuters, a court ruling will be reviewed by lawmakers next month after committee hearings. According to Reuters, a court ruling will be reviewed by lawmakers next month after committee hearings. According to Reuters, a court ruling will be reviewed by lawmakers next month after committee hearings. According to Reuters, a court ruling will be reviewed by lawmakers next month after committee hearings. According to Reuters, a court ruling will be reviewed by lawmakers next month after committee hearings. According to Reuters, a court ruling will be reviewed by lawmakers next month after committee hearings.",business,6-May-2025
Reuters stated update on municipal budget allocations,Officials confirmed to Reuters that municipal budget allocations was discussed during a closed-door session on Monday. Officials confirmed to Reuters that municipal budget allocations was discussed during a closed-door session on Monday. Officials confirmed to Reuters that municipal budget allocations was discussed during a closed-door session on Monday. Officials confirmed to Reuters that municipal budget allocations was discussed during a closed-door session on Monday. Officials confirmed to Reuters that municipal budget allocations was discussed during a closed-door session on Monday. Officials confirmed to Reuters that municipal budget allocations was discussed during a closed-door session on Monday.,politicsNews,8-Dec-2025
Officials announced update on trade negotiations,A spokesperson for officials announced the latest figures on trade negotiations during a press briefing. A spokesperson for officials announced the latest figures on trade negotiations during a press briefing. A spokesperson for officials announced the latest figures on trade negotiations during a press briefing. A spokesperson for officials announced the latest figures on trade negotiations during a press briefing. A spokesperson for officials announced the latest figures on trade negotiations during a press briefing. A spokesperson for officials announced the latest figures on trade negotiations during a press briefing.,politicsNews,8-Jan-2025
A Government Spokesperson said update on a public health initiative,"According to a government spokesperson, a public health initiative will be reviewed by lawmakers next month after committee hearings. According to a government spokesperson, a public health initiative will be reviewed by lawmakers next month after committee hearings. According to a government spokesperson, a public health initiative will be reviewed by lawmakers next month after committee hearings. According to a government spokesperson, a public health initiative will be reviewed by lawmakers next month after committee hearings. According to a government spokesperson, a public health initiative will be reviewed by lawmakers next month after committee hearings. According to a government spokesperson, a public health initiative will be reviewed by lawmakers next month after committee hearings.",worldnews,28-Jan-2025
Officials released data on update on regional trade agreements,Officials confirmed to officials that regional trade agreements was discussed during a closed-door session on Monday. Officials confirmed to officials that regional trade agreements was discussed during a closed-door session on Monday. Officials confirmed to officials that regional trade agreements was discussed during a closed-door session on Monday. Officials confirmed to officials that regional trade agreements was discussed during a closed-door session on Monday. Officials confirmed to officials that regional trade agreements was discussed during a closed-door session on Monday. Officials confirmed to officials that regional trade agreements was discussed during a closed-door session on Monday.,technology,8-Jun-2025
Ap released data on update on climate policy talks,"AP released data on that climate policy talks remains on schedule, according to a statement released Tuesday. AP released data on that climate policy talks remains on schedule, according to a statement released Tuesday. AP released data on that climate policy talks remains on schedule, according to a statement released Tuesday. AP released data on that climate policy talks remains on schedule, according to a statement released Tuesday. AP released data on that climate policy talks remains on schedule, according to a statement released Tuesday. AP released data on that climate policy talks remains on schedule, according to a statement released Tuesday.",business,27-Feb-2025
Officials announced update on a public health initiative,"In a statement, officials announced an update regarding a public health initiative, following weeks of negotiation. In a statement, officials announced an update regarding a public health initiative, following weeks of negotiation. In a statement, officials announced an update regarding a public health initiative, following weeks of negotiation. In a statement, officials announced an update regarding a public health initiative, following weeks of negotiation. In a statement, officials announced an update regarding a public health initiative, following weeks of negotiation. In a statement, officials announced an update regarding a public health initiative, following weeks of negotiation.",politicsNews,6-Apr-2025
Officials said update on trade negotiations,"officials said details on trade negotiations on Wednesday, citing officials familiar with the matter. officials said details on trade negotiations on Wednesday, citing officials familiar with the matter. officials said details on trade negotiations on Wednesday, citing officials familiar with the matter. officials said details on trade negotiations on Wednesday, citing officials familiar with the matter. officials said details on trade negotiations on Wednesday, citing officials familiar with the matter. officials said details on trade negotiations on Wednesday, citing officials familiar with the matter.",technology,28-May-2025
the Finance Ministry announced update on a public health initiative,"In a statement, the finance ministry announced an update regarding a public health initiative, following weeks of negotiation. In a statement, the finance ministry announced an update regarding a public health initiative, following weeks of negotiation. In a statement, the finance ministry announced an update regarding a public health initiative, following weeks of negotiation. In a statement, the finance ministry announced an update regarding a public health initiative, following weeks of negotiation. In a statement, the finance ministry announced an update regarding a public health initiative, following weeks of negotiation. In a statement, the finance ministry announced an update regarding a public health initiative, following weeks of negotiation.",technology,1-Jun-2025
Ap stated update on election results,A spokesperson for AP stated the latest figures on election results during a press briefing. A spokesperson for AP stated the latest figures on election results during a press briefing. A spokesperson for AP stated the latest figures on election results during a press briefing. A spokesperson for AP stated the latest figures on election results during a press briefing. A spokesperson for AP stated the latest figures on election results during a press briefing. A spokesperson for AP stated the latest figures on election results during a press briefing.,business,24-Oct-2025
Ap reported update on a court ruling,"In a statement, AP reported an update regarding a court ruling, following weeks of negotiation. In a statement, AP reported an update regarding a court ruling, following weeks of negotiation. In a statement, AP reported an update regarding a court ruling, following weeks of negotiation. In a statement, AP reported an update regarding a court ruling, following weeks of negotiation. In a statement, AP reported an update regarding a court ruling, following weeks of negotiation. In a statement, AP reported an update regarding a court ruling, following weeks of negotiation.",technology,25-Apr-2025
Officials confirmed update on regional trade agreements,"According to officials, regional trade agreements will be reviewed by lawmakers next month after committee hearings. According to officials, regional trade agreements will be reviewed by lawmakers next month after committee hearings. According to officials, regional trade agreements will be reviewed by lawmakers next month after committee hearings. According to officials, regional trade agreements will be reviewed by lawmakers next month after committee hearings. According to officials, regional trade agreements will be reviewed by lawmakers next month after committee hearings. According to officials, regional trade agreements will be reviewed by lawmakers next month after committee hearings.",politicsNews,14-Jan-2025
Ap reported update on quarterly earnings,Officials confirmed to AP that quarterly earnings was discussed during a closed-door session on Monday. Officials confirmed to AP that quarterly earnings was discussed during a closed-door session on Monday. Officials confirmed to AP that quarterly earnings was discussed during a closed-door session on Monday. Officials confirmed to AP that quarterly earnings was discussed during a closed-door session on Monday. Officials confirmed to AP that quarterly earnings was discussed during a closed-door session on Monday. Officials confirmed to AP that quarterly earnings was discussed during a closed-door session on Monday.,politicsNews,11-Jan-2025
A Government Spokesperson released data on update on a scientific research grant,Officials confirmed to a government spokesperson that a scientific research grant was discussed during a closed-door session on Monday. Officials confirmed to a government spokesperson that a scientific research grant was discussed during a closed-door session on Monday. Officials confirmed to a government spokesperson that a scientific research grant was discussed during a closed-door session on Monday. Officials confirmed to a government spokesperson that a scientific research grant was discussed during a closed-door session on Monday. Officials confirmed to a government spokesperson that a scientific research grant was discussed during a closed-door session on Monday. Officials confirmed to a government spokesperson that a scientific research grant was discussed during a closed-door session on Monday.,business,4-Apr-2025
Officials said update on the central bank's interest rate decision,"Data released by officials shows steady progress on the central bank's interest rate decision, according to people briefed on the matter. Data released by officials shows steady progress on the central bank's interest rate decision, according to people briefed on the matter. Data released by officials shows steady progress on the central bank's interest rate decision, according to people briefed on the matter. Data released by officials shows steady progress on the central bank's interest rate decision, according to people briefed on the matter. Data released by officials shows steady progress on the central bank's interest rate decision, according to people briefed on the matter. Data released by officials shows steady progress on the central bank's interest rate decision, according to people briefed on the matter.",politicsNews,5-Dec-2025
