title,text,subject,date
LEAKED: The miracle cure being hidden from the public nobody wants you to see,LEAKED: Insiders reveal the shocking conspiracy that will change everything you thought you knew!!! LEAKED: Insiders reveal the elite plan nobody is talking about that will change everything you thought you knew!!! LEAKED: Insiders reveal the secret deal exposed that will change everything you thought you knew!!! LEAKED: Insiders reveal the insider reveals shocking secret that will change everything you thought you knew!!! LEAKED: Insiders reveal the massive cover-up that will change everything you thought you knew!!! LEAKED: Insiders reveal the banned study reveals the truth that will change everything you thought you knew!!!,News,19-Feb-2025
BREAKING: The secret recording leaked online nobody wants you to see,Experts are stunned after the secret deal exposed was leaked; the truth they don't want you to see. Experts are stunned after the miracle cure being hidden from the public was leaked; the truth they don't want you to see. Experts are stunned after the hidden truth about the vaccine was leaked; the truth they don't want you to see. Experts are stunned after the hidden truth about the vaccine was leaked; the truth they don't want you to see. Experts are stunned after the secret government plot was leaked; the truth they don't want you to see. Experts are stunned after the secret deal exposed was leaked; the truth they don't want you to see.,politics,8-May-2025
LEAKED: The massive cover-up nobody wants you to see,Experts are stunned after the secret deal exposed was leaked; the truth they don't want you to see. Experts are stunned after the insider reveals shocking secret was leaked; the truth they don't want you to see. Experts are stunned after the insider reveals shocking secret was leaked; the truth they don't want you to see. Experts are stunned after the massive cover-up was leaked; the truth they don't want you to see. Experts are stunned after the massive cover-up was leaked; the truth they don't want you to see. Experts are stunned after the banned study reveals the truth was leaked; the truth they don't want you to see.,conspiracy,8-Feb-2025
EXPOSED: The celebrity scandal cover-up nobody wants you to see,Experts are stunned after the hidden truth about the vaccine was leaked; the truth they don't want you to see. Experts are stunned after the miracle cure being hidden from the public was leaked; the truth they don't want you to see. Experts are stunned after the celebrity scandal cover-up was leaked; the truth they don't want you to see. Experts are stunned after the miracle cure being hidden from the public was leaked; the truth they don't want you to see. Experts are stunned after the celebrity scandal cover-up was leaked; the truth they don't want you to see. Experts are stunned after the banned study reveals the truth was leaked; the truth they don't want you to see.,left-news,11-Jul-2025
You Won't Believe: The elite plan nobody is talking about nobody wants you to see,You won't believe what was just found about the shocking conspiracy; wake up before it's too late! You won't believe what was just found about the banned study reveals the truth; wake up before it's too late! You won't believe what was just found about the hidden agenda; wake up before it's too late! You won't believe what was just found about the banned study reveals the truth; wake up before it's too late! You won't believe what was just found about the hidden agenda; wake up before it's too late! You won't believe what was just found about the miracle cure being hidden from the public; wake up before it's too late!,News,6-Nov-2025
LEAKED: The insider reveals shocking secret nobody wants you to see,"LEAKED!!! The hidden truth about the vaccine exposed by a whistleblower, share this NOW before they take it down! LEAKED!!! The secret government plot exposed by a whistleblower, share this NOW before they take it down! LEAKED!!! The shocking conspiracy exposed by a whistleblower, share this NOW before they take it down! LEAKED!!! The massive cover-up exposed by a whistleblower, share this NOW before they take it down! LEAKED!!! The celebrity scandal cover-up exposed by a whistleblower, share this NOW before they take it down! LEAKED!!! The miracle cure being hidden from the public exposed by a whistleblower, share this NOW before they take it down!",politics,12-Jul-2025
SHOCKING: The secret recording leaked online nobody wants you to see,You won't believe what was just found about the hidden agenda; wake up before it's too late! You won't believe what was just found about the celebrity scandal cover-up; wake up before it's too late! You won't believe what was just found about the secret government plot; wake up before it's too late! You won't believe what was just found about the secret deal exposed; wake up before it's too late! You won't believe what was just found about the banned study reveals the truth; wake up before it's too late! You won't believe what was just found about the elite plan nobody is talking about; wake up before it's too late!,Government News,8-Feb-2025
EXCLUSIVE: The miracle cure being hidden from the public nobody wants you to see,Experts are stunned after the celebrity scandal cover-up was leaked; the truth they don't want you to see. Experts are stunned after the miracle cure being hidden from the public was leaked; the truth they don't want you to see. Experts are stunned after the secret government plot was leaked; the truth they don't want you to see. Experts are stunned after the secret government plot was leaked; the truth they don't want you to see. Experts are stunned after the shocking conspiracy was leaked; the truth they don't want you to see. Experts are stunned after the celebrity scandal cover-up was leaked; the truth they don't want you to see.,politics,27-Jul-2025
URGENT: The secret recording leaked online nobody wants you to see,"URGENT!!! The secret recording leaked online exposed by a whistleblower, share this NOW before they take it down! URGENT!!! The miracle cure being hidden from the public exposed by a whistleblower, share this NOW before they take it down! URGENT!!! The hidden truth about the vaccine exposed by a whistleblower, share this NOW before they take it down! URGENT!!! The hidden truth about the vaccine exposed by a whistleblower, share this NOW before they take it down! URGENT!!! The hidden agenda exposed by a whistleblower, share this NOW before they take it down! URGENT!!! The miracle cure being hidden from the public exposed by a whistleblower, share this NOW before they take it down!",News,3-Apr-2025
EXCLUSIVE: The celebrity scandal cover-up nobody wants you to see,EXCLUSIVE: Insiders reveal the massive cover-up that will change everything you thought you knew!!! EXCLUSIVE: Insiders reveal the miracle cure being hidden from the public that will change everything you thought you knew!!! EXCLUSIVE: Insiders reveal the secret government plot that will change everything you thought you knew!!! EXCLUSIVE: Insiders reveal the banned study reveals the truth that will change everything you thought you knew!!! EXCLUSIVE: Insiders reveal the secret government plot that will change everything you thought you knew!!! EXCLUSIVE: Insiders reveal the celebrity scandal cover-up that will change everything you thought you knew!!!,Government News,14-Dec-2025
Mainstream Media Won't Tell You: The banned study reveals the truth nobody wants you to see,Mainstream Media Won't Tell You: Insiders reveal the secret deal exposed that will change everything you thought you knew!!! Mainstream Media Won't Tell You: Insiders reveal the secret recording leaked online that will change everything you thought you knew!!! Mainstream Media Won't Tell You: Insiders reveal the secret deal exposed that will change everything you thought you knew!!! Mainstream Media Won't Tell You: Insiders reveal the celebrity scandal cover-up that will change everything you thought you knew!!! Mainstream Media Won't Tell You: Insiders reveal the massive cover-up that will change everything you thought you knew!!! Mainstream Media Won't Tell You: Insiders reveal the shocking conspiracy that will change everything you thought you knew!!!,politics,9-May-2025
EXCLUSIVE: The celebrity scandal cover-up nobody wants you to see,EXCLUSIVE: Insiders reveal the hidden truth about the vaccine that will change everything you thought you knew!!! EXCLUSIVE: Insiders reveal the hidden truth about the vaccine that will change everything you thought you knew!!! EXCLUSIVE: Insiders reveal the hidden truth about the vaccine that will change everything you thought you knew!!! EXCLUSIVE: Insiders reveal the shocking conspiracy that will change everything you thought you knew!!! EXCLUSIVE: Insiders reveal the secret recording leaked online that will change everything you thought you knew!!! EXCLUSIVE: Insiders reveal the hidden agenda that will change everything you thought you knew!!!,left-news,14-Sep-2025
EXCLUSIVE: The secret government plot nobody wants you to see,EXCLUSIVE: Insiders reveal the hidden agenda that will change everything you thought you knew!!! EXCLUSIVE: Insiders reveal the secret deal exposed that will change everything you thought you knew!!! EXCLUSIVE: Insiders reveal the celebrity scandal cover-up that will change everything you thought you knew!!! EXCLUSIVE: Insiders reveal the secret deal exposed that will change everything you thought you knew!!! EXCLUSIVE: Insiders reveal the shocking conspiracy that will change everything you thought you knew!!! EXCLUSIVE: Insiders reveal the secret recording leaked online that will change everything you thought you knew!!!,Government News,8-Nov-2025
SHOCKING: The secret deal exposed nobody wants you to see,Experts are stunned after the insider reveals shocking secret was leaked; the truth they don't want you to see. Experts are stunned after the massive cover-up was leaked; the truth they don't want you to see. Experts are stunned after the banned study reveals the truth was leaked; the truth they don't want you to see. Experts are stunned after the elite plan nobody is talking about was leaked; the truth they don't want you to see. Experts are stunned after the banned study reveals the truth was leaked; the truth they don't want you to see. Experts are stunned after the massive cover-up was leaked; the truth they don't want you to see.,Government News,17-Jun-2025
Mainstream Media Won't Tell You: The hidden agenda nobody wants you to see,"Mainstream Media Won't Tell You -- Doctors HATE this secret government plot, share before it gets deleted! Mainstream Media Won't Tell You -- Doctors HATE this massive cover-up, share before it gets deleted! Mainstream Media Won't Tell You -- Doctors HATE this hidden truth about the vaccine, share before it gets deleted! Mainstream Media Won't Tell You -- Doctors HATE this shocking conspiracy, share before it gets deleted! Mainstream Media Won't Tell You -- Doctors HATE this secret government plot, share before it gets deleted! Mainstream Media Won't Tell You -- Doctors HATE this hidden agenda, share before it gets deleted!",News,26-Aug-2025
URGENT: The hidden truth about the vaccine nobody wants you to see,"URGENT -- Doctors HATE this celebrity scandal cover-up, share before it gets deleted! URGENT -- Doctors HATE this miracle cure being hidden from the public, share before it gets deleted! URGENT -- Doctors HATE this shocking conspiracy, share before it gets deleted! URGENT -- Doctors HATE this secret recording leaked online, share before it gets deleted! URGENT -- Doctors HATE this shocking conspiracy, share before it gets deleted! URGENT -- Doctors HATE this hidden agenda, share before it gets deleted!",Government News,27-Dec-2025
SHOCKING: The shocking conspiracy nobody wants you to see,This secret deal exposed is being suppressed by the elites -- click to see the forbidden photos! This massive cover-up is being suppressed by the elites -- click to see the forbidden photos! This celebrity scandal cover-up is being suppressed by the elites -- click to see the forbidden photos! This celebrity scandal cover-up is being suppressed by the elites -- click to see the forbidden photos! This shocking conspiracy is being suppressed by the elites -- click to see the forbidden photos! This hidden truth about the vaccine is being suppressed by the elites -- click to see the forbidden photos!,conspiracy,26-Dec-2025
URGENT: The hidden truth about the vaccine nobody wants you to see,URGENT: Insiders reveal the insider reveals shocking secret that will change everything you thought you knew!!! URGENT: Insiders reveal the insider reveals shocking secret that will change everything you thought you knew!!! URGENT: Insiders reveal the massive cover-up that will change everything you thought you knew!!! URGENT: Insiders reveal the hidden truth about the vaccine that will change everything you thought you knew!!! URGENT: Insiders reveal the hidden truth about the vaccine that will change everything you thought you knew!!! URGENT: Insiders reveal the celebrity scandal cover-up that will change everything you thought you knew!!!,Government News,7-Aug-2025
LEAKED: The celebrity scandal cover-up nobody wants you to see,"LEAKED: Anonymous source claims secret government plot, and the mainstream media refuses to cover it. LEAKED: Anonymous source claims miracle cure being hidden from the public, and the mainstream media refuses to cover it. LEAKED: Anonymous source claims secret government plot, and the mainstream media refuses to cover it. LEAKED: Anonymous source claims shocking conspiracy, and the mainstream media refuses to cover it. LEAKED: Anonymous source claims hidden truth about the vaccine, and the mainstream media refuses to cover it. LEAKED: Anonymous source claims shocking conspiracy, and the mainstream media refuses to cover it.",News,17-Aug-2025
SHOCKING: The massive cover-up nobody wants you to see,This shocking conspiracy is being suppressed by the elites -- click to see the forbidden photos! This celebrity scandal cover-up is being suppressed by the elites -- click to see the forbidden photos! This massive cover-up is being suppressed by the elites -- click to see the forbidden photos! This insider reveals shocking secret is being suppressed by the elites -- click to see the forbidden photos! This celebrity scandal cover-up is being suppressed by the elites -- click to see the forbidden photos! This massive cover-up is being suppressed by the elites -- click to see the forbidden photos!,News,1-Mar-2025
BREAKING: The miracle cure being hidden from the public nobody wants you to see,Experts are stunned after the elite plan nobody is talking about was leaked; the truth they don't want you to see. Experts are stunned after the massive cover-up was leaked; the truth they don't want you to see. Experts are stunned after the miracle cure being hidden from the public was leaked; the truth they don't want you to see. Experts are stunned after the massive cover-up was leaked; the truth they don't want you to see. Experts are stunned after the insider reveals shocking secret was leaked; the truth they don't want you to see. Experts are stunned after the secret recording leaked online was leaked; the truth they don't want you to see.,left-news,19-Feb-2025
URGENT: The hidden agenda nobody wants you to see,You won't believe what was just found about the celebrity scandal cover-up; wake up before it's too late! You won't believe what was just found about the celebrity scandal cover-up; wake up before it's too late! You won't believe what was just found about the insider reveals shocking secret; wake up before it's too late! You won't believe what was just found about the secret deal exposed; wake up before it's too late! You won't believe what was just found about the secret recording leaked online; wake up before it's too late! You won't believe what was just found about the banned study reveals the truth; wake up before it's too late!,conspiracy,6-Dec-2025
URGENT: The shocking conspiracy nobody wants you to see,"URGENT!!! The hidden truth about the vaccine exposed by a whistleblower, share this NOW before they take it down! URGENT!!! The celebrity scandal cover-up exposed by a whistleblower, share this NOW before they take it down! URGENT!!! The secret deal exposed exposed by a whistleblower, share this NOW before they take it down! URGENT!!! The hidden agenda exposed by a whistleblower, share this NOW before they take it down! URGENT!!! The insider reveals shocking secret exposed by a whistleblower, share this NOW before they take it down! URGENT!!! The insider reveals shocking secret exposed by a whistleblower, share this NOW before they take it down!",conspiracy,5-Mar-2025
SHOCKING: The insider reveals shocking secret nobody wants you to see,This secret deal exposed is being suppressed by the elites -- click to see the forbidden photos! This hidden truth about the vaccine is being suppressed by the elites -- click to see the forbidden photos! This secret government plot is being suppressed by the elites -- click to see the forbidden photos! This celebrity scandal cover-up is being suppressed by the elites -- click to see the forbidden photos! This hidden truth about the vaccine is being suppressed by the elites -- click to see the forbidden photos! This massive cover-up is being suppressed by the elites -- click to see the forbidden photos!,Government News,8-Nov-2025
You Won't Believe: The banned study reveals the truth nobody wants you to see,"You Won't Believe -- Doctors HATE this massive cover-up, share before it gets deleted! You Won't Believe -- Doctors HATE this insider reveals shocking secret, share before it gets deleted! You Won't Believe -- Doctors HATE this miracle cure being hidden from the public, share before it gets deleted! You Won't Believe -- Doctors HATE this shocking conspiracy, share before it gets deleted! You Won't Believe -- Doctors HATE this massive cover-up, share before it gets deleted! You Won't Believe -- Doctors HATE this massive cover-up, share before it gets deleted!",politics,21-Feb-2025
URGENT: The banned study reveals the truth nobody wants you to see,URGENT: Insiders reveal the hidden agenda that will change everything you thought you knew!!! URGENT: Insiders reveal the shocking conspiracy that will change everything you thought you knew!!! URGENT: Insiders reveal the shocking conspiracy that will change everything you thought you knew!!! URGENT: Insiders reveal the insider reveals shocking secret that will change everything you thought you knew!!! URGENT: Insiders reveal the miracle cure being hidden from the public that will change everything you thought you knew!!! URGENT: Insiders reveal the massive cover-up that will change everything you thought you knew!!!,conspiracy,26-Feb-2025
SHOCKING: The secret government plot nobody wants you to see,"SHOCKING: Anonymous source claims banned study reveals the truth, and the mainstream media refuses to cover it. SHOCKING: Anonymous source claims insider reveals shocking secret, and the mainstream media refuses to cover it. SHOCKING: Anonymous source claims secret deal exposed, and the mainstream media refuses to cover it. SHOCKING: Anonymous source claims celebrity scandal cover-up, and the mainstream media refuses to cover it. SHOCKING: Anonymous source claims secret deal exposed, and the mainstream media refuses to cover it. SHOCKING: Anonymous source claims banned study reveals the truth, and the mainstream media refuses to cover it.",left-news,12-Sep-2025
Mainstream Media Won't Tell You: The miracle cure being hidden from the public nobody wants you to see,Experts are stunned after the banned study reveals the truth was leaked; the truth they don't want you to see. Experts are stunned after the hidden truth about the vaccine was leaked; the truth they don't want you to see. Experts are stunned after the secret recording leaked online was leaked; the truth they don't want you to see. Experts are stunned after the secret recording leaked online was leaked; the truth they don't want you to see. Experts are stunned after the shocking conspiracy was leaked; the truth they don't want you to see. Experts are stunned after the celebrity scandal cover-up was leaked; the truth they don't want you to see.,left-news,3-Jan-2025
LEAKED: The secret government plot nobody wants you to see,You won't believe what was just found about the hidden agenda; wake up before it's too late! You won't believe what was just found about the miracle cure being hidden from the public; wake up before it's too late! You won't believe what was just found about the miracle cure being hidden from the public; wake up before it's too late! You won't believe what was just found about the massive cover-up; wake up before it's too late! You won't believe what was just found about the celebrity scandal cover-up; wake up before it's too late! You won't believe what was just found about the secret deal exposed; wake up before it's too late!,politics,24-Feb-2025
You Won't Believe: The massive cover-up nobody wants you to see,This hidden truth about the vaccine is being suppressed by the elites -- click to see the forbidden photos! This banned study reveals the truth is being suppressed by the elites -- click to see the forbidden photos! This insider reveals shocking secret is being suppressed by the elites -- click to see the forbidden photos! This secret government plot is being suppressed by the elites -- click to see the forbidden photos! This secret deal exposed is being suppressed by the elites -- click to see the forbidden photos! This secret recording leaked online is being suppressed by the elites -- click to see the forbidden photos!,politics,20-Jul-2025
BREAKING: The secret government plot nobody wants you to see,BREAKING: Insiders reveal the massive cover-up that will change everything you thought you knew!!! BREAKING: Insiders reveal the shocking conspiracy that will change everything you thought you knew!!! BREAKING: Insiders reveal the shocking conspiracy that will change everything you thought you knew!!! BREAKING: Insiders reveal the secret deal exposed that will change everything you thought you knew!!! BREAKING: Insiders reveal the insider reveals shocking secret that will change everything you thought you knew!!! BREAKING: Insiders reveal the elite plan nobody is talking about that will change everything you thought you knew!!!,Government News,9-Nov-2025
LEAKED: The hidden agenda nobody wants you to see,"LEAKED -- Doctors HATE this miracle cure being hidden from the public, share before it gets deleted! LEAKED -- Doctors HATE this secret government plot, share before it gets deleted! LEAKED -- Doctors HATE this secret deal exposed, share before it gets deleted! LEAKED -- Doctors HATE this hidden truth about the vaccine, share before it gets deleted! LEAKED -- Doctors HATE this elite plan nobody is talking about, share before it gets deleted! LEAKED -- Doctors HATE this banned study reveals the truth, share before it gets deleted!",politics,2-Jun-2025
SHOCKING: The secret deal exposed nobody wants you to see,SHOCKING: Insiders reveal the hidden agenda that will change everything you thought you knew!!! SHOCKING: Insiders reveal the secret recording leaked online that will change everything you thought you knew!!! SHOCKING: Insiders reveal the secret recording leaked online that will change everything you thought you knew!!! SHOCKING: Insiders reveal the hidden truth about the vaccine that will change everything you thought you knew!!! SHOCKING: Insiders reveal the banned study reveals the truth that will change everything you thought you knew!!! SHOCKING: Insiders reveal the shocking conspiracy that will change everything you thought you knew!!!,News,1-Apr-2025
BREAKING: The secret recording leaked online nobody wants you to see,You won't believe what was just found about the miracle cure being hidden from the public; wake up before it's too late! You won't believe what was just found about the banned study reveals the truth; wake up before it's too late! You won't believe what was just found about the miracle cure being hidden from the public; wake up before it's too late! You won't believe what was just found about the hidden agenda; wake up before it's too late! You won't believe what was just found about the secret deal exposed; wake up before it's too late! You won't believe what was just found about the banned study reveals the truth; wake up before it's too late!,left-news,22-May-2025
You Won't Believe: The secret recording leaked online nobody wants you to see,This secret deal exposed is being suppressed by the elites -- click to see the forbidden photos! This celebrity scandal cover-up is being suppressed by the elites -- click to see the forbidden photos! This massive cover-up is being suppressed by the elites -- click to see the forbidden photos! This secret deal exposed is being suppressed by the elites -- click to see the forbidden photos! This massive cover-up is being suppressed by the elites -- click to see the forbidden photos! This celebrity scandal cover-up is being suppressed by the elites -- click to see the forbidden photos!,left-news,2-May-2025
EXCLUSIVE: The banned study reveals the truth nobody wants you to see,You won't believe what was just found about the shocking conspiracy; wake up before it's too late! You won't believe what was just found about the hidden agenda; wake up before it's too late! You won't believe what was just found about the hidden truth about the vaccine; wake up before it's too late! You won't believe what was just found about the secret government plot; wake up before it's too late! You won't believe what was just found about the celebrity scandal cover-up; wake up before it's too late! You won't believe what was just found about the insider reveals shocking secret; wake up before it's too late!,News,3-Nov-2025
URGENT: The elite plan nobody is talking about nobody wants you to see,"URGENT: Anonymous source claims hidden truth about the vaccine, and the mainstream media refuses to cover it. URGENT: Anonymous source claims shocking conspiracy, and the mainstream media refuses to cover it. URGENT: Anonymous source claims elite plan nobody is talking about, and the mainstream media refuses to cover it. URGENT: Anonymous source claims secret government plot, and the mainstream media refuses to cover it. URGENT: Anonymous source claims secret deal exposed, and the mainstream media refuses to cover it. URGENT: Anonymous source claims elite plan nobody is talking about, and the mainstream media refuses to cover it.",left-news,18-Nov-2025
EXCLUSIVE: The hidden truth about the vaccine nobody wants you to see,"EXCLUSIVE -- Doctors HATE this banned study reveals the truth, share before it gets deleted! EXCLUSIVE -- Doctors HATE this hidden agenda, share before it gets deleted! EXCLUSIVE -- Doctors HATE this miracle cure being hidden from the public, share before it gets deleted! EXCLUSIVE -- Doctors HATE this secret deal exposed, share before it gets deleted! EXCLUSIVE -- Doctors HATE this insider reveals shocking secret, share before it gets deleted! EXCLUSIVE -- Doctors HATE this secret government plot, share before it gets deleted!",Government News,19-Sep-2025
BREAKING: The miracle cure being hidden from the public nobody wants you to see,Experts are stunned after the banned study reveals the truth was leaked; the truth they don't want you to see. Experts are stunned after the celebrity scandal cover-up was leaked; the truth they don't want you to see. Experts are stunned after the celebrity scandal cover-up was leaked; the truth they don't want you to see. Experts are stunned after the shocking conspiracy was leaked; the truth they don't want you to see. Experts are stunned after the shocking conspiracy was leaked; the truth they don't want you to see. Experts are stunned after the celebrity scandal cover-up was leaked; the truth they don't want you to see.,News,14-Feb-2025
Mainstream Media Won't Tell You: The shocking conspiracy nobody wants you to see,Experts are stunned after the secret recording leaked online was leaked; the truth they don't want you to see. Experts are stunned after the celebrity scandal cover-up was leaked; the truth they don't want you to see. Experts are stunned after the hidden truth about the vaccine was leaked; the truth they don't want you to see. Experts are stunned after the hidden agenda was leaked; the truth they don't want you to see. Experts are stunned after the massive cover-up was leaked; the truth they don't want you to see. Experts are stunned after the insider reveals shocking secret was leaked; the truth they don't want you to see.,News,3-Jul-2025
Mainstream Media Won't Tell You: The elite plan nobody is talking about nobody wants you to see,You won't believe what was just found about the hidden agenda; wake up before it's too late! You won't believe what was just found about the elite plan nobody is talking about; wake up before it's too late! You won't believe what was just found about the banned study reveals the truth; wake up before it's too late! You won't believe what was just found about the secret government plot; wake up before it's too late! You won't believe what was just found about the insider reveals shocking secret; wake up before it's too late! You won't believe what was just found about the hidden truth about the vaccine; wake up before it's too late!,Government News,17-Jul-2025
You Won't Believe: The secret deal exposed nobody wants you to see,"You Won't Believe -- Doctors HATE this celebrity scandal cover-up, share before it gets deleted! You Won't Believe -- Doctors HATE this hidden truth about the vaccine, share before it gets deleted! You Won't Believe -- Doctors HATE this hidden truth about the vaccine, share before it gets deleted! You Won't Believe -- Doctors HATE this hidden truth about the vaccine, share before it gets deleted! You Won't Believe -- Doctors HATE this miracle cure being hidden from the public, share before it gets deleted! You Won't Believe -- Doctors HATE this miracle cure being hidden from the public, share before it gets deleted!",Government News,25-Feb-2025
LEAKED: The elite plan nobody is talking about nobody wants you to see,You won't believe what was just found about the secret deal exposed; wake up before it's too late! You won't believe what was just found about the hidden agenda; wake up before it's too late! You won't believe what was just found about the secret deal exposed; wake up before it's too late! You won't believe what was just found about the secret recording leaked online; wake up before it's too late! You won't believe what was just found about the banned study reveals the truth; wake up before it's too late! You won't believe what was just found about the hidden truth about the vaccine; wake up before it's too late!,Government News,16-Jan-2025
BREAKING: The hidden agenda nobody wants you to see,"BREAKING: Anonymous source claims celebrity scandal cover-up, and the mainstream media refuses to cover it. BREAKING: Anonymous source claims hidden truth about the vaccine, and the mainstream media refuses to cover it. BREAKING: Anonymous source claims hidden truth about the vaccine, and the mainstream media refuses to cover it. BREAKING: Anonymous source claims secret recording leaked online, and the mainstream media refuses to cover it. BREAKING: Anonymous source claims insider reveals shocking secret, and the mainstream media refuses to cover it. BREAKING: Anonymous source claims secret deal exposed, and the mainstream media refuses to cover it.",News,13-Jun-2025
EXPOSED: The secret government plot nobody wants you to see,"EXPOSED!!! The banned study reveals the truth exposed by a whistleblower, share this NOW before they take it down! EXPOSED!!! The hidden agenda exposed by a whistleblower, share this NOW before they take it down! EXPOSED!!! The massive cover-up exposed by a whistleblower, share this NOW before they take it down! EXPOSED!!! The secret government plot exposed by a whistleblower, share this NOW before they take it down! EXPOSED!!! The massive cover-up exposed by a whistleblower, share this NOW before they take it down! EXPOSED!!! The hidden agenda exposed by a whistleblower, share this NOW before they take it down!",conspiracy,9-Aug-2025
You Won't Believe: The shocking conspiracy nobody wants you to see,"You Won't Believe -- Doctors HATE this hidden agenda, share before it gets deleted! You Won't Believe -- Doctors HATE this insider reveals shocking secret, share before it gets deleted! You Won't Believe -- Doctors HATE this banned study reveals the truth, share before it gets deleted! You Won't Believe -- Doctors HATE this massive cover-up, share before it gets deleted! You Won't Believe -- Doctors HATE this hidden agenda, share before it gets deleted! You Won't Believe -- Doctors HATE this insider reveals shocking secret, share before it gets deleted!",left-news,20-Nov-2025
You Won't Believe: The shocking conspiracy nobody wants you to see,"You Won't Believe: Anonymous source claims shocking conspiracy, and the mainstream media refuses to cover it. You Won't Believe: Anonymous source claims secret deal exposed, and the mainstream media refuses to cover it. You Won't Believe: Anonymous source claims insider reveals shocking secret, and the mainstream media refuses to cover it. You Won't Believe: Anonymous source claims banned study reveals the truth, and the mainstream media refuses to cover it. You Won't Believe: Anonymous source claims elite plan nobody is talking about, and the mainstream media refuses to cover it. You Won't Believe: Anonymous source claims massive cover-up, and the mainstream media refuses to cover it.",News,17-Mar-2025
You Won't Believe: The hidden agenda nobody wants you to see,"You Won't Believe!!! The elite plan nobody is talking about exposed by a whistleblower, share this NOW before they take it down! You Won't Believe!!! The secret deal exposed exposed by a whistleblower, share this NOW before they take it down! You Won't Believe!!! The celebrity scandal cover-up exposed by a whistleblower, share this NOW before they take it down! You Won't Believe!!! The elite plan nobody is talking about exposed by a whistleblower, share this NOW before they take it down! You Won't Believe!!! The hidden truth about the vaccine exposed by a whistleblower, share this NOW before they take it down! You Won't Believe!!! The secret government plot exposed by a whistleblower, share this NOW before they take it down!",politics,7-Apr-2025
SHOCKING: The shocking conspiracy nobody wants you to see,SHOCKING: Insiders reveal the banned study reveals the truth that will change everything you thought you knew!!! SHOCKING: Insiders reveal the secret government plot that will change everything you thought you knew!!! SHOCKING: Insiders reveal the massive cover-up that will change everything you thought you knew!!! SHOCKING: Insiders reveal the insider reveals shocking secret that will change everything you thought you knew!!! SHOCKING: Insiders reveal the shocking conspiracy that will change everything you thought you knew!!! SHOCKING: Insiders reveal the hidden agenda that will change everything you thought you knew!!!,conspiracy,27-Aug-2025
Mainstream Media Won't Tell You: The secret recording leaked online nobody wants you to see,Mainstream Media Won't Tell You: Insiders reveal the secret recording leaked online that will change everything you thought you knew!!! Mainstream Media Won't Tell You: Insiders reveal the secret government plot that will change everything you thought you knew!!! Mainstream Media Won't Tell You: Insiders reveal the shocking conspiracy that will change everything you thought you knew!!! Mainstream Media Won't Tell You: Insiders reveal the massive cover-up that will change everything you thought you knew!!! Mainstream Media Won't Tell You: Insiders reveal the banned study reveals the truth that will change everything you thought you knew!!! Mainstream Media Won't Tell You: Insiders reveal the hidden truth about the vaccine that will change everything you thought you knew!!!,left-news,6-Aug-2025
URGENT: The massive cover-up nobody wants you to see,"URGENT -- Doctors HATE this hidden agenda, share before it gets deleted! URGENT -- Doctors HATE this insider reveals shocking secret, share before it gets deleted! URGENT -- Doctors HATE this insider reveals shocking secret, share before it gets deleted! URGENT -- Doctors HATE this miracle cure being hidden from the public, share before it gets deleted! URGENT -- Doctors HATE this hidden agenda, share before it gets deleted! URGENT -- Doctors HATE this secret government plot, share before it gets deleted!",left-news,2-Mar-2025
EXPOSED: The shocking conspiracy nobody wants you to see,"EXPOSED!!! The shocking conspiracy exposed by a whistleblower, share this NOW before they take it down! EXPOSED!!! The secret recording leaked online exposed by a whistleblower, share this NOW before they take it down! EXPOSED!!! The shocking conspiracy exposed by a whistleblower, share this NOW before they take it down! EXPOSED!!! The hidden agenda exposed by a whistleblower, share this NOW before they take it down! EXPOSED!!! The secret recording leaked online exposed by a whistleblower, share this NOW before they take it down! EXPOSED!!! The secret deal exposed exposed by a whistleblower, share this NOW before they take it down!",Government News,1-Nov-2025
SHOCKING: The banned study reveals the truth nobody wants you to see,"SHOCKING -- Doctors HATE this secret recording leaked online, share before it gets deleted! SHOCKING -- Doctors HATE this celebrity scandal cover-up, share before it gets deleted! SHOCKING -- Doctors HATE this hidden truth about the vaccine, share before it gets deleted! SHOCKING -- Doctors HATE this secret government plot, share before it gets deleted! SHOCKING -- Doctors HATE this shocking conspiracy, share before it gets deleted! SHOCKING -- Doctors HATE this hidden agenda, share before it gets deleted!",Government News,26-May-2025
LEAKED: The secret deal exposed nobody wants you to see,"LEAKED: Anonymous source claims massive cover-up, and the mainstream media refuses to cover it. LEAKED: Anonymous source claims banned study reveals the truth, and the mainstream media refuses to cover it. LEAKED: Anonymous source claims hidden agenda, and the mainstream media refuses to cover it. LEAKED: Anonymous source claims shocking conspiracy, and the mainstream media refuses to cover it. LEAKED: Anonymous source claims banned study reveals the truth, and the mainstream media refuses to cover it. LEAKED: Anonymous source claims hidden agenda, and the mainstream media refuses to cover it.",Government News,27-Oct-2025
Mainstream Media Won't Tell You: The hidden truth about the vaccine nobody wants you to see,Mainstream Media Won't Tell You: Insiders reveal the secret government plot that will change everything you thought you knew!!! Mainstream Media Won't Tell You: Insiders reveal the elite plan nobody is talking about that will change everything you thought you knew!!! Mainstream Media Won't Tell You: Insiders reveal the secret recording leaked online that will change everything you thought you knew!!! Mainstream Media Won't Tell You: Insiders reveal the massive cover-up that will change everything you thought you knew!!! Mainstream Media Won't Tell You: Insiders reveal the elite plan nobody is talking about that will change everything you thought you knew!!! Mainstream Media Won't Tell You: Insiders reveal the secret recording leaked online that will change everything you thought you knew!!!,Government News,20-May-2025
LEAKED: The secret recording leaked online nobody wants you to see,LEAKED: Insiders reveal the banned study reveals the truth that will change everything you thought you knew!!! LEAKED: Insiders reveal the miracle cure being hidden from the public that will change everything you thought you knew!!! LEAKED: Insiders reveal the massive cover-up that will change everything you thought you knew!!! LEAKED: Insiders reveal the hidden agenda that will change everything you thought you knew!!! LEAKED: Insiders reveal the secret recording leaked online that will change everything you thought you knew!!! LEAKED: Insiders reveal the massive cover-up that will change everything you thought you knew!!!,conspiracy,9-Nov-2025
LEAKED: The shocking conspiracy nobody wants you to see,"LEAKED -- Doctors HATE this elite plan nobody is talking about, share before it gets deleted! LEAKED -- Doctors HATE this shocking conspiracy, share before it gets deleted! LEAKED -- Doctors HATE this secret government plot, share before it gets deleted! LEAKED -- Doctors HATE this hidden truth about the vaccine, share before it gets deleted! LEAKED -- Doctors HATE this secret deal exposed, share before it gets deleted! LEAKED -- Doctors HATE this secret recording leaked online, share before it gets deleted!",conspiracy,22-Mar-2025
SHOCKING: The secret recording leaked online nobody wants you to see,"SHOCKING: Anonymous source claims hidden agenda, and the mainstream media refuses to cover it. SHOCKING: Anonymous source claims hidden agenda, and the mainstream media refuses to cover it. SHOCKING: Anonymous source claims secret deal exposed, and the mainstream media refuses to cover it. SHOCKING: Anonymous source claims secret deal exposed, and the mainstream media refuses to cover it. SHOCKING: Anonymous source claims secret deal exposed, and the mainstream media refuses to cover it. SHOCKING: Anonymous source claims insider reveals shocking secret, and the mainstream media refuses to cover it.",News,19-Dec-2025
EXPOSED: The massive cover-up nobody wants you to see,"EXPOSED!!! The insider reveals shocking secret exposed by a whistleblower, share this NOW before they take it down! EXPOSED!!! The shocking conspiracy exposed by a whistleblower, share this NOW before they take it down! EXPOSED!!! The secret recording leaked online exposed by a whistleblower, share this NOW before they take it down! EXPOSED!!! The elite plan nobody is talking about exposed by a whistleblower, share this NOW before they take it down! EXPOSED!!! The secret recording leaked online exposed by a whistleblower, share this NOW before they take it down! EXPOSED!!! The banned study reveals the truth exposed by a whistleblower, share this NOW before they take it down!",conspiracy,17-May-2025
BREAKING: The secret recording leaked online nobody wants you to see,This celebrity scandal cover-up is being suppressed by the elites -- click to see the forbidden photos! This hidden agenda is being suppressed by the elites -- click to see the forbidden photos! This miracle cure being hidden from the public is being suppressed by the elites -- click to see the forbidden photos! This banned study reveals the truth is being suppressed by the elites -- click to see the forbidden photos! This celebrity scandal cover-up is being suppressed by the elites -- click to see the forbidden photos! This insider reveals shocking secret is being suppressed by the elites -- click to see the forbidden photos!,conspiracy,24-Sep-2025
BREAKING: The secret recording leaked online nobody wants you to see,You won't believe what was just found about the secret recording leaked online; wake up before it's too late! You won't believe what was just found about the miracle cure being hidden from the public; wake up before it's too late! You won't believe what was just found about the shocking conspiracy; wake up before it's too late! You won't believe what was just found about the massive cover-up; wake up before it's too late! You won't believe what was just found about the shocking conspiracy; wake up before it's too late! You won't believe what was just found about the insider reveals shocking secret; wake up before it's too late!,conspiracy,14-Jun-2025
URGENT: The hidden agenda nobody wants you to see,This hidden agenda is being suppressed by the elites -- click to see the forbidden photos! This banned study reveals the truth is being suppressed by the elites -- click to see the forbidden photos! This miracle cure being hidden from the public is being suppressed by the elites -- click to see the forbidden photos! This banned study reveals the truth is being suppressed by the elites -- click to see the forbidden photos! This secret government plot is being suppressed by the elites -- click to see the forbidden photos! This secret recording leaked online is being suppressed by the elites -- click to see the forbidden photos!,Government News,19-Oct-2025
You Won't Believe: The banned study reveals the truth nobody wants you to see,"You Won't Believe -- Doctors HATE this elite plan nobody is talking about, share before it gets deleted! You Won't Believe -- Doctors HATE this miracle cure being hidden from the public, share before it gets deleted! You Won't Believe -- Doctors HATE this secret recording leaked online, share before it gets deleted! You Won't Believe -- Doctors HATE this secret deal exposed, share before it gets deleted! You Won't Believe -- Doctors HATE this elite plan nobody is talking about, share before it gets deleted! You Won't Believe -- Doctors HATE this hidden agenda, share before it gets deleted!",left-news,2-Mar-2025
BREAKING: The shocking conspiracy nobody wants you to see,You won't believe what was just found about the secret deal exposed; wake up before it's too late! You won't believe what was just found about the hidden truth about the vaccine; wake up before it's too late! You won't believe what was just found about the banned study reveals the truth; wake up before it's too late! You won't believe what was just found about the celebrity scandal cover-up; wake up before it's too late! You won't believe what was just found about the massive cover-up; wake up before it's too late! You won't believe what was just found about the insider reveals shocking secret; wake up before it's too late!,politics,25-Feb-2025
EXCLUSIVE: The massive cover-up nobody wants you to see,"EXCLUSIVE!!! The celebrity scandal cover-up exposed by a whistleblower, share this NOW before they take it down! EXCLUSIVE!!! The massive cover-up exposed by a whistleblower, share this NOW before they take it down! EXCLUSIVE!!! The secret recording leaked online exposed by a whistleblower, share this NOW before they take it down! EXCLUSIVE!!! The secret government plot exposed by a whistleblower, share this NOW before they take it down! EXCLUSIVE!!! The secret government plot exposed by a whistleblower, share this NOW before they take it down! EXCLUSIVE!!! The banned study reveals the truth exposed by a whistleblower, share this NOW before they take it down!",conspiracy,7-Mar-2025
BREAKING: The banned study reveals the truth nobody wants you to see,Experts are stunned after the miracle cure being hidden from the public was leaked; the truth they don't want you to see. Experts are stunned after the celebrity scandal cover-up was leaked; the truth they don't want you to see. Experts are stunned after the hidden truth about the vaccine was leaked; the truth they don't want you to see. Experts are stunned after the secret deal exposed was leaked; the truth they don't want you to see. Experts are stunned after the secret recording leaked online was leaked; the truth they don't want you to see. Experts are stunned after the secret deal exposed was leaked; the truth they don't want you to see.,left-news,14-Aug-2025
Mainstream Media Won't Tell You: The secret government plot nobody wants you to see,Mainstream Media Won't Tell You: Insiders reveal the elite plan nobody is talking about that will change everything you thought you knew!!! Mainstream Media Won't Tell You: Insiders reveal the shocking conspiracy that will change everything you thought you knew!!! Mainstream Media Won't Tell You: Insiders reveal the insider reveals shocking secret that will change everything you thought you knew!!! Mainstream Media Won't Tell You: Insiders reveal the massive cover-up that will change everything you thought you knew!!! Mainstream Media Won't Tell You: Insiders reveal the secret government plot that will change everything you thought you knew!!! Mainstream Media Won't Tell You: Insiders reveal the massive cover-up that will change everything you thought you knew!!!,Government News,7-Jan-2025
SHOCKING: The secret recording leaked online nobody wants you to see,"SHOCKING!!! The shocking conspiracy exposed by a whistleblower, share this NOW before they take it down! SHOCKING!!! The shocking conspiracy exposed by a whistleblower, share this NOW before they take it down! SHOCKING!!! The insider reveals shocking secret exposed by a whistleblower, share this NOW before they take it down! SHOCKING!!! The massive cover-up exposed by a whistleblower, share this NOW before they take it down! SHOCKING!!! The hidden agenda exposed by a whistleblower, share this NOW before they take it down! SHOCKING!!! The celebrity scandal cover-up exposed by a whistleblower, share this NOW before they take it down!",News,13-Sep-2025
LEAKED: The celebrity scandal cover-up nobody wants you to see,LEAKED: Insiders reveal the secret government plot that will change everything you thought you knew!!! LEAKED: Insiders reveal the hidden agenda that will change everything you thought you knew!!! LEAKED: Insiders reveal the hidden agenda that will change everything you thought you knew!!! LEAKED: Insiders reveal the banned study reveals the truth that will change everything you thought you knew!!! LEAKED: Insiders reveal the insider reveals shocking secret that will change everything you thought you knew!!! LEAKED: Insiders reveal the elite plan nobody is talking about that will change everything you thought you knew!!!,Government News,17-Jun-2025
Mainstream Media Won't Tell You: The secret recording leaked online nobody wants you to see,"Mainstream Media Won't Tell You -- Doctors HATE this massive cover-up, share before it gets deleted! Mainstream Media Won't Tell You -- Doctors HATE this banned study reveals the truth, share before it gets deleted! Mainstream Media Won't Tell You -- Doctors HATE this massive cover-up, share before it gets deleted! Mainstream Media Won't Tell You -- Doctors HATE this shocking conspiracy, share before it gets deleted! Mainstream Media Won't Tell You -- Doctors HATE this celebrity scandal cover-up, share before it gets deleted! Mainstream Media Won't Tell You -- Doctors HATE this secret deal exposed, share before it gets deleted!",News,8-Apr-2025
BREAKING: The shocking conspiracy nobody wants you to see,"BREAKING!!! The secret government plot exposed by a whistleblower, share this NOW before they take it down! BREAKING!!! The hidden truth about the vaccine exposed by a whistleblower, share this NOW before they take it down! BREAKING!!! The elite plan nobody is talking about exposed by a whistleblower, share this NOW before they take it down! BREAKING!!! The celebrity scandal cover-up exposed by a whistleblower, share this NOW before they take it down! BREAKING!!! The miracle cure being hidden from the public exposed by a whistleblower, share this NOW before they take it down! BREAKING!!! The massive cover-up exposed by a whistleblower, share this NOW before they take it down!",News,13-Nov-2025
LEAKED: The elite plan nobody is talking about nobody wants you to see,This secret government plot is being suppressed by the elites -- click to see the forbidden photos! This hidden truth about the vaccine is being suppressed by the elites -- click to see the forbidden photos! This secret government plot is being suppressed by the elites -- click to see the forbidden photos! This secret recording leaked online is being suppressed by the elites -- click to see the forbidden photos! This miracle cure being hidden from the public is being suppressed by the elites -- click to see the forbidden photos! This secret recording leaked online is being suppressed by the elites -- click to see the forbidden photos!,News,2-Dec-2025
You Won't Believe: The secret deal exposed nobody wants you to see,"You Won't Believe: Anonymous source claims secret deal exposed, and the mainstream media refuses to cover it. You Won't Believe: Anonymous source claims miracle cure being hidden from the public, and the mainstream media refuses to cover it. You Won't Believe: Anonymous source claims elite plan nobody is talking about, and the mainstream media refuses to cover it. You Won't Believe: Anonymous source claims hidden agenda, and the mainstream media refuses to cover it. You Won't Believe: Anonymous source claims banned study reveals the truth, and the mainstream media refuses to cover it. You Won't Believe: Anonymous source claims insider reveals shocking secret, and the mainstream media refuses to cover it.",politics,7-Dec-2025
SHOCKING: The hidden agenda nobody wants you to see,"SHOCKING: Anonymous source claims secret recording leaked online, and the mainstream media refuses to cover it. SHOCKING: Anonymous source claims miracle cure being hidden from the public, and the mainstream media refuses to cover it. SHOCKING: Anonymous source claims secret recording leaked online, and the mainstream media refuses to cover it. SHOCKING: Anonymous source claims elite plan nobody is talking about, and the mainstream media refuses to cover it. SHOCKING: Anonymous source claims hidden agenda, and the mainstream media refuses to cover it. SHOCKING: Anonymous source claims hidden truth about the vaccine, and the mainstream media refuses to cover it.",Government News,23-Mar-2025
Mainstream Media Won't Tell You: The miracle cure being hidden from the public nobody wants you to see,This insider reveals shocking secret is being suppressed by the elites -- click to see the forbidden photos! This hidden truth about the vaccine is being suppressed by the elites -- click to see the forbidden photos! This miracle cure being hidden from the public is being suppressed by the elites -- click to see the forbidden photos! This hidden agenda is being suppressed by the elites -- click to see the forbidden photos! This miracle cure being hidden from the public is being suppressed by the elites -- click to see the forbidden photos! This miracle cure being hidden from the public is being suppressed by the elites -- click to see the forbidden photos!,left-news,7-Oct-2025
EXPOSED: The hidden agenda nobody wants you to see,Experts are stunned after the elite plan nobody is talking about was leaked; the truth they don't want you to see. Experts are stunned after the shocking conspiracy was leaked; the truth they don't want you to see. Experts are stunned after the massive cover-up was leaked; the truth they don't want you to see. Experts are stunned after the insider reveals shocking secret was leaked; the truth they don't want you to see. Experts are stunned after the secret deal exposed was leaked; the truth they don't want you to see. Experts are stunned after the hidden agenda was leaked; the truth they don't want you to see.,politics,2-Sep-2025
EXCLUSIVE: The shocking conspiracy nobody wants you to see,"EXCLUSIVE!!! The banned study reveals the truth exposed by a whistleblower, share this NOW before they take it down! EXCLUSIVE!!! The massive cover-up exposed by a whistleblower, share this NOW before they take it down! EXCLUSIVE!!! The shocking conspiracy exposed by a whistleblower, share this NOW before they take it down! EXCLUSIVE!!! The secret government plot exposed by a whistleblower, share this NOW before they take it down! EXCLUSIVE!!! The secret government plot exposed by a whistleblower, share this NOW before they take it down! EXCLUSIVE!!! The secret recording leaked online exposed by a whistleblower, share this NOW before they take it down!",News,4-Oct-2025
EXCLUSIVE: The celebrity scandal cover-up nobody wants you to see,EXCLUSIVE: Insiders reveal the elite plan nobody is talking about that will change everything you thought you knew!!! EXCLUSIVE: Insiders reveal the miracle cure being hidden from the public that will change everything you thought you knew!!! EXCLUSIVE: Insiders reveal the insider reveals shocking secret that will change everything you thought you knew!!! EXCLUSIVE: Insiders reveal the insider reveals shocking secret that will change everything you thought you knew!!! EXCLUSIVE: Insiders reveal the miracle cure being hidden from the public that will change everything you thought you knew!!! EXCLUSIVE: Insiders reveal the hidden agenda that will change everything you thought you knew!!!,politics,15-May-2025
LEAKED: The banned study reveals the truth nobody wants you to see,LEAKED: Insiders reveal the miracle cure being hidden from the public that will change everything you thought you knew!!! LEAKED: Insiders reveal the celebrity scandal cover-up that will change everything you thought you knew!!! LEAKED: Insiders reveal the secret government plot that will change everything you thought you knew!!! LEAKED: Insiders reveal the hidden agenda that will change everything you thought you knew!!! LEAKED: Insiders reveal the massive cover-up that will change everything you thought you knew!!! LEAKED: Insiders reveal the secret recording leaked online that will change everything you thought you knew!!!,conspiracy,14-Dec-2025
You Won't Believe: The miracle cure being hidden from the public nobody wants you to see,Experts are stunned after the secret government plot was leaked; the truth they don't want you to see. Experts are stunned after the secret government plot was leaked; the truth they don't want you to see. Experts are stunned after the celebrity scandal cover-up was leaked; the truth they don't want you to see. Experts are stunned after the secret recording leaked online was leaked; the truth they don't want you to see. Experts are stunned after the secret recording leaked online was leaked; the truth they don't want you to see. Experts are stunned after the celebrity scandal cover-up was leaked; the truth they don't want you to see.,conspiracy,12-Aug-2025
LEAKED: The insider reveals shocking secret nobody wants you to see,LEAKED: Insiders reveal the massive cover-up that will change everything you thought you knew!!! LEAKED: Insiders reveal the massive cover-up that will change everything you thought you knew!!! LEAKED: Insiders reveal the celebrity scandal cover-up that will change everything you thought you knew!!! LEAKED: Insiders reveal the miracle cure being hidden from the public that will change everything you thought you knew!!! LEAKED: Insiders reveal the secret deal exposed that will change everything you thought you knew!!! LEAKED: Insiders reveal the secret deal exposed that will change everything you thought you knew!!!,left-news,9-Jul-2025
EXCLUSIVE: The secret deal exposed nobody wants you to see,"EXCLUSIVE!!! The celebrity scandal cover-up exposed by a whistleblower, share this NOW before they take it down! EXCLUSIVE!!! The miracle cure being hidden from the public exposed by a whistleblower, share this NOW before they take it down! EXCLUSIVE!!! The celebrity scandal cover-up exposed by a whistleblower, share this NOW before they take it down! EXCLUSIVE!!! The insider reveals shocking secret exposed by a whistleblower, share this NOW before they take it down! EXCLUSIVE!!! The insider reveals shocking secret exposed by a whistleblower, share this NOW before they take it down! EXCLUSIVE!!! The secret government plot exposed by a whistleblower, share this NOW before they take it down!",politics,4-Jul-2025
EXCLUSIVE: The hidden truth about the vaccine nobody wants you to see,"EXCLUSIVE!!! The banned study reveals the truth exposed by a whistleblower, share this NOW before they take it down! EXCLUSIVE!!! The celebrity scandal cover-up exposed by a whistleblower, share this NOW before they take it down! EXCLUSIVE!!! The hidden truth about the vaccine exposed by a whistleblower, share this NOW before they take it down! EXCLUSIVE!!! The secret deal exposed exposed by a whistleblower, share this NOW before they take it down! EXCLUSIVE!!! The massive cover-up exposed by a whistleblower, share this NOW before they take it down! EXCLUSIVE!!! The hidden truth about the vaccine exposed by a whistleblower, share this NOW before they take it down!",News,28-Nov-2025
BREAKING: The banned study reveals the truth nobody wants you to see,"BREAKING: Anonymous source claims miracle cure being hidden from the public, and the mainstream media refuses to cover it. BREAKING: Anonymous source claims secret deal exposed, and the mainstream media refuses to cover it. BREAKING: Anonymous source claims banned study reveals the truth, and the mainstream media refuses to cover it. BREAKING: Anonymous source claims secret government plot, and the mainstream media refuses to cover it. BREAKING: Anonymous source claims miracle cure being hidden from the public, and the mainstream media refuses to cover it. BREAKING: Anonymous source claims hidden agenda, and the mainstream media refuses to cover it.",conspiracy,1-Dec-2025
EXPOSED: The secret recording leaked online nobody wants you to see,Experts are stunned after the massive cover-up was leaked; the truth they don't want you to see. Experts are stunned after the elite plan nobody is talking about was leaked; the truth they don't want you to see. Experts are stunned after the elite plan nobody is talking about was leaked; the truth they don't want you to see. Experts are stunned after the insider reveals shocking secret was leaked; the truth they don't want you to see. Experts are stunned after the insider reveals shocking secret was leaked; the truth they don't want you to see. Experts are stunned after the hidden truth about the vaccine was leaked; the truth they don't want you to see.,News,14-Nov-2025
EXPOSED: The banned study reveals the truth nobody wants you to see,You won't believe what was just found about the secret recording leaked online; wake up before it's too late! You won't believe what was just found about the secret recording leaked online; wake up before it's too late! You won't believe what was just found about the secret recording leaked online; wake up before it's too late! You won't believe what was just found about the secret deal exposed; wake up before it's too late! You won't believe what was just found about the celebrity scandal cover-up; wake up before it's too late! You won't believe what was just found about the elite plan nobody is talking about; wake up before it's too late!,Government News,2-Jan-2025
BREAKING: The elite plan nobody is talking about nobody wants you to see,Experts are stunned after the banned study reveals the truth was leaked; the truth they don't want you to see. Experts are stunned after the banned study reveals the truth was leaked; the truth they don't want you to see. Experts are stunned after the celebrity scandal cover-up was leaked; the truth they don't want you to see. Experts are stunned after the miracle cure being hidden from the public was leaked; the truth they don't want you to see. Experts are stunned after the banned study reveals the truth was leaked; the truth they don't want you to see. Experts are stunned after the massive cover-up was leaked; the truth they don't want you to see.,politics,11-May-2025
SHOCKING: The elite plan nobody is talking about nobody wants you to see,"SHOCKING -- Doctors HATE this elite plan nobody is talking about, share before it gets deleted! SHOCKING -- Doctors HATE this secret recording leaked online, share before it gets deleted! SHOCKING -- Doctors HATE this secret deal exposed, share before it gets deleted! SHOCKING -- Doctors HATE this secret deal exposed, share before it gets deleted! SHOCKING -- Doctors HATE this shocking conspiracy, share before it gets deleted! SHOCKING -- Doctors HATE this miracle cure being hidden from the public, share before it gets deleted!",left-news,15-Oct-2025
EXCLUSIVE: The miracle cure being hidden from the public nobody wants you to see,Experts are stunned after the banned study reveals the truth was leaked; the truth they don't want you to see. Experts are stunned after the banned study reveals the truth was leaked; the truth they don't want you to see. Experts are stunned after the massive cover-up was leaked; the truth they don't want you to see. Experts are stunned after the miracle cure being hidden from the public was leaked; the truth they don't want you to see. Experts are stunned after the banned study reveals the truth was leaked; the truth they don't want you to see. Experts are stunned after the insider reveals shocking secret was leaked; the truth they don't want you to see.,News,4-Jul-2025
Mainstream Media Won't Tell You: The secret government plot nobody wants you to see,This elite plan nobody is talking about is being suppressed by the elites -- click to see the forbidden photos! This secret government plot is being suppressed by the elites -- click to see the forbidden photos! This miracle cure being hidden from the public is being suppressed by the elites -- click to see the forbidden photos! This hidden truth about the vaccine is being suppressed by the elites -- click to see the forbidden photos! This hidden truth about the vaccine is being suppressed by the elites -- click to see the forbidden photos! This secret recording leaked online is being suppressed by the elites -- click to see the forbidden photos!,conspiracy,17-Sep-2025
EXPOSED: The secret recording leaked online nobody wants you to see,"EXPOSED!!! The banned study reveals the truth exposed by a whistleblower, share this NOW before they take it down! EXPOSED!!! The massive cover-up exposed by a whistleblower, share this NOW before they take it down! EXPOSED!!! The massive cover-up exposed by a whistleblower, share this NOW before they take it down! EXPOSED!!! The secret government plot exposed by a whistleblower, share this NOW before they take it down! EXPOSED!!! The shocking conspiracy exposed by a whistleblower, share this NOW before they take it down! EXPOSED!!! The banned study reveals the truth exposed by a whistleblower, share this NOW before they take it down!",conspiracy,18-Oct-2025
EXCLUSIVE: The insider reveals shocking secret nobody wants you to see,"EXCLUSIVE!!! The massive cover-up exposed by a whistleblower, share this NOW before they take it down! EXCLUSIVE!!! The insider reveals shocking secret exposed by a whistleblower, share this NOW before they take it down! EXCLUSIVE!!! The banned study reveals the truth exposed by a whistleblower, share this NOW before they take it down! EXCLUSIVE!!! The miracle cure being hidden from the public exposed by a whistleblower, share this NOW before they take it down! EXCLUSIVE!!! The miracle cure being hidden from the public exposed by a whistleblower, share this NOW before they take it down! EXCLUSIVE!!! The secret recording leaked online exposed by a whistleblower, share this NOW before they take it down!",politics,1-Jun-2025
URGENT: The secret recording leaked online nobody wants you to see,Experts are stunned after the hidden agenda was leaked; the truth they don't want you to see. Experts are stunned after the elite plan nobody is talking about was leaked; the truth they don't want you to see. Experts are stunned after the elite plan nobody is talking about was leaked; the truth they don't want you to see. Experts are stunned after the massive cover-up was leaked; the truth they don't want you to see. Experts are stunned after the insider reveals shocking secret was leaked; the truth they don't want you to see. Experts are stunned after the miracle cure being hidden from the public was leaked; the truth they don't want you to see.,News,6-Aug-2025
BREAKING: The insider reveals shocking secret nobody wants you to see,"BREAKING!!! The insider reveals shocking secret exposed by a whistleblower, share this NOW before they take it down! BREAKING!!! The secret deal exposed exposed by a whistleblower, share this NOW before they take it down! BREAKING!!! The miracle cure being hidden from the public exposed by a whistleblower, share this NOW before they take it down! BREAKING!!! The hidden agenda exposed by a whistleblower, share this NOW before they take it down! BREAKING!!! The hidden truth about the vaccine exposed by a whistleblower, share this NOW before they take it down! BREAKING!!! The shocking conspiracy exposed by a whistleblower, share this NOW before they take it down!",politics,4-Jul-2025
EXPOSED: The banned study reveals the truth nobody wants you to see,Experts are stunned after the shocking conspiracy was leaked; the truth they don't want you to see. Experts are stunned after the insider reveals shocking secret was leaked; the truth they don't want you to see. Experts are stunned after the massive cover-up was leaked; the truth they don't want you to see. Experts are stunned after the miracle cure being hidden from the public was leaked; the truth they don't want you to see. Experts are stunned after the secret deal exposed was leaked; the truth they don't want you to see. Experts are stunned after the secret government plot was leaked; the truth they don't want you to see.,Government News,4-Aug-2025
EXCLUSIVE: The secret recording leaked online nobody wants you to see,This elite plan nobody is talking about is being suppressed by the elites -- click to see the forbidden photos! This celebrity scandal cover-up is being suppressed by the elites -- click to see the forbidden photos! This banned study reveals the truth is being suppressed by the elites -- click to see the forbidden photos! This secret government plot is being suppressed by the elites -- click to see the forbidden photos! This elite plan nobody is talking about is being suppressed by the elites -- click to see the forbidden photos! This insider reveals shocking secret is being suppressed by the elites -- click to see the forbidden photos!,News,18-Jul-2025
EXCLUSIVE: The elite plan nobody is talking about nobody wants you to see,Experts are stunned after the celebrity scandal cover-up was leaked; the truth they don't want you to see. Experts are stunned after the insider reveals shocking secret was leaked; the truth they don't want you to see. Experts are stunned after the hidden truth about the vaccine was leaked; the truth they don't want you to see. Experts are stunned after the celebrity scandal cover-up was leaked; the truth they don't want you to see. Experts are stunned after the insider reveals shocking secret was leaked; the truth they don't want you to see. Experts are stunned after the celebrity scandal cover-up was leaked; the truth they don't want you to see.,News,13-Nov-2025
URGENT: The elite plan nobody is talking about nobody wants you to see,"URGENT: Anonymous source claims secret deal exposed, and the mainstream media refuses to cover it. URGENT: Anonymous source claims hidden truth about the vaccine, and the mainstream media refuses to cover it. URGENT: Anonymous source claims insider reveals shocking secret, and the mainstream media refuses to cover it. URGENT: Anonymous source claims shocking conspiracy, and the mainstream media refuses to cover it. URGENT: Anonymous source claims hidden agenda, and the mainstream media refuses to cover it. URGENT: Anonymous source claims secret deal exposed, and the mainstream media refuses to cover it.",conspiracy,10-Aug-2025
BREAKING: The celebrity scandal cover-up nobody wants you to see,"BREAKING: Anonymous source claims hidden truth about the vaccine, and the mainstream media refuses to cover it. BREAKING: Anonymous source claims insider reveals shocking secret, and the mainstream media refuses to cover it. BREAKING: Anonymous source claims insider reveals shocking secret, and the mainstream media refuses to cover it. BREAKING: Anonymous source claims elite plan nobody is talking about, and the mainstream media refuses to cover it. BREAKING: Anonymous source claims hidden agenda, and the mainstream media refuses to cover it. BREAKING: Anonymous source claims insider reveals shocking secret, and the mainstream media refuses to cover it.",Government News,28-Jun-2025
EXPOSED: The shocking conspiracy nobody wants you to see,"EXPOSED -- Doctors HATE this hidden truth about the vaccine, share before it gets deleted! EXPOSED -- Doctors HATE this insider reveals shocking secret, share before it gets deleted! EXPOSED -- Doctors HATE this hidden agenda, share before it gets deleted! EXPOSED -- Doctors HATE this secret recording leaked online, share before it gets deleted! EXPOSED -- Doctors HATE this massive cover-up, share before it gets deleted! EXPOSED -- Doctors HATE this secret recording leaked online, share before it gets deleted!",politics,23-Nov-2025
BREAKING: The elite plan nobody is talking about nobody wants you to see,This insider reveals shocking secret is being suppressed by the elites -- click to see the forbidden photos! This secret recording leaked online is being suppressed by the elites -- click to see the forbidden photos! This massive cover-up is being suppressed by the elites -- click to see the forbidden photos! This insider reveals shocking secret is being suppressed by the elites -- click to see the forbidden photos! This miracle cure being hidden from the public is being suppressed by the elites -- click to see the forbidden photos! This massive cover-up is being suppressed by the elites -- click to see the forbidden photos!,Government News,16-Oct-2025
Mainstream Media Won't Tell You: The secret recording leaked online nobody wants you to see,"Mainstream Media Won't Tell You!!! The elite plan nobody is talking about exposed by a whistleblower, share this NOW before they take it down! Mainstream Media Won't Tell You!!! The hidden agenda exposed by a whistleblower, share this NOW before they take it down! Mainstream Media Won't Tell You!!! The secret deal exposed exposed by a whistleblower, share this NOW before they take it down! Mainstream Media Won't Tell You!!! The secret government plot exposed by a whistleblower, share this NOW before they take it down! Mainstream Media Won't Tell You!!! The elite plan nobody is talking about exposed by a whistleblower, share this NOW before they take it down! Mainstream Media Won't Tell You!!! The miracle cure being hidden from the public exposed by a whistleblower, share this NOW before they take it down!",News,13-Mar-2025
SHOCKING: The secret recording leaked online nobody wants you to see,SHOCKING: Insiders reveal the shocking conspiracy that will change everything you thought you knew!!! SHOCKING: Insiders reveal the hidden agenda that will change everything you thought you knew!!! SHOCKING: Insiders reveal the celebrity scandal cover-up that will change everything you thought you knew!!! SHOCKING: Insiders reveal the hidden agenda that will change everything you thought you knew!!! SHOCKING: Insiders reveal the secret recording leaked online that will change everything you thought you knew!!! SHOCKING: Insiders reveal the hidden agenda that will change everything you thought you knew!!!,politics,27-Jan-2025
LEAKED: The shocking conspiracy nobody wants you to see,Experts are stunned after the elite plan nobody is talking about was leaked; the truth they don't want you to see. Experts are stunned after the secret government plot was leaked; the truth they don't want you to see. Experts are stunned after the massive cover-up was leaked; the truth they don't want you to see. Experts are stunned after the banned study reveals the truth was leaked; the truth they don't want you to see. Experts are stunned after the miracle cure being hidden from the public was leaked; the truth they don't want you to see. Experts are stunned after the hidden truth about the vaccine was leaked; the truth they don't want you to see.,Government News,28-Apr-2025
Mainstream Media Won't Tell You: The shocking conspiracy nobody wants you to see,This insider reveals shocking secret is being suppressed by the elites -- click to see the forbidden photos! This hidden agenda is being suppressed by the elites -- click to see the forbidden photos! This insider reveals shocking secret is being suppressed by the elites -- click to see the forbidden photos! This secret recording leaked online is being suppressed by the elites -- click to see the forbidden photos! This secret government plot is being suppressed by the elites -- click to see the forbidden photos! This secret deal exposed is being suppressed by the elites -- click to see the forbidden photos!,left-news,14-Nov-2025
URGENT: The elite plan nobody is talking about nobody wants you to see,URGENT: Insiders reveal the secret government plot that will change everything you thought you knew!!! URGENT: Insiders reveal the insider reveals shocking secret that will change everything you thought you knew!!! URGENT: Insiders reveal the hidden agenda that will change everything you thought you knew!!! URGENT: Insiders reveal the shocking conspiracy that will change everything you thought you knew!!! URGENT: Insiders reveal the hidden truth about the vaccine that will change everything you thought you knew!!! URGENT: Insiders reveal the banned study reveals the truth that will change everything you thought you knew!!!,politics,21-Dec-2025
URGENT: The hidden truth about the vaccine nobody wants you to see,This insider reveals shocking secret is being suppressed by the elites -- click to see the forbidden photos! This hidden truth about the vaccine is being suppressed by the elites -- click to see the forbidden photos! This shocking conspiracy is being suppressed by the elites -- click to see the forbidden photos! This insider reveals shocking secret is being suppressed by the elites -- click to see the forbidden photos! This shocking conspiracy is being suppressed by the elites -- click to see the forbidden photos! This hidden agenda is being suppressed by the elites -- click to see the forbidden photos!,left-news,6-Nov-2025
You Won't Believe: The celebrity scandal cover-up nobody wants you to see,"You Won't Believe -- Doctors HATE this insider reveals shocking secret, share before it gets deleted! You Won't Believe -- Doctors HATE this elite plan nobody is talking about, share before it gets deleted! You Won't Believe -- Doctors HATE this miracle cure being hidden from the public, share before it gets deleted! You Won't Believe -- Doctors HATE this secret deal exposed, share before it gets deleted! You Won't Believe -- Doctors HATE this secret government plot, share before it gets deleted! You Won't Believe -- Doctors HATE this secret deal exposed, share before it gets deleted!",conspiracy,18-May-2025
BREAKING: The celebrity scandal cover-up nobody wants you to see,This hidden agenda is being suppressed by the elites -- click to see the forbidden photos! This secret government plot is being suppressed by the elites -- click to see the forbidden photos! This massive cover-up is being suppressed by the elites -- click to see the forbidden photos! This banned study reveals the truth is being suppressed by the elites -- click to see the forbidden photos! This insider reveals shocking secret is being suppressed by the elites -- click to see the forbidden photos! This celebrity scandal cover-up is being suppressed by the elites -- click to see the forbidden photos!,News,5-Jun-2025
SHOCKING: The secret recording leaked online nobody wants you to see,This secret recording leaked online is being suppressed by the elites -- click to see the forbidden photos! This hidden agenda is being suppressed by the elites -- click to see the forbidden photos! This banned study reveals the truth is being suppressed by the elites -- click to see the forbidden photos! This hidden truth about the vaccine is being suppressed by the elites -- click to see the forbidden photos! This elite plan nobody is talking about is being suppressed by the elites -- click to see the forbidden photos! This massive cover-up is being suppressed by the elites -- click to see the forbidden photos!,News,26-Dec-2025
URGENT: The elite plan nobody is talking about nobody wants you to see,"URGENT -- Doctors HATE this celebrity scandal cover-up, share before it gets deleted! URGENT -- Doctors HATE this elite plan nobody is talking about, share before it gets deleted! URGENT -- Doctors HATE this miracle cure being hidden from the public, share before it gets deleted! URGENT -- Doctors HATE this elite plan nobody is talking about, share before it gets deleted! URGENT -- Doctors HATE this celebrity scandal cover-up, share before it gets deleted! URGENT -- Doctors HATE this secret deal exposed, share before it gets deleted!",Government News,18-Jul-2025
You Won't Believe: The massive cover-up nobody wants you to see,"You Won't Believe -- Doctors HATE this shocking conspiracy, share before it gets deleted! You Won't Believe -- Doctors HATE this secret recording leaked online, share before it gets deleted! You Won't Believe -- Doctors HATE this massive cover-up, share before it gets deleted! You Won't Believe -- Doctors HATE this massive cover-up, share before it gets deleted! You Won't Believe -- Doctors HATE this massive cover-up, share before it gets deleted! You Won't Believe -- Doctors HATE this hidden agenda, share before it gets deleted!",politics,25-Oct-2025
EXCLUSIVE: The elite plan nobody is talking about nobody wants you to see,Experts are stunned after the secret recording leaked online was leaked; the truth they don't want you to see. Experts are stunned after the secret government plot was leaked; the truth they don't want you to see. Experts are stunned after the miracle cure being hidden from the public was leaked; the truth they don't want you to see. Experts are stunned after the secret recording leaked online was leaked; the truth they don't want you to see. Experts are stunned after the massive cover-up was leaked; the truth they don't want you to see. Experts are stunned after the banned study reveals the truth was leaked; the truth they don't want you to see.,politics,21-Oct-2025
EXPOSED: The secret government plot nobody wants you to see,"EXPOSED!!! The massive cover-up exposed by a whistleblower, share this NOW before they take it down! EXPOSED!!! The secret deal exposed exposed by a whistleblower, share this NOW before they take it down! EXPOSED!!! The miracle cure being hidden from the public exposed by a whistleblower, share this NOW before they take it down! EXPOSED!!! The secret deal exposed exposed by a whistleblower, share this NOW before they take it down! EXPOSED!!! The hidden agenda exposed by a whistleblower, share this NOW before they take it down! EXPOSED!!! The elite plan nobody is talking about exposed by a whistleblower, share this NOW before they take it down!",conspiracy,1-Sep-2025
URGENT: The elite plan nobody is talking about nobody wants you to see,Experts are stunned after the elite plan nobody is talking about was leaked; the truth they don't want you to see. Experts are stunned after the banned study reveals the truth was leaked; the truth they don't want you to see. Experts are stunned after the banned study reveals the truth was leaked; the truth they don't want you to see. Experts are stunned after the secret government plot was leaked; the truth they don't want you to see. Experts are stunned after the hidden agenda was leaked; the truth they don't want you to see. Experts are stunned after the secret recording leaked online was leaked; the truth they don't want you to see.,politics,11-Sep-2025
You Won't Believe: The miracle cure being hidden from the public nobody wants you to see,"You Won't Believe -- Doctors HATE this elite plan nobody is talking about, share before it gets deleted! You Won't Believe -- Doctors HATE this elite plan nobody is talking about, share before it gets deleted! You Won't Believe -- Doctors HATE this secret government plot, share before it gets deleted! You Won't Believe -- Doctors HATE this secret recording leaked online, share before it gets deleted! You Won't Believe -- Doctors HATE this miracle cure being hidden from the public, share before it gets deleted! You Won't Believe -- Doctors HATE this shocking conspiracy, share before it gets deleted!",politics,28-Nov-2025
Mainstream Media Won't Tell You: The miracle cure being hidden from the public nobody wants you to see,"Mainstream Media Won't Tell You -- Doctors HATE this elite plan nobody is talking about, share before it gets deleted! Mainstream Media Won't Tell You -- Doctors HATE this insider reveals shocking secret, share before it gets deleted! Mainstream Media Won't Tell You -- Doctors HATE this insider reveals shocking secret, share before it gets deleted! Mainstream Media Won't Tell You -- Doctors HATE this secret deal exposed, share before it gets deleted! Mainstream Media Won't Tell You -- Doctors HATE this secret recording leaked online, share before it gets deleted! Mainstream Media Won't Tell You -- Doctors HATE this miracle cure being hidden from the public, share before it gets deleted!",politics,1-Aug-2025
URGENT: The secret government plot nobody wants you to see,URGENT: Insiders reveal the miracle cure being hidden from the public that will change everything you thought you knew!!! URGENT: Insiders reveal the secret government plot that will change everything you thought you knew!!! URGENT: Insiders reveal the celebrity scandal cover-up that will change everything you thought you knew!!! URGENT: Insiders reveal the hidden agenda that will change everything you thought you knew!!! URGENT: Insiders reveal the elite plan nobody is talking about that will change everything you thought you knew!!! URGENT: Insiders reveal the miracle cure being hidden from the public that will change everything you thought you knew!!!,Government News,27-Apr-2025
LEAKED: The secret deal exposed nobody wants you to see,"LEAKED: Anonymous source claims banned study reveals the truth, and the mainstream media refuses to cover it. LEAKED: Anonymous source claims secret recording leaked online, and the mainstream media refuses to cover it. LEAKED: Anonymous source claims secret deal exposed, and the mainstream media refuses to cover it. LEAKED: Anonymous source claims secret deal exposed, and the mainstream media refuses to cover it. LEAKED: Anonymous source claims massive cover-up, and the mainstream media refuses to cover it. LEAKED: Anonymous source claims secret government plot, and the mainstream media refuses to cover it.",left-news,22-Feb-2025
SHOCKING: The secret recording leaked online nobody wants you to see,"SHOCKING!!! The hidden truth about the vaccine exposed by a whistleblower, share this NOW before they take it down! SHOCKING!!! The miracle cure being hidden from the public exposed by a whistleblower, share this NOW before they take it down! SHOCKING!!! The insider reveals shocking secret exposed by a whistleblower, share this NOW before they take it down! SHOCKING!!! The hidden truth about the vaccine exposed by a whistleblower, share this NOW before they take it down! SHOCKING!!! The secret government plot exposed by a whistleblower, share this NOW before they take it down! SHOCKING!!! The insider reveals shocking secret exposed by a whistleblower, share this NOW before they take it down!",News,12-Sep-2025
You Won't Believe: The hidden agenda nobody wants you to see,Experts are stunned after the secret recording leaked online was leaked; the truth they don't want you to see. Experts are stunned after the hidden agenda was leaked; the truth they don't want you to see. Experts are stunned after the hidden truth about the vaccine was leaked; the truth they don't want you to see. Experts are stunned after the miracle cure being hidden from the public was leaked; the truth they don't want you to see. Experts are stunned after the hidden agenda was leaked; the truth they don't want you to see. Experts are stunned after the banned study reveals the truth was leaked; the truth they don't want you to see.,left-news,13-Nov-2025
SHOCKING: The banned study reveals the truth nobody wants you to see,"SHOCKING -- Doctors HATE this elite plan nobody is talking about, share before it gets deleted! SHOCKING -- Doctors HATE this shocking conspiracy, share before it gets deleted! SHOCKING -- Doctors HATE this celebrity scandal cover-up, share before it gets deleted! SHOCKING -- Doctors HATE this insider reveals shocking secret, share before it gets deleted! SHOCKING -- Doctors HATE this secret deal exposed, share before it gets deleted! SHOCKING -- Doctors HATE this elite plan nobody is talking about, share before it gets deleted!",conspiracy,21-Mar-2025
LEAKED: The secret recording leaked online nobody wants you to see,Experts are stunned after the insider reveals shocking secret was leaked; the truth they don't want you to see. Experts are stunned after the secret recording leaked online was leaked; the truth they don't want you to see. Experts are stunned after the massive cover-up was leaked; the truth they don't want you to see. Experts are stunned after the secret government plot was leaked; the truth they don't want you to see. Experts are stunned after the elite plan nobody is talking about was leaked; the truth they don't want you to see. Experts are stunned after the elite plan nobody is talking about was leaked; the truth they don't want you to see.,politics,4-Jan-2025
SHOCKING: The hidden truth about the vaccine nobody wants you to see,This secret deal exposed is being suppressed by the elites -- click to see the forbidden photos! This elite plan nobody is talking about is being suppressed by the elites -- click to see the forbidden photos! This elite plan nobody is talking about is being suppressed by the elites -- click to see the forbidden photos! This miracle cure being hidden from the public is being suppressed by the elites -- click to see the forbidden photos! This hidden agenda is being suppressed by the elites -- click to see the forbidden photos! This shocking conspiracy is being suppressed by the elites -- click to see the forbidden photos!,conspiracy,7-Jul-2025
BREAKING: The celebrity scandal cover-up nobody wants you to see,"BREAKING -- Doctors HATE this shocking conspiracy, share before it gets deleted! BREAKING -- Doctors HATE this hidden truth about the vaccine, share before it gets deleted! BREAKING -- Doctors HATE this hidden agenda, share before it gets deleted! BREAKING -- Doctors HATE this shocking conspiracy, share before it gets deleted! BREAKING -- Doctors HATE this miracle cure being hidden from the public, share before it gets deleted! BREAKING -- Doctors HATE this celebrity scandal cover-up, share before it gets deleted!",Government News,28-Jan-2025
EXCLUSIVE: The secret recording leaked online nobody wants you to see,This miracle cure being hidden from the public is being suppressed by the elites -- click to see the forbidden photos! This hidden agenda is being suppressed by the elites -- click to see the forbidden photos! This secret recording leaked online is being suppressed by the elites -- click to see the forbidden photos! This miracle cure being hidden from the public is being suppressed by the elites -- click to see the forbidden photos! This hidden agenda is being suppressed by the elites -- click to see the forbidden photos! This miracle cure being hidden from the public is being suppressed by the elites -- click to see the forbidden photos!,politics,24-Oct-2025
EXCLUSIVE: The massive cover-up nobody wants you to see,You won't believe what was just found about the celebrity scandal cover-up; wake up before it's too late! You won't believe what was just found about the secret recording leaked online; wake up before it's too late! You won't believe what was just found about the secret recording leaked online; wake up before it's too late! You won't believe what was just found about the shocking conspiracy; wake up before it's too late! You won't believe what was just found about the miracle cure being hidden from the public; wake up before it's too late! You won't believe what was just found about the hidden agenda; wake up before it's too late!,Government News,3-Apr-2025
URGENT: The banned study reveals the truth nobody wants you to see,"URGENT: Anonymous source claims massive cover-up, and the mainstream media refuses to cover it. URGENT: Anonymous source claims hidden truth about the vaccine, and the mainstream media refuses to cover it. URGENT: Anonymous source claims secret recording leaked online, and the mainstream media refuses to cover it. URGENT: Anonymous source claims hidden agenda, and the mainstream media refuses to cover it. URGENT: Anonymous source claims insider reveals shocking secret, and the mainstream media refuses to cover it. URGENT: Anonymous source claims hidden truth about the vaccine, and the mainstream media refuses to cover it.",politics,19-Oct-2025
URGENT: The massive cover-up nobody wants you to see,"URGENT: Anonymous source claims celebrity scandal cover-up, and the mainstream media refuses to cover it. URGENT: Anonymous source claims secret government plot, and the mainstream media refuses to cover it. URGENT: Anonymous source claims massive cover-up, and the mainstream media refuses to cover it. URGENT: Anonymous source claims shocking conspiracy, and the mainstream media refuses to cover it. URGENT: Anonymous source claims shocking conspiracy, and the mainstream media refuses to cover it. URGENT: Anonymous source claims insider reveals shocking secret, and the mainstream media refuses to cover it.",left-news,9-Jun-2025
BREAKING: The secret recording leaked online nobody wants you to see,"BREAKING!!! The massive cover-up exposed by a whistleblower, share this NOW before they take it down! BREAKING!!! The banned study reveals the truth exposed by a whistleblower, share this NOW before they take it down! BREAKING!!! The banned study reveals the truth exposed by a whistleblower, share this NOW before they take it down! BREAKING!!! The banned study reveals the truth exposed by a whistleblower, share this NOW before they take it down! BREAKING!!! The massive cover-up exposed by a whistleblower, share this NOW before they take it down! BREAKING!!! The hidden agenda exposed by a whistleblower, share this NOW before they take it down!",left-news,18-Feb-2025
BREAKING: The secret recording leaked online nobody wants you to see,This miracle cure being hidden from the public is being suppressed by the elites -- click to see the forbidden photos! This hidden agenda is being suppressed by the elites -- click to see the forbidden photos! This celebrity scandal cover-up is being suppressed by the elites -- click to see the forbidden photos! This elite plan nobody is talking about is being suppressed by the elites -- click to see the forbidden photos! This shocking conspiracy is being suppressed by the elites -- click to see the forbidden photos! This hidden agenda is being suppressed by the elites -- click to see the forbidden photos!,News,24-Feb-2025
SHOCKING: The elite plan nobody is talking about nobody wants you to see,"SHOCKING!!! The secret government plot exposed by a whistleblower, share this NOW before they take it down! SHOCKING!!! The hidden truth about the vaccine exposed by a whistleblower, share this NOW before they take it down! SHOCKING!!! The hidden truth about the vaccine exposed by a whistleblower, share this NOW before they take it down! SHOCKING!!! The secret deal exposed exposed by a whistleblower, share this NOW before they take it down! SHOCKING!!! The hidden truth about the vaccine exposed by a whistleblower, share this NOW before they take it down! SHOCKING!!! The shocking conspiracy exposed by a whistleblower, share this NOW before they take it down!",News,18-May-2025
EXCLUSIVE: The secret recording leaked online nobody wants you to see,Experts are stunned after the celebrity scandal cover-up was leaked; the truth they don't want you to see. Experts are stunned after the massive cover-up was leaked; the truth they don't want you to see. Experts are stunned after the secret deal exposed was leaked; the truth they don't want you to see. Experts are stunned after the shocking conspiracy was leaked; the truth they don't want you to see. Experts are stunned after the hidden truth about the vaccine was leaked; the truth they don't want you to see. Experts are stunned after the insider reveals shocking secret was leaked; the truth they don't want you to see.,conspiracy,5-Aug-2025
You Won't Believe: The secret deal exposed nobody wants you to see,You won't believe what was just found about the elite plan nobody is talking about; wake up before it's too late! You won't believe what was just found about the secret government plot; wake up before it's too late! You won't believe what was just found about the secret recording leaked online; wake up before it's too late! You won't believe what was just found about the shocking conspiracy; wake up before it's too late! You won't believe what was just found about the hidden truth about the vaccine; wake up before it's too late! You won't believe what was just found about the secret recording leaked online; wake up before it's too late!,politics,25-Sep-2025
BREAKING: The banned study reveals the truth nobody wants you to see,"BREAKING -- Doctors HATE this celebrity scandal cover-up, share before it gets deleted! BREAKING -- Doctors HATE this hidden truth about the vaccine, share before it gets deleted! BREAKING -- Doctors HATE this hidden truth about the vaccine, share before it gets deleted! BREAKING -- Doctors HATE this secret recording leaked online, share before it gets deleted! BREAKING -- Doctors HATE this celebrity scandal cover-up, share before it gets deleted! BREAKING -- Doctors HATE this insider reveals shocking secret, share before it gets deleted!",left-news,12-Jan-2025
EXPOSED: The banned study reveals the truth nobody wants you to see,"EXPOSED -- Doctors HATE this miracle cure being hidden from the public, share before it gets deleted! EXPOSED -- Doctors HATE this hidden agenda, share before it gets deleted! EXPOSED -- Doctors HATE this massive cover-up, share before it gets deleted! EXPOSED -- Doctors HATE this shocking conspiracy, share before it gets deleted! EXPOSED -- Doctors HATE this secret government plot, share before it gets deleted! EXPOSED -- Doctors HATE this secret recording leaked online, share before it gets deleted!",politics,17-Jun-2025
Mainstream Media Won't Tell You: The banned study reveals the truth nobody wants you to see,"Mainstream Media Won't Tell You: Anonymous source claims secret government plot, and the mainstream media refuses to cover it. Mainstream Media Won't Tell You: Anonymous source claims secret government plot, and the mainstream media refuses to cover it. Mainstream Media Won't Tell You: Anonymous source claims secret recording leaked online, and the mainstream media refuses to cover it. Mainstream Media Won't Tell You: Anonymous source claims massive cover-up, and the mainstream media refuses to cover it. Mainstream Media Won't Tell You: Anonymous source claims miracle cure being hidden from the public, and the mainstream media refuses to cover it. Mainstream Media Won't Tell You: Anonymous source claims insider reveals shocking secret, and the mainstream media refuses to cover it.",Government News,21-May-2025
LEAKED: The hidden truth about the vaccine nobody wants you to see,This hidden truth about the vaccine is being suppressed by the elites -- click to see the forbidden photos! This celebrity scandal cover-up is being suppressed by the elites -- click to see the forbidden photos! This secret deal exposed is being suppressed by the elites -- click to see the forbidden photos! This secret recording leaked online is being suppressed by the elites -- click to see the forbidden photos! This secret deal exposed is being suppressed by the elites -- click to see the forbidden photos! This massive cover-up is being suppressed by the elites -- click to see the forbidden photos!,Government News,21-Feb-2025
LEAKED: The secret deal exposed nobody wants you to see,"LEAKED -- Doctors HATE this elite plan nobody is talking about, share before it gets deleted! LEAKED -- Doctors HATE this secret deal exposed, share before it gets deleted! LEAKED -- Doctors HATE this massive cover-up, share before it gets deleted! LEAKED -- Doctors HATE this massive cover-up, share before it gets deleted! LEAKED -- Doctors HATE this banned study reveals the truth, share before it gets deleted! LEAKED -- Doctors HATE this banned study reveals the truth, share before it gets deleted!",Government News,1-Sep-2025
BREAKING: The banned study reveals the truth nobody wants you to see,"BREAKING -- Doctors HATE this shocking conspiracy, share before it gets deleted! BREAKING -- Doctors HATE this miracle cure being hidden from the public, share before it gets deleted! BREAKING -- Doctors HATE this elite plan nobody is talking about, share before it gets deleted! BREAKING -- Doctors HATE this secret recording leaked online, share before it gets deleted! BREAKING -- Doctors HATE this hidden agenda, share before it gets deleted! BREAKING -- Doctors HATE this shocking conspiracy, share before it gets deleted!",politics,6-Mar-2025
URGENT: The hidden truth about the vaccine nobody wants you to see,"URGENT!!! The miracle cure being hidden from the public exposed by a whistleblower, share this NOW before they take it down! URGENT!!! The secret recording leaked online exposed by a whistleblower, share this NOW before they take it down! URGENT!!! The shocking conspiracy exposed by a whistleblower, share this NOW before they take it down! URGENT!!! The secret deal exposed exposed by a whistleblower, share this NOW before they take it down! URGENT!!! The massive cover-up exposed by a whistleblower, share this NOW before they take it down! URGENT!!! The insider reveals shocking secret exposed by a whistleblower, share this NOW before they take it down!",News,16-Nov-2025
EXCLUSIVE: The banned study reveals the truth nobody wants you to see,"EXCLUSIVE -- Doctors HATE this hidden truth about the vaccine, share before it gets deleted! EXCLUSIVE -- Doctors HATE this celebrity scandal cover-up, share before it gets deleted! EXCLUSIVE -- Doctors HATE this secret recording leaked online, share before it gets deleted! EXCLUSIVE -- Doctors HATE this secret deal exposed, share before it gets deleted! EXCLUSIVE -- Doctors HATE this secret government plot, share before it gets deleted! EXCLUSIVE -- Doctors HATE this shocking conspiracy, share before it gets deleted!",News,5-Oct-2025
BREAKING: The celebrity scandal cover-up nobody wants you to see,"BREAKING!!! The elite plan nobody is talking about exposed by a whistleblower, share this NOW before they take it down! BREAKING!!! The secret government plot exposed by a whistleblower, share this NOW before they take it down! BREAKING!!! The hidden truth about the vaccine exposed by a whistleblower, share this NOW before they take it down! BREAKING!!! The celebrity scandal cover-up exposed by a whistleblower, share this NOW before they take it down! BREAKING!!! The secret government plot exposed by a whistleblower, share this NOW before they take it down! BREAKING!!! The celebrity scandal cover-up exposed by a whistleblower, share this NOW before they take it down!",conspiracy,6-Sep-2025
Mainstream Media Won't Tell You: The hidden truth about the vaccine nobody wants you to see,This secret recording leaked online is being suppressed by the elites -- click to see the forbidden photos! This secret government plot is being suppressed by the elites -- click to see the forbidden photos! This insider reveals shocking secret is being suppressed by the elites -- click to see the forbidden photos! This insider reveals shocking secret is being suppressed by the elites -- click to see the forbidden photos! This secret recording leaked online is being suppressed by the elites -- click to see the forbidden photos! This hidden agenda is being suppressed by the elites -- click to see the forbidden photos!,News,7-Aug-2025
EXCLUSIVE: The banned study reveals the truth nobody wants you to see,"EXCLUSIVE -- Doctors HATE this shocking conspiracy, share before it gets deleted! EXCLUSIVE -- Doctors HATE this secret deal exposed, share before it gets deleted! EXCLUSIVE -- Doctors HATE this hidden truth about the vaccine, share before it gets deleted! EXCLUSIVE -- Doctors HATE this celebrity scandal cover-up, share before it gets deleted! EXCLUSIVE -- Doctors HATE this hidden truth about the vaccine, share before it gets deleted! EXCLUSIVE -- Doctors HATE this celebrity scandal cover-up, share before it gets deleted!",Government News,22-Sep-2025
LEAKED: The celebrity scandal cover-up nobody wants you to see,"LEAKED!!! The secret recording leaked online exposed by a whistleblower, share this NOW before they take it down! LEAKED!!! The massive cover-up exposed by a whistleblower, share this NOW before they take it down! LEAKED!!! The banned study reveals the truth exposed by a whistleblower, share this NOW before they take it down! LEAKED!!! The hidden truth about the vaccine exposed by a whistleblower, share this NOW before they take it down! LEAKED!!! The hidden truth about the vaccine exposed by a whistleblower, share this NOW before they take it down! LEAKED!!! The miracle cure being hidden from the public exposed by a whistleblower, share this NOW before they take it down!",politics,13-Jul-2025
BREAKING: The miracle cure being hidden from the public nobody wants you to see,BREAKING: Insiders reveal the shocking conspiracy that will change everything you thought you knew!!! BREAKING: Insiders reveal the elite plan nobody is talking about that will change everything you thought you knew!!! BREAKING: Insiders reveal the elite plan nobody is talking about that will change everything you thought you knew!!! BREAKING: Insiders reveal the secret recording leaked online that will change everything you thought you knew!!! BREAKING: Insiders reveal the secret deal exposed that will change everything you thought you knew!!! BREAKING: Insiders reveal the celebrity scandal cover-up that will change everything you thought you knew!!!,Government News,4-Mar-2025
EXCLUSIVE: The hidden truth about the vaccine nobody wants you to see,This secret government plot is being suppressed by the elites -- click to see the forbidden photos! This elite plan nobody is talking about is being suppressed by the elites -- click to see the forbidden photos! This elite plan nobody is talking about is being suppressed by the elites -- click to see the forbidden photos! This miracle cure being hidden from the public is being suppressed by the elites -- click to see the forbidden photos! This miracle cure being hidden from the public is being suppressed by the elites -- click to see the forbidden photos! This banned study reveals the truth is being suppressed by the elites -- click to see the forbidden photos!,politics,20-Sep-2025
SHOCKING: The secret recording leaked online nobody wants you to see,"SHOCKING!!! The secret deal exposed exposed by a whistleblower, share this NOW before they take it down! SHOCKING!!! The elite plan nobody is talking about exposed by a whistleblower, share this NOW before they take it down! SHOCKING!!! The secret deal exposed exposed by a whistleblower, share this NOW before they take it down! SHOCKING!!! The massive cover-up exposed by a whistleblower, share this NOW before they take it down! SHOCKING!!! The secret government plot exposed by a whistleblower, share this NOW before they take it down! SHOCKING!!! The insider reveals shocking secret exposed by a whistleblower, share this NOW before they take it down!",Government News,14-Apr-2025
EXCLUSIVE: The secret deal exposed nobody wants you to see,You won't believe what was just found about the hidden truth about the vaccine; wake up before it's too late! You won't believe what was just found about the insider reveals shocking secret; wake up before it's too late! You won't believe what was just found about the insider reveals shocking secret; wake up before it's too late! You won't believe what was just found about the hidden truth about the vaccine; wake up before it's too late! You won't believe what was just found about the miracle cure being hidden from the public; wake up before it's too late! You won't believe what was just found about the secret deal exposed; wake up before it's too late!,politics,9-Aug-2025
EXPOSED: The miracle cure being hidden from the public nobody wants you to see,You won't believe what was just found about the hidden truth about the vaccine; wake up before it's too late! You won't believe what was just found about the elite plan nobody is talking about; wake up before it's too late! You won't believe what was just found about the secret deal exposed; wake up before it's too late! You won't believe what was just found about the hidden agenda; wake up before it's too late! You won't believe what was just found about the shocking conspiracy; wake up before it's too late! You won't believe what was just found about the secret government plot; wake up before it's too late!,News,19-Sep-2025
You Won't Believe: The elite plan nobody is talking about nobody wants you to see,You Won't Believe: Insiders reveal the secret deal exposed that will change everything you thought you knew!!! You Won't Believe: Insiders reveal the secret recording leaked online that will change everything you thought you knew!!! You Won't Believe: Insiders reveal the shocking conspiracy that will change everything you thought you knew!!! You Won't Believe: Insiders reveal the insider reveals shocking secret that will change everything you thought you knew!!! You Won't Believe: Insiders reveal the massive cover-up that will change everything you thought you knew!!! You Won't Believe: Insiders reveal the secret deal exposed that will change everything you thought you knew!!!,conspiracy,4-Mar-2025
Mainstream Media Won't Tell You: The secret recording leaked online nobody wants you to see,This hidden agenda is being suppressed by the elites -- click to see the forbidden photos! This hidden agenda is being suppressed by the elites -- click to see the forbidden photos! This elite plan nobody is talking about is being suppressed by the elites -- click to see the forbidden photos! This secret deal exposed is being suppressed by the elites -- click to see the forbidden photos! This hidden truth about the vaccine is being suppressed by the elites -- click to see the forbidden photos! This massive cover-up is being suppressed by the elites -- click to see the forbidden photos!,Government News,9-Nov-2025
Mainstream Media Won't Tell You: The shocking conspiracy nobody wants you to see,"Mainstream Media Won't Tell You: Anonymous source claims elite plan nobody is talking about, and the mainstream media refuses to cover it. Mainstream Media Won't Tell You: Anonymous source claims elite plan nobody is talking about, and the mainstream media refuses to cover it. Mainstream Media Won't Tell You: Anonymous source claims banned study reveals the truth, and the mainstream media refuses to cover it. Mainstream Media Won't Tell You: Anonymous source claims celebrity scandal cover-up, and the mainstream media refuses to cover it. Mainstream Media Won't Tell You: Anonymous source claims massive cover-up, and the mainstream media refuses to cover it. Mainstream Media Won't Tell You: Anonymous source claims elite plan nobody is talking about, and the mainstream media refuses to cover it.",Government News,16-May-2025
LEAKED: The hidden truth about the vaccine nobody wants you to see,You won't believe what was just found about the insider reveals shocking secret; wake up before it's too late! You won't believe what was just found about the secret deal exposed; wake up before it's too late! You won't believe what was just found about the insider reveals shocking secret; wake up before it's too late! You won't believe what was just found about the celebrity scandal cover-up; wake up before it's too late! You won't believe what was just found about the secret recording leaked online; wake up before it's too late! You won't believe what was just found about the miracle cure being hidden from the public; wake up before it's too late!,politics,15-Dec-2025
BREAKING: The miracle cure being hidden from the public nobody wants you to see,"BREAKING -- Doctors HATE this elite plan nobody is talking about, share before it gets deleted! BREAKING -- Doctors HATE this secret deal exposed, share before it gets deleted! BREAKING -- Doctors HATE this massive cover-up, share before it gets deleted! BREAKING -- Doctors HATE this elite plan nobody is talking about, share before it gets deleted! BREAKING -- Doctors HATE this hidden truth about the vaccine, share before it gets deleted! BREAKING -- Doctors HATE this insider reveals shocking secret, share before it gets deleted!",News,6-Jul-2025
SHOCKING: The miracle cure being hidden from the public nobody wants you to see,Experts are stunned after the celebrity scandal cover-up was leaked; the truth they don't want you to see. Experts are stunned after the banned study reveals the truth was leaked; the truth they don't want you to see. Experts are stunned after the hidden truth about the vaccine was leaked; the truth they don't want you to see. Experts are stunned after the secret deal exposed was leaked; the truth they don't want you to see. Experts are stunned after the miracle cure being hidden from the public was leaked; the truth they don't want you to see. Experts are stunned after the miracle cure being hidden from the public was leaked; the truth they don't want you to see.,conspiracy,8-Jun-2025
You Won't Believe: The hidden truth about the vaccine nobody wants you to see,You Won't Believe: Insiders reveal the insider reveals shocking secret that will change everything you thought you knew!!! You Won't Believe: Insiders reveal the secret deal exposed that will change everything you thought you knew!!! You Won't Believe: Insiders reveal the secret deal exposed that will change everything you thought you knew!!! You Won't Believe: Insiders reveal the hidden truth about the vaccine that will change everything you thought you knew!!! You Won't Believe: Insiders reveal the secret recording leaked online that will change everything you thought you knew!!! You Won't Believe: Insiders reveal the elite plan nobody is talking about that will change everything you thought you knew!!!,conspiracy,23-Oct-2025
SHOCKING: The celebrity scandal cover-up nobody wants you to see,"SHOCKING!!! The banned study reveals the truth exposed by a whistleblower, share this NOW before they take it down! SHOCKING!!! The banned study reveals the truth exposed by a whistleblower, share this NOW before they take it down! SHOCKING!!! The secret government plot exposed by a whistleblower, share this NOW before they take it down! SHOCKING!!! The shocking conspiracy exposed by a whistleblower, share this NOW before they take it down! SHOCKING!!! The secret recording leaked online exposed by a whistleblower, share this NOW before they take it down! SHOCKING!!! The elite plan nobody is talking about exposed by a whistleblower, share this NOW before they take it down!",conspiracy,7-Jan-2025
EXPOSED: The hidden truth about the vaccine nobody wants you to see,"EXPOSED -- Doctors HATE this secret recording leaked online, share before it gets deleted! EXPOSED -- Doctors HATE this secret government plot, share before it gets deleted! EXPOSED -- Doctors HATE this massive cover-up, share before it gets deleted! EXPOSED -- Doctors HATE this shocking conspiracy, share before it gets deleted! EXPOSED -- Doctors HATE this secret recording leaked online, share before it gets deleted! EXPOSED -- Doctors HATE this secret government plot, share before it gets deleted!",politics,3-May-2025
Mainstream Media Won't Tell You: The massive cover-up nobody wants you to see,"Mainstream Media Won't Tell You!!! The secret deal exposed exposed by a whistleblower, share this NOW before they take it down! Mainstream Media Won't Tell You!!! The secret deal exposed exposed by a whistleblower, share this NOW before they take it down! Mainstream Media Won't Tell You!!! The hidden truth about the vaccine exposed by a whistleblower, share this NOW before they take it down! Mainstream Media Won't Tell You!!! The shocking conspiracy exposed by a whistleblower, share this NOW before they take it down! Mainstream Media Won't Tell You!!! The elite plan nobody is talking about exposed by a whistleblower, share this NOW before they take it down! Mainstream Media Won't Tell You!!! The secret government plot exposed by a whistleblower, share this NOW before they take it down!",News,3-Sep-2025
LEAKED: The insider reveals shocking secret nobody wants you to see,Experts are stunned after the elite plan nobody is talking about was leaked; the truth they don't want you to see. Experts are stunned after the hidden truth about the vaccine was leaked; the truth they don't want you to see. Experts are stunned after the massive cover-up was leaked; the truth they don't want you to see. Experts are stunned after the massive cover-up was leaked; the truth they don't want you to see. Experts are stunned after the hidden agenda was leaked; the truth they don't want you to see. Experts are stunned after the shocking conspiracy was leaked; the truth they don't want you to see.,Government News,7-Aug-2025
Mainstream Media Won't Tell You: The hidden truth about the vaccine nobody wants you to see,Mainstream Media Won't Tell You: Insiders reveal the hidden agenda that will change everything you thought you knew!!! Mainstream Media Won't Tell You: Insiders reveal the celebrity scandal cover-up that will change everything you thought you knew!!! Mainstream Media Won't Tell You: Insiders reveal the secret deal exposed that will change everything you thought you knew!!! Mainstream Media Won't Tell You: Insiders reveal the elite plan nobody is talking about that will change everything you thought you knew!!! Mainstream Media Won't Tell You: Insiders reveal the miracle cure being hidden from the public that will change everything you thought you knew!!! Mainstream Media Won't Tell You: Insiders reveal the elite plan nobody is talking about that will change everything you thought you knew!!!,News,17-May-2025
URGENT: The miracle cure being hidden from the public nobody wants you to see,Experts are stunned after the elite plan nobody is talking about was leaked; the truth they don't want you to see. Experts are stunned after the hidden agenda was leaked; the truth they don't want you to see. Experts are stunned after the elite plan nobody is talking about was leaked; the truth they don't want you to see. Experts are stunned after the hidden truth about the vaccine was leaked; the truth they don't want you to see. Experts are stunned after the hidden agenda was leaked; the truth they don't want you to see. Experts are stunned after the insider reveals shocking secret was leaked; the truth they don't want you to see.,left-news,13-Oct-2025
EXCLUSIVE: The shocking conspiracy nobody wants you to see,Experts are stunned after the massive cover-up was leaked; the truth they don't want you to see. Experts are stunned after the banned study reveals the truth was leaked; the truth they don't want you to see. Experts are stunned after the secret recording leaked online was leaked; the truth they don't want you to see. Experts are stunned after the banned study reveals the truth was leaked; the truth they don't want you to see. Experts are stunned after the hidden truth about the vaccine was leaked; the truth they don't want you to see. Experts are stunned after the secret government plot was leaked; the truth they don't want you to see.,left-news,4-May-2025
You Won't Believe: The secret deal exposed nobody wants you to see,"You Won't Believe!!! The shocking conspiracy exposed by a whistleblower, share this NOW before they take it down! You Won't Believe!!! The secret recording leaked online exposed by a whistleblower, share this NOW before they take it down! You Won't Believe!!! The insider reveals shocking secret exposed by a whistleblower, share this NOW before they take it down! You Won't Believe!!! The shocking conspiracy exposed by a whistleblower, share this NOW before they take it down! You Won't Believe!!! The massive cover-up exposed by a whistleblower, share this NOW before they take it down! You Won't Believe!!! The secret deal exposed exposed by a whistleblower, share this NOW before they take it down!",conspiracy,17-Sep-2025
SHOCKING: The insider reveals shocking secret nobody wants you to see,Experts are stunned after the hidden agenda was leaked; the truth they don't want you to see. Experts are stunned after the shocking conspiracy was leaked; the truth they don't want you to see. Experts are stunned after the hidden agenda was leaked; the truth they don't want you to see. Experts are stunned after the miracle cure being hidden from the public was leaked; the truth they don't want you to see. Experts are stunned after the secret deal exposed was leaked; the truth they don't want you to see. Experts are stunned after the secret recording leaked online was leaked; the truth they don't want you to see.,conspiracy,3-Sep-2025
BREAKING: The banned study reveals the truth nobody wants you to see,You won't believe what was just found about the massive cover-up; wake up before it's too late! You won't believe what was just found about the shocking conspiracy; wake up before it's too late! You won't believe what was just found about the hidden truth about the vaccine; wake up before it's too late! You won't believe what was just found about the hidden agenda; wake up before it's too late! You won't believe what was just found about the celebrity scandal cover-up; wake up before it's too late! You won't believe what was just found about the insider reveals shocking secret; wake up before it's too late!,politics,16-Dec-2025
EXPOSED: The shocking conspiracy nobody wants you to see,"EXPOSED!!! The shocking conspiracy exposed by a whistleblower, share this NOW before they take it down! EXPOSED!!! The hidden agenda exposed by a whistleblower, share this NOW before they take it down! EXPOSED!!! The shocking conspiracy exposed by a whistleblower, share this NOW before they take it down! EXPOSED!!! The shocking conspiracy exposed by a whistleblower, share this NOW before they take it down! EXPOSED!!! The shocking conspiracy exposed by a whistleblower, share this NOW before they take it down! EXPOSED!!! The shocking conspiracy exposed by a whistleblower, share this NOW before they take it down!",Government News,12-Mar-2025
You Won't Believe: The miracle cure being hidden from the public nobody wants you to see,You Won't Believe: Insiders reveal the secret recording leaked online that will change everything you thought you knew!!! You Won't Believe: Insiders reveal the secret recording leaked online that will change everything you thought you knew!!! You Won't Believe: Insiders reveal the banned study reveals the truth that will change everything you thought you knew!!! You Won't Believe: Insiders reveal the hidden truth about the vaccine that will change everything you thought you knew!!! You Won't Believe: Insiders reveal the secret government plot that will change everything you thought you knew!!! You Won't Believe: Insiders reveal the elite plan nobody is talking about that will change everything you thought you knew!!!,News,28-Aug-2025
URGENT: The hidden truth about the vaccine nobody wants you to see,You won't believe what was just found about the banned study reveals the truth; wake up before it's too late! You won't believe what was just found about the hidden truth about the vaccine; wake up before it's too late! You won't believe what was just found about the hidden agenda; wake up before it's too late! You won't believe what was just found about the banned study reveals the truth; wake up before it's too late! You won't believe what was just found about the celebrity scandal cover-up; wake up before it's too late! You won't believe what was just found about the elite plan nobody is talking about; wake up before it's too late!,conspiracy,13-Apr-2025
BREAKING: The secret government plot nobody wants you to see,This secret deal exposed is being suppressed by the elites -- click to see the forbidden photos! This banned study reveals the truth is being suppressed by the elites -- click to see the forbidden photos! This elite plan nobody is talking about is being suppressed by the elites -- click to see the forbidden photos! This secret government plot is being suppressed by the elites -- click to see the forbidden photos! This elite plan nobody is talking about is being suppressed by the elites -- click to see the forbidden photos! This massive cover-up is being suppressed by the elites -- click to see the forbidden photos!,left-news,28-Nov-2025
BREAKING: The banned study reveals the truth nobody wants you to see,BREAKING: Insiders reveal the insider reveals shocking secret that will change everything you thought you knew!!! BREAKING: Insiders reveal the elite plan nobody is talking about that will change everything you thought you knew!!! BREAKING: Insiders reveal the banned study reveals the truth that will change everything you thought you knew!!! BREAKING: Insiders reveal the massive cover-up that will change everything you thought you knew!!! BREAKING: Insiders reveal the insider reveals shocking secret that will change everything you thought you knew!!! BREAKING: Insiders reveal the secret government plot that will change everything you thought you knew!!!,News,22-Apr-2025
Mainstream Media Won't Tell You: The hidden truth about the vaccine nobody wants you to see,Mainstream Media Won't Tell You: Insiders reveal the massive cover-up that will change everything you thought you knew!!! Mainstream Media Won't Tell You: Insiders reveal the massive cover-up that will change everything you thought you knew!!! Mainstream Media Won't Tell You: Insiders reveal the hidden truth about the vaccine that will change everything you thought you knew!!! Mainstream Media Won't Tell You: Insiders reveal the hidden agenda that will change everything you thought you knew!!! Mainstream Media Won't Tell You: Insiders reveal the celebrity scandal cover-up that will change everything you thought you knew!!! Mainstream Media Won't Tell You: Insiders reveal the elite plan nobody is talking about that will change everything you thought you knew!!!,conspiracy,8-May-2025
EXCLUSIVE: The hidden truth about the vaccine nobody wants you to see,You won't believe what was just found about the massive cover-up; wake up before it's too late! You won't believe what was just found about the celebrity scandal cover-up; wake up before it's too late! You won't believe what was just found about the banned study reveals the truth; wake up before it's too late! You won't believe what was just found about the secret deal exposed; wake up before it's too late! You won't believe what was just found about the shocking conspiracy; wake up before it's too late! You won't believe what was just found about the secret deal exposed; wake up before it's too late!,conspiracy,12-Jul-2025
LEAKED: The banned study reveals the truth nobody wants you to see,"LEAKED -- Doctors HATE this hidden truth about the vaccine, share before it gets deleted! LEAKED -- Doctors HATE this celebrity scandal cover-up, share before it gets deleted! LEAKED -- Doctors HATE this hidden truth about the vaccine, share before it gets deleted! LEAKED -- Doctors HATE this secret recording leaked online, share before it gets deleted! LEAKED -- Doctors HATE this shocking conspiracy, share before it gets deleted! LEAKED -- Doctors HATE this miracle cure being hidden from the public, share before it gets deleted!",conspiracy,26-Apr-2025
Mainstream Media Won't Tell You: The secret deal exposed nobody wants you to see,"Mainstream Media Won't Tell You -- Doctors HATE this celebrity scandal cover-up, share before it gets deleted! Mainstream Media Won't Tell You -- Doctors HATE this insider reveals shocking secret, share before it gets deleted! Mainstream Media Won't Tell You -- Doctors HATE this celebrity scandal cover-up, share before it gets deleted! Mainstream Media Won't Tell You -- Doctors HATE this banned study reveals the truth, share before it gets deleted! Mainstream Media Won't Tell You -- Doctors HATE this secret government plot, share before it gets deleted! Mainstream Media Won't Tell You -- Doctors HATE this celebrity scandal cover-up, share before it gets deleted!",left-news,16-Mar-2025
URGENT: The banned study reveals the truth nobody wants you to see,You won't believe what was just found about the hidden agenda; wake up before it's too late! You won't believe what was just found about the elite plan nobody is talking about; wake up before it's too late! You won't believe what was just found about the hidden truth about the vaccine; wake up before it's too late! You won't believe what was just found about the secret government plot; wake up before it's too late! You won't believe what was just found about the secret deal exposed; wake up before it's too late! You won't believe what was just found about the miracle cure being hidden from the public; wake up before it's too late!,politics,2-Apr-2025
LEAKED: The banned study reveals the truth nobody wants you to see,Experts are stunned after the secret recording leaked online was leaked; the truth they don't want you to see. Experts are stunned after the miracle cure being hidden from the public was leaked; the truth they don't want you to see. Experts are stunned after the banned study reveals the truth was leaked; the truth they don't want you to see. Experts are stunned after the insider reveals shocking secret was leaked; the truth they don't want you to see. Experts are stunned after the massive cover-up was leaked; the truth they don't want you to see. Experts are stunned after the hidden agenda was leaked; the truth they don't want you to see.,conspiracy,12-Sep-2025
LEAKED: The massive cover-up nobody wants you to see,LEAKED: Insiders reveal the secret deal exposed that will change everything you thought you knew!!! LEAKED: Insiders reveal the miracle cure being hidden from the public that will change everything you thought you knew!!! LEAKED: Insiders reveal the massive cover-up that will change everything you thought you knew!!! LEAKED: Insiders reveal the secret recording leaked online that will change everything you thought you knew!!! LEAKED: Insiders reveal the hidden truth about the vaccine that will change everything you thought you knew!!! LEAKED: Insiders reveal the shocking conspiracy that will change everything you thought you knew!!!,Government News,19-Nov-2025
BREAKING: The hidden agenda nobody wants you to see,You won't believe what was just found about the massive cover-up; wake up before it's too late! You won't believe what was just found about the secret recording leaked online; wake up before it's too late! You won't believe what was just found about the elite plan nobody is talking about; wake up before it's too late! You won't believe what was just found about the banned study reveals the truth; wake up before it's too late! You won't believe what was just found about the insider reveals shocking secret; wake up before it's too late! You won't believe what was just found about the banned study reveals the truth; wake up before it's too late!,News,13-Oct-2025
LEAKED: The banned study reveals the truth nobody wants you to see,"LEAKED!!! The celebrity scandal cover-up exposed by a whistleblower, share this NOW before they take it down! LEAKED!!! The celebrity scandal cover-up exposed by a whistleblower, share this NOW before they take it down! LEAKED!!! The secret recording leaked online exposed by a whistleblower, share this NOW before they take it down! LEAKED!!! The massive cover-up exposed by a whistleblower, share this NOW before they take it down! LEAKED!!! The secret deal exposed exposed by a whistleblower, share this NOW before they take it down! LEAKED!!! The secret recording leaked online exposed by a whistleblower, share this NOW before they take it down!",Government News,19-Jul-2025
You Won't Believe: The miracle cure being hidden from the public nobody wants you to see,"You Won't Believe -- Doctors HATE this massive cover-up, share before it gets deleted! You Won't Believe -- Doctors HATE this shocking conspiracy, share before it gets deleted! You Won't Believe -- Doctors HATE this massive cover-up, share before it gets deleted! You Won't Believe -- Doctors HATE this massive cover-up, share before it gets deleted! You Won't Believe -- Doctors HATE this secret recording leaked online, share before it gets deleted! You Won't Believe -- Doctors HATE this hidden agenda, share before it gets deleted!",conspiracy,20-Nov-2025
Mainstream Media Won't Tell You: The hidden agenda nobody wants you to see,"Mainstream Media Won't Tell You: Anonymous source claims massive cover-up, and the mainstream media refuses to cover it. Mainstream Media Won't Tell You: Anonymous source claims insider reveals shocking secret, and the mainstream media refuses to cover it. Mainstream Media Won't Tell You: Anonymous source claims hidden truth about the vaccine, and the mainstream media refuses to cover it. Mainstream Media Won't Tell You: Anonymous source claims elite plan nobody is talking about, and the mainstream media refuses to cover it. Mainstream Media Won't Tell You: Anonymous source claims banned study reveals the truth, and the mainstream media refuses to cover it. Mainstream Media Won't Tell You: Anonymous source claims secret deal exposed, and the mainstream media refuses to cover it.",politics,6-Jan-2025
BREAKING: The insider reveals shocking secret nobody wants you to see,"BREAKING -- Doctors HATE this secret recording leaked online, share before it gets deleted! BREAKING -- Doctors HATE this hidden agenda, share before it gets deleted! BREAKING -- Doctors HATE this insider reveals shocking secret, share before it gets deleted! BREAKING -- Doctors HATE this insider reveals shocking secret, share before it gets deleted! BREAKING -- Doctors HATE this insider reveals shocking secret, share before it gets deleted! BREAKING -- Doctors HATE this miracle cure being hidden from the public, share before it gets deleted!",politics,6-Jul-2025
You Won't Believe: The miracle cure being hidden from the public nobody wants you to see,You Won't Believe: Insiders reveal the banned study reveals the truth that will change everything you thought you knew!!! You Won't Believe: Insiders reveal the elite plan nobody is talking about that will change everything you thought you knew!!! You Won't Believe: Insiders reveal the secret government plot that will change everything you thought you knew!!! You Won't Believe: Insiders reveal the secret government plot that will change everything you thought you knew!!! You Won't Believe: Insiders reveal the secret deal exposed that will change everything you thought you knew!!! You Won't Believe: Insiders reveal the elite plan nobody is talking about that will change everything you thought you knew!!!,News,4-May-2025
BREAKING: The miracle cure being hidden from the public nobody wants you to see,"BREAKING!!! The secret deal exposed exposed by a whistleblower, share this NOW before they take it down! BREAKING!!! The hidden agenda exposed by a whistleblower, share this NOW before they take it down! BREAKING!!! The shocking conspiracy exposed by a whistleblower, share this NOW before they take it down! BREAKING!!! The shocking conspiracy exposed by a whistleblower, share this NOW before they take it down! BREAKING!!! The insider reveals shocking secret exposed by a whistleblower, share this NOW before they take it down! BREAKING!!! The hidden agenda exposed by a whistleblower, share this NOW before they take it down!",left-news,21-Mar-2025
BREAKING: The elite plan nobody is talking about nobody wants you to see,Experts are stunned after the celebrity scandal cover-up was leaked; the truth they don't want you to see. Experts are stunned after the secret government plot was leaked; the truth they don't want you to see. Experts are stunned after the secret government plot was leaked; the truth they don't want you to see. Experts are stunned after the secret recording leaked online was leaked; the truth they don't want you to see. Experts are stunned after the massive cover-up was leaked; the truth they don't want you to see. Experts are stunned after the massive cover-up was leaked; the truth they don't want you to see.,left-news,15-Sep-2025
LEAKED: The elite plan nobody is talking about nobody wants you to see,"LEAKED: Anonymous source claims celebrity scandal cover-up, and the mainstream media refuses to cover it. LEAKED: Anonymous source claims insider reveals shocking secret, and the mainstream media refuses to cover it. LEAKED: Anonymous source claims elite plan nobody is talking about, and the mainstream media refuses to cover it. LEAKED: Anonymous source claims celebrity scandal cover-up, and the mainstream media refuses to cover it. LEAKED: Anonymous source claims hidden truth about the vaccine, and the mainstream media refuses to cover it. LEAKED: Anonymous source claims hidden truth about the vaccine, and the mainstream media refuses to cover it.",left-news,21-Dec-2025
Mainstream Media Won't Tell You: The elite plan nobody is talking about nobody wants you to see,"Mainstream Media Won't Tell You!!! The secret recording leaked online exposed by a whistleblower, share this NOW before they take it down! Mainstream Media Won't Tell You!!! The elite plan nobody is talking about exposed by a whistleblower, share this NOW before they take it down! Mainstream Media Won't Tell You!!! The hidden agenda exposed by a whistleblower, share this NOW before they take it down! Mainstream Media Won't Tell You!!! The massive cover-up exposed by a whistleblower, share this NOW before they take it down! Mainstream Media Won't Tell You!!! The banned study reveals the truth exposed by a whistleblower, share this NOW before they take it down! Mainstream Media Won't Tell You!!! The elite plan nobody is talking about exposed by a whistleblower, share this NOW before they take it down!",politics,26-Feb-2025
EXCLUSIVE: The hidden agenda nobody wants you to see,You won't believe what was just found about the secret deal exposed; wake up before it's too late! You won't believe what was just found about the hidden agenda; wake up before it's too late! You won't believe what was just found about the celebrity scandal cover-up; wake up before it's too late! You won't believe what was just found about the hidden agenda; wake up before it's too late! You won't believe what was just found about the secret government plot; wake up before it's too late! You won't believe what was just found about the secret government plot; wake up before it's too late!,Government News,27-Mar-2025
URGENT: The hidden agenda nobody wants you to see,"URGENT: Anonymous source claims elite plan nobody is talking about, and the mainstream media refuses to cover it. URGENT: Anonymous source claims secret government plot, and the mainstream media refuses to cover it. URGENT: Anonymous source claims insider reveals shocking secret, and the mainstream media refuses to cover it. URGENT: Anonymous source claims banned study reveals the truth, and the mainstream media refuses to cover it. URGENT: Anonymous source claims banned study reveals the truth, and the mainstream media refuses to cover it. URGENT: Anonymous source claims hidden agenda, and the mainstream media refuses to cover it.",News,25-Jul-2025
LEAKED: The hidden truth about the vaccine nobody wants you to see,"LEAKED -- Doctors HATE this secret government plot, share before it gets deleted! LEAKED -- Doctors HATE this elite plan nobody is talking about, share before it gets deleted! LEAKED -- Doctors HATE this massive cover-up, share before it gets deleted! LEAKED -- Doctors HATE this shocking conspiracy, share before it gets deleted! LEAKED -- Doctors HATE this secret deal exposed, share before it gets deleted! LEAKED -- Doctors HATE this elite plan nobody is talking about, share before it gets deleted!",left-news,13-Apr-2025
BREAKING: The insider reveals shocking secret nobody wants you to see,"BREAKING!!! The secret recording leaked online exposed by a whistleblower, share this NOW before they take it down! BREAKING!!! The secret deal exposed exposed by a whistleblower, share this NOW before they take it down! BREAKING!!! The secret deal exposed exposed by a whistleblower, share this NOW before they take it down! BREAKING!!! The shocking conspiracy exposed by a whistleblower, share this NOW before they take it down! BREAKING!!! The hidden agenda exposed by a whistleblower, share this NOW before they take it down! BREAKING!!! The miracle cure being hidden from the public exposed by a whistleblower, share this NOW before they take it down!",left-news,21-Apr-2025
LEAKED: The hidden agenda nobody wants you to see,"LEAKED!!! The insider reveals shocking secret exposed by a whistleblower, share this NOW before they take it down! LEAKED!!! The elite plan nobody is talking about exposed by a whistleblower, share this NOW before they take it down! LEAKED!!! The hidden agenda exposed by a whistleblower, share this NOW before they take it down! LEAKED!!! The secret deal exposed exposed by a whistleblower, share this NOW before they take it down! LEAKED!!! The shocking conspiracy exposed by a whistleblower, share this NOW before they take it down! LEAKED!!! The miracle cure being hidden from the public exposed by a whistleblower, share this NOW before they take it down!",politics,5-May-2025
You Won't Believe: The secret recording leaked online nobody wants you to see,"You Won't Believe: Anonymous source claims hidden truth about the vaccine, and the mainstream media refuses to cover it. You Won't Believe: Anonymous source claims banned study reveals the truth, and the mainstream media refuses to cover it. You Won't Believe: Anonymous source claims hidden agenda, and the mainstream media refuses to cover it. You Won't Believe: Anonymous source claims insider reveals shocking secret, and the mainstream media refuses to cover it. You Won't Believe: Anonymous source claims hidden truth about the vaccine, and the mainstream media refuses to cover it. You Won't Believe: Anonymous source claims banned study reveals the truth, and the mainstream media refuses to cover it.",politics,11-Jan-2025
BREAKING: The secret government plot nobody wants you to see,This secret government plot is being suppressed by the elites -- click to see the forbidden photos! This celebrity scandal cover-up is being suppressed by the elites -- click to see the forbidden photos! This miracle cure being hidden from the public is being suppressed by the elites -- click to see the forbidden photos! This hidden agenda is being suppressed by the elites -- click to see the forbidden photos! This hidden agenda is being suppressed by the elites -- click to see the forbidden photos! This celebrity scandal cover-up is being suppressed by the elites -- click to see the forbidden photos!,left-news,24-Jan-2025
EXPOSED: The miracle cure being hidden from the public nobody wants you to see,"EXPOSED -- Doctors HATE this secret government plot, share before it gets deleted! EXPOSED -- Doctors HATE this banned study reveals the truth, share before it gets deleted! EXPOSED -- Doctors HATE this shocking conspiracy, share before it gets deleted! EXPOSED -- Doctors HATE this massive cover-up, share before it gets deleted! EXPOSED -- Doctors HATE this secret deal exposed, share before it gets deleted! EXPOSED -- Doctors HATE this hidden agenda, share before it gets deleted!",left-news,12-Aug-2025
SHOCKING: The massive cover-up nobody wants you to see,SHOCKING: Insiders reveal the celebrity scandal cover-up that will change everything you thought you knew!!! SHOCKING: Insiders reveal the secret government plot that will change everything you thought you knew!!! SHOCKING: Insiders reveal the hidden agenda that will change everything you thought you knew!!! SHOCKING: Insiders reveal the secret deal exposed that will change everything you thought you knew!!! SHOCKING: Insiders reveal the miracle cure being hidden from the public that will change everything you thought you knew!!! SHOCKING: Insiders reveal the elite plan nobody is talking about that will change everything you thought you knew!!!,left-news,6-Apr-2025
LEAKED: The secret deal exposed nobody wants you to see,Experts are stunned after the secret government plot was leaked; the truth they don't want you to see. Experts are stunned after the miracle cure being hidden from the public was leaked; the truth they don't want you to see. Experts are stunned after the insider reveals shocking secret was leaked; the truth they don't want you to see. Experts are stunned after the shocking conspiracy was leaked; the truth they don't want you to see. Experts are stunned after the secret deal exposed was leaked; the truth they don't want you to see. Experts are stunned after the banned study reveals the truth was leaked; the truth they don't want you to see.,politics,24-Jan-2025
EXPOSED: The banned study reveals the truth nobody wants you to see,"EXPOSED!!! The miracle cure being hidden from the public exposed by a whistleblower, share this NOW before they take it down! EXPOSED!!! The elite plan nobody is talking about exposed by a whistleblower, share this NOW before they take it down! EXPOSED!!! The secret recording leaked online exposed by a whistleblower, share this NOW before they take it down! EXPOSED!!! The shocking conspiracy exposed by a whistleblower, share this NOW before they take it down! EXPOSED!!! The banned study reveals the truth exposed by a whistleblower, share this NOW before they take it down! EXPOSED!!! The secret deal exposed exposed by a whistleblower, share this NOW before they take it down!",conspiracy,11-Mar-2025
SHOCKING: The insider reveals shocking secret nobody wants you to see,This elite plan nobody is talking about is being suppressed by the elites -- click to see the forbidden photos! This miracle cure being hidden from the public is being suppressed by the elites -- click to see the forbidden photos! This hidden agenda is being suppressed by the elites -- click to see the forbidden photos! This banned study reveals the truth is being suppressed by the elites -- click to see the forbidden photos! This secret recording leaked online is being suppressed by the elites -- click to see the forbidden photos! This hidden agenda is being suppressed by the elites -- click to see the forbidden photos!,politics,12-Jan-2025
EXPOSED: The miracle cure being hidden from the public nobody wants you to see,"EXPOSED -- Doctors HATE this secret recording leaked online, share before it gets deleted! EXPOSED -- Doctors HATE this secret deal exposed, share before it gets deleted! EXPOSED -- Doctors HATE this massive cover-up, share before it gets deleted! EXPOSED -- Doctors HATE this secret government plot, share before it gets deleted! EXPOSED -- Doctors HATE this celebrity scandal cover-up, share before it gets deleted! EXPOSED -- Doctors HATE this hidden agenda, share before it gets deleted!",Government News,4-Jul-2025
EXPOSED: The secret government plot nobody wants you to see,EXPOSED: Insiders reveal the hidden truth about the vaccine that will change everything you thought you knew!!! EXPOSED: Insiders reveal the insider reveals shocking secret that will change everything you thought you knew!!! EXPOSED: Insiders reveal the banned study reveals the truth that will change everything you thought you knew!!! EXPOSED: Insiders reveal the insider reveals shocking secret that will change everything you thought you knew!!! EXPOSED: Insiders reveal the hidden truth about the vaccine that will change everything you thought you knew!!! EXPOSED: Insiders reveal the celebrity scandal cover-up that will change everything you thought you knew!!!,conspiracy,25-Feb-2025
EXPOSED: The celebrity scandal cover-up nobody wants you to see,"EXPOSED: Anonymous source claims miracle cure being hidden from the public, and the mainstream media refuses to cover it. EXPOSED: Anonymous source claims secret recording leaked online, and the mainstream media refuses to cover it. EXPOSED: Anonymous source claims hidden truth about the vaccine, and the mainstream media refuses to cover it. EXPOSED: Anonymous source claims massive cover-up, and the mainstream media refuses to cover it. EXPOSED: Anonymous source claims secret recording leaked online, and the mainstream media refuses to cover it. EXPOSED: Anonymous source claims secret government plot, and the mainstream media refuses to cover it.",News,12-Nov-2025
BREAKING: The insider reveals shocking secret nobody wants you to see,This miracle cure being hidden from the public is being suppressed by the elites -- click to see the forbidden photos! This celebrity scandal cover-up is being suppressed by the elites -- click to see the forbidden photos! This banned study reveals the truth is being suppressed by the elites -- click to see the forbidden photos! This shocking conspiracy is being suppressed by the elites -- click to see the forbidden photos! This massive cover-up is being suppressed by the elites -- click to see the forbidden photos! This elite plan nobody is talking about is being suppressed by the elites -- click to see the forbidden photos!,conspiracy,26-Aug-2025
EXPOSED: The secret government plot nobody wants you to see,"EXPOSED!!! The secret deal exposed exposed by a whistleblower, share this NOW before they take it down! EXPOSED!!! The massive cover-up exposed by a whistleblower, share this NOW before they take it down! EXPOSED!!! The insider reveals shocking secret exposed by a whistleblower, share this NOW before they take it down! EXPOSED!!! The celebrity scandal cover-up exposed by a whistleblower, share this NOW before they take it down! EXPOSED!!! The hidden agenda exposed by a whistleblower, share this NOW before they take it down! EXPOSED!!! The secret government plot exposed by a whistleblower, share this NOW before they take it down!",left-news,23-Aug-2025
LEAKED: The elite plan nobody is talking about nobody wants you to see,"LEAKED!!! The banned study reveals the truth exposed by a whistleblower, share this NOW before they take it down! LEAKED!!! The shocking conspiracy exposed by a whistleblower, share this NOW before they take it down! LEAKED!!! The hidden truth about the vaccine exposed by a whistleblower, share this NOW before they take it down! LEAKED!!! The celebrity scandal cover-up exposed by a whistleblower, share this NOW before they take it down! LEAKED!!! The elite plan nobody is talking about exposed by a whistleblower, share this NOW before they take it down! LEAKED!!! The massive cover-up exposed by a whistleblower, share this NOW before they take it down!",conspiracy,24-Aug-2025
LEAKED: The hidden truth about the vaccine nobody wants you to see,Experts are stunned after the elite plan nobody is talking about was leaked; the truth they don't want you to see. Experts are stunned after the celebrity scandal cover-up was leaked; the truth they don't want you to see. Experts are stunned after the miracle cure being hidden from the public was leaked; the truth they don't want you to see. Experts are stunned after the elite plan nobody is talking about was leaked; the truth they don't want you to see. Experts are stunned after the celebrity scandal cover-up was leaked; the truth they don't want you to see. Experts are stunned after the banned study reveals the truth was leaked; the truth they don't want you to see.,conspiracy,27-May-2025
URGENT: The banned study reveals the truth nobody wants you to see,URGENT: Insiders reveal the secret recording leaked online that will change everything you thought you knew!!! URGENT: Insiders reveal the elite plan nobody is talking about that will change everything you thought you knew!!! URGENT: Insiders reveal the secret deal exposed that will change everything you thought you knew!!! URGENT: Insiders reveal the insider reveals shocking secret that will change everything you thought you knew!!! URGENT: Insiders reveal the celebrity scandal cover-up that will change everything you thought you knew!!! URGENT: Insiders reveal the secret government plot that will change everything you thought you knew!!!,Government News,28-Jun-2025
EXPOSED: The massive cover-up nobody wants you to see,"EXPOSED!!! The miracle cure being hidden from the public exposed by a whistleblower, share this NOW before they take it down! EXPOSED!!! The secret recording leaked online exposed by a whistleblower, share this NOW before they take it down! EXPOSED!!! The elite plan nobody is talking about exposed by a whistleblower, share this NOW before they take it down! EXPOSED!!! The secret deal exposed exposed by a whistleblower, share this NOW before they take it down! EXPOSED!!! The shocking conspiracy exposed by a whistleblower, share this NOW before they take it down! EXPOSED!!! The elite plan nobody is talking about exposed by a whistleblower, share this NOW before they take it down!",left-news,25-Sep-2025
BREAKING: The hidden truth about the vaccine nobody wants you to see,You won't believe what was just found about the massive cover-up; wake up before it's too late! You won't believe what was just found about the secret deal exposed; wake up before it's too late! You won't believe what was just found about the secret recording leaked online; wake up before it's too late! You won't believe what was just found about the massive cover-up; wake up before it's too late! You won't believe what was just found about the miracle cure being hidden from the public; wake up before it's too late! You won't believe what was just found about the miracle cure being hidden from the public; wake up before it's too late!,Government News,22-Feb-2025
SHOCKING: The celebrity scandal cover-up nobody wants you to see,"SHOCKING -- Doctors HATE this secret government plot, share before it gets deleted! SHOCKING -- Doctors HATE this shocking conspiracy, share before it gets deleted! SHOCKING -- Doctors HATE this miracle cure being hidden from the public, share before it gets deleted! SHOCKING -- Doctors HATE this banned study reveals the truth, share before it gets deleted! SHOCKING -- Doctors HATE this shocking conspiracy, share before it gets deleted! SHOCKING -- Doctors HATE this miracle cure being hidden from the public, share before it gets deleted!",News,19-Nov-2025
Mainstream Media Won't Tell You: The secret recording leaked online nobody wants you to see,"Mainstream Media Won't Tell You: Anonymous source claims elite plan nobody is talking about, and the mainstream media refuses to cover it. Mainstream Media Won't Tell You: Anonymous source claims hidden truth about the vaccine, and the mainstream media refuses to cover it. Mainstream Media Won't Tell You: Anonymous source claims insider reveals shocking secret, and the mainstream media refuses to cover it. Mainstream Media Won't Tell You: Anonymous source claims hidden truth about the vaccine, and the mainstream media refuses to cover it. Mainstream Media Won't Tell You: Anonymous source claims hidden agenda, and the mainstream media refuses to cover it. Mainstream Media Won't Tell You: Anonymous source claims secret government plot, and the mainstream media refuses to cover it.",conspiracy,8-Oct-2025
You Won't Believe: The secret government plot nobody wants you to see,"You Won't Believe -- Doctors HATE this secret recording leaked online, share before it gets deleted! You Won't Believe -- Doctors HATE this banned study reveals the truth, share before it gets deleted! You Won't Believe -- Doctors HATE this miracle cure being hidden from the public, share before it gets deleted! You Won't Believe -- Doctors HATE this banned study reveals the truth, share before it gets deleted! You Won't Believe -- Doctors HATE this secret recording leaked online, share before it gets deleted! You Won't Believe -- Doctors HATE this secret government plot, share before it gets deleted!",conspiracy,18-Dec-2025
Mainstream Media Won't Tell You: The massive cover-up nobody wants you to see,Experts are stunned after the insider reveals shocking secret was leaked; the truth they don't want you to see. Experts are stunned after the secret government plot was leaked; the truth they don't want you to see. Experts are stunned after the hidden truth about the vaccine was leaked; the truth they don't want you to see. Experts are stunned after the hidden agenda was leaked; the truth they don't want you to see. Experts are stunned after the elite plan nobody is talking about was leaked; the truth they don't want you to see. Experts are stunned after the secret government plot was leaked; the truth they don't want you to see.,News,27-May-2025
You Won't Believe: The shocking conspiracy nobody wants you to see,This miracle cure being hidden from the public is being suppressed by the elites -- click to see the forbidden photos! This miracle cure being hidden from the public is being suppressed by the elites -- click to see the forbidden photos! This insider reveals shocking secret is being suppressed by the elites -- click to see the forbidden photos! This shocking conspiracy is being suppressed by the elites -- click to see the forbidden photos! This elite plan nobody is talking about is being suppressed by the elites -- click to see the forbidden photos! This secret deal exposed is being suppressed by the elites -- click to see the forbidden photos!,politics,7-Sep-2025
EXPOSED: The hidden truth about the vaccine nobody wants you to see,"EXPOSED!!! The celebrity scandal cover-up exposed by a whistleblower, share this NOW before they take it down! EXPOSED!!! The elite plan nobody is talking about exposed by a whistleblower, share this NOW before they take it down! EXPOSED!!! The insider reveals shocking secret exposed by a whistleblower, share this NOW before they take it down! EXPOSED!!! The elite plan nobody is talking about exposed by a whistleblower, share this NOW before they take it down! EXPOSED!!! The secret deal exposed exposed by a whistleblower, share this NOW before they take it down! EXPOSED!!! The insider reveals shocking secret exposed by a whistleblower, share this NOW before they take it down!",News,25-Nov-2025
URGENT: The secret recording leaked online nobody wants you to see,"URGENT: Anonymous source claims insider reveals shocking secret, and the mainstream media refuses to cover it. URGENT: Anonymous source claims secret recording leaked online, and the mainstream media refuses to cover it. URGENT: Anonymous source claims secret deal exposed, and the mainstream media refuses to cover it. URGENT: Anonymous source claims miracle cure being hidden from the public, and the mainstream media refuses to cover it. URGENT: Anonymous source claims celebrity scandal cover-up, and the mainstream media refuses to cover it. URGENT: Anonymous source claims celebrity scandal cover-up, and the mainstream media refuses to cover it.",Government News,13-Sep-2025
URGENT: The secret recording leaked online nobody wants you to see,"URGENT -- Doctors HATE this elite plan nobody is talking about, share before it gets deleted! URGENT -- Doctors HATE this hidden truth about the vaccine, share before it gets deleted! URGENT -- Doctors HATE this banned study reveals the truth, share before it gets deleted! URGENT -- Doctors HATE this massive cover-up, share before it gets deleted! URGENT -- Doctors HATE this massive cover-up, share before it gets deleted! URGENT -- Doctors HATE this elite plan nobody is talking about, share before it gets deleted!",conspiracy,28-Jun-2025
Mainstream Media Won't Tell You: The secret recording leaked online nobody wants you to see,"Mainstream Media Won't Tell You: Anonymous source claims insider reveals shocking secret, and the mainstream media refuses to cover it. Mainstream Media Won't Tell You: Anonymous source claims massive cover-up, and the mainstream media refuses to cover it. Mainstream Media Won't Tell You: Anonymous source claims hidden truth about the vaccine, and the mainstream media refuses to cover it. Mainstream Media Won't Tell You: Anonymous source claims shocking conspiracy, and the mainstream media refuses to cover it. Mainstream Media Won't Tell You: Anonymous source claims hidden truth about the vaccine, and the mainstream media refuses to cover it. Mainstream Media Won't Tell You: Anonymous source claims elite plan nobody is talking about, and the mainstream media refuses to cover it.",politics,13-Sep-2025
LEAKED: The massive cover-up nobody wants you to see,"LEAKED: Anonymous source claims banned study reveals the truth, and the mainstream media refuses to cover it. LEAKED: Anonymous source claims secret deal exposed, and the mainstream media refuses to cover it. LEAKED: Anonymous source claims secret government plot, and the mainstream media refuses to cover it. LEAKED: Anonymous source claims insider reveals shocking secret, and the mainstream media refuses to cover it. LEAKED: Anonymous source claims secret government plot, and the mainstream media refuses to cover it. LEAKED: Anonymous source claims hidden agenda, and the mainstream media refuses to cover it.",Government News,1-Sep-2025
BREAKING: The hidden agenda nobody wants you to see,BREAKING: Insiders reveal the hidden agenda that will change everything you thought you knew!!! BREAKING: Insiders reveal the shocking conspiracy that will change everything you thought you knew!!! BREAKING: Insiders reveal the shocking conspiracy that will change everything you thought you knew!!! BREAKING: Insiders reveal the massive cover-up that will change everything you thought you knew!!! BREAKING: Insiders reveal the secret government plot that will change everything you thought you knew!!! BREAKING: Insiders reveal the insider reveals shocking secret that will change everything you thought you knew!!!,conspiracy,18-Sep-2025
BREAKING: The miracle cure being hidden from the public nobody wants you to see,BREAKING: Insiders reveal the banned study reveals the truth that will change everything you thought you knew!!! BREAKING: Insiders reveal the massive cover-up that will change everything you thought you knew!!! BREAKING: Insiders reveal the celebrity scandal cover-up that will change everything you thought you knew!!! BREAKING: Insiders reveal the celebrity scandal cover-up that will change everything you thought you knew!!! BREAKING: Insiders reveal the hidden agenda that will change everything you thought you knew!!! BREAKING: Insiders reveal the massive cover-up that will change everything you thought you knew!!!,Government News,8-Apr-2025
LEAKED: The hidden agenda nobody wants you to see,LEAKED: Insiders reveal the hidden truth about the vaccine that will change everything you thought you knew!!! LEAKED: Insiders reveal the secret deal exposed that will change everything you thought you knew!!! LEAKED: Insiders reveal the hidden truth about the vaccine that will change everything you thought you knew!!! LEAKED: Insiders reveal the shocking conspiracy that will change everything you thought you knew!!! LEAKED: Insiders reveal the insider reveals shocking secret that will change everything you thought you knew!!! LEAKED: Insiders reveal the miracle cure being hidden from the public that will change everything you thought you knew!!!,conspiracy,26-Aug-2025
BREAKING: The banned study reveals the truth nobody wants you to see,Experts are stunned after the insider reveals shocking secret was leaked; the truth they don't want you to see. Experts are stunned after the insider reveals shocking secret was leaked; the truth they don't want you to see. Experts are stunned after the hidden truth about the vaccine was leaked; the truth they don't want you to see. Experts are stunned after the miracle cure being hidden from the public was leaked; the truth they don't want you to see. Experts are stunned after the hidden truth about the vaccine was leaked; the truth they don't want you to see. Experts are stunned after the secret recording leaked online was leaked; the truth they don't want you to see.,conspiracy,2-Dec-2025
Mainstream Media Won't Tell You: The miracle cure being hidden from the public nobody wants you to see,Experts are stunned after the secret government plot was leaked; the truth they don't want you to see. Experts are stunned after the massive cover-up was leaked; the truth they don't want you to see. Experts are stunned after the massive cover-up was leaked; the truth they don't want you to see. Experts are stunned after the secret deal exposed was leaked; the truth they don't want you to see. Experts are stunned after the secret deal exposed was leaked; the truth they don't want you to see. Experts are stunned after the miracle cure being hidden from the public was leaked; the truth they don't want you to see.,politics,24-Nov-2025
SHOCKING: The secret recording leaked online nobody wants you to see,Experts are stunned after the secret recording leaked online was leaked; the truth they don't want you to see. Experts are stunned after the secret deal exposed was leaked; the truth they don't want you to see. Experts are stunned after the secret government plot was leaked; the truth they don't want you to see. Experts are stunned after the hidden agenda was leaked; the truth they don't want you to see. Experts are stunned after the elite plan nobody is talking about was leaked; the truth they don't want you to see. Experts are stunned after the secret government plot was leaked; the truth they don't want you to see.,conspiracy,18-Oct-2025
BREAKING: The massive cover-up nobody wants you to see,This insider reveals shocking secret is being suppressed by the elites -- click to see the forbidden photos! This shocking conspiracy is being suppressed by the elites -- click to see the forbidden photos! This celebrity scandal cover-up is being suppressed by the elites -- click to see the forbidden photos! This secret government plot is being suppressed by the elites -- click to see the forbidden photos! This secret recording leaked online is being suppressed by the elites -- click to see the forbidden photos! This insider reveals shocking secret is being suppressed by the elites -- click to see the forbidden photos!,left-news,15-Oct-2025
You Won't Believe: The shocking conspiracy nobody wants you to see,"You Won't Believe: Anonymous source claims hidden agenda, and the mainstream media refuses to cover it. You Won't Believe: Anonymous source claims secret deal exposed, and the mainstream media refuses to cover it. You Won't Believe: Anonymous source claims celebrity scandal cover-up, and the mainstream media refuses to cover it. You Won't Believe: Anonymous source claims celebrity scandal cover-up, and the mainstream media refuses to cover it. You Won't Believe: Anonymous source claims massive cover-up, and the mainstream media refuses to cover it. You Won't Believe: Anonymous source claims miracle cure being hidden from the public, and the mainstream media refuses to cover it.",left-news,19-Dec-2025
SHOCKING: The elite plan nobody is talking about nobody wants you to see,"SHOCKING: Anonymous source claims hidden agenda, and the mainstream media refuses to cover it. SHOCKING: Anonymous source claims miracle cure being hidden from the public, and the mainstream media refuses to cover it. SHOCKING: Anonymous source claims secret deal exposed, and the mainstream media refuses to cover it. SHOCKING: Anonymous source claims elite plan nobody is talking about, and the mainstream media refuses to cover it. SHOCKING: Anonymous source claims secret deal exposed, and the mainstream media refuses to cover it. SHOCKING: Anonymous source claims insider reveals shocking secret, and the mainstream media refuses to cover it.",politics,25-Mar-2025
EXCLUSIVE: The elite plan nobody is talking about nobody wants you to see,"EXCLUSIVE -- Doctors HATE this banned study reveals the truth, share before it gets deleted! EXCLUSIVE -- Doctors HATE this secret deal exposed, share before it gets deleted! EXCLUSIVE -- Doctors HATE this secret recording leaked online, share before it gets deleted! EXCLUSIVE -- Doctors HATE this hidden truth about the vaccine, share before it gets deleted! EXCLUSIVE -- Doctors HATE this shocking conspiracy, share before it gets deleted! EXCLUSIVE -- Doctors HATE this elite plan nobody is talking about, share before it gets deleted!",Government News,24-Sep-2025
EXPOSED: The shocking conspiracy nobody wants you to see,EXPOSED: Insiders reveal the hidden agenda that will change everything you thought you knew!!! EXPOSED: Insiders reveal the secret deal exposed that will change everything you thought you knew!!! EXPOSED: Insiders reveal the massive cover-up that will change everything you thought you knew!!! EXPOSED: Insiders reveal the secret recording leaked online that will change everything you thought you knew!!! EXPOSED: Insiders reveal the hidden truth about the vaccine that will change everything you thought you knew!!! EXPOSED: Insiders reveal the miracle cure being hidden from the public that will change everything you thought you knew!!!,News,22-Jul-2025
Mainstream Media Won't Tell You: The massive cover-up nobody wants you to see,You won't believe what was just found about the shocking conspiracy; wake up before it's too late! You won't believe what was just found about the massive cover-up; wake up before it's too late! You won't believe what was just found about the massive cover-up; wake up before it's too late! You won't believe what was just found about the hidden truth about the vaccine; wake up before it's too late! You won't believe what was just found about the secret recording leaked online; wake up before it's too late! You won't believe what was just found about the secret government plot; wake up before it's too late!,conspiracy,6-Jun-2025
EXCLUSIVE: The hidden truth about the vaccine nobody wants you to see,"EXCLUSIVE -- Doctors HATE this banned study reveals the truth, share before it gets deleted! EXCLUSIVE -- Doctors HATE this secret government plot, share before it gets deleted! EXCLUSIVE -- Doctors HATE this shocking conspiracy, share before it gets deleted! EXCLUSIVE -- Doctors HATE this shocking conspiracy, share before it gets deleted! EXCLUSIVE -- Doctors HATE this secret recording leaked online, share before it gets deleted! EXCLUSIVE -- Doctors HATE this massive cover-up, share before it gets deleted!",politics,25-Dec-2025
You Won't Believe: The miracle cure being hidden from the public nobody wants you to see,"You Won't Believe!!! The secret government plot exposed by a whistleblower, share this NOW before they take it down! You Won't Believe!!! The shocking conspiracy exposed by a whistleblower, share this NOW before they take it down! You Won't Believe!!! The hidden truth about the vaccine exposed by a whistleblower, share this NOW before they take it down! You Won't Believe!!! The celebrity scandal cover-up exposed by a whistleblower, share this NOW before they take it down! You Won't Believe!!! The hidden agenda exposed by a whistleblower, share this NOW before they take it down! You Won't Believe!!! The secret government plot exposed by a whistleblower, share this NOW before they take it down!",conspiracy,23-Feb-2025
LEAKED: The banned study reveals the truth nobody wants you to see,"LEAKED: Anonymous source claims secret government plot, and the mainstream media refuses to cover it. LEAKED: Anonymous source claims massive cover-up, and the mainstream media refuses to cover it. LEAKED: Anonymous source claims shocking conspiracy, and the mainstream media refuses to cover it. LEAKED: Anonymous source claims insider reveals shocking secret, and the mainstream media refuses to cover it. LEAKED: Anonymous source claims elite plan nobody is talking about, and the mainstream media refuses to cover it. LEAKED: Anonymous source claims shocking conspiracy, and the mainstream media refuses to cover it.",politics,18-Sep-2025
LEAKED: The elite plan nobody is talking about nobody wants you to see,"LEAKED: Anonymous source claims hidden truth about the vaccine, and the mainstream media refuses to cover it. LEAKED: Anonymous source claims insider reveals shocking secret, and the mainstream media refuses to cover it. LEAKED: Anonymous source claims celebrity scandal cover-up, and the mainstream media refuses to cover it. LEAKED: Anonymous source claims insider reveals shocking secret, and the mainstream media refuses to cover it. LEAKED: Anonymous source claims insider reveals shocking secret, and the mainstream media refuses to cover it. LEAKED: Anonymous source claims secret recording leaked online, and the mainstream media refuses to cover it.",News,13-Oct-2025
SHOCKING: The hidden agenda nobody wants you to see,"SHOCKING -- Doctors HATE this secret government plot, share before it gets deleted! SHOCKING -- Doctors HATE this hidden agenda, share before it gets deleted! SHOCKING -- Doctors HATE this shocking conspiracy, share before it gets deleted! SHOCKING -- Doctors HATE this insider reveals shocking secret, share before it gets deleted! SHOCKING -- Doctors HATE this hidden truth about the vaccine, share before it gets deleted! SHOCKING -- Doctors HATE this hidden agenda, share before it gets deleted!",News,15-Nov-2025
SHOCKING: The miracle cure being hidden from the public nobody wants you to see,"SHOCKING: Anonymous source claims secret recording leaked online, and the mainstream media refuses to cover it. SHOCKING: Anonymous source claims hidden agenda, and the mainstream media refuses to cover it. SHOCKING: Anonymous source claims secret recording leaked online, and the mainstream media refuses to cover it. SHOCKING: Anonymous source claims secret recording leaked online, and the mainstream media refuses to cover it. SHOCKING: Anonymous source claims massive cover-up, and the mainstream media refuses to cover it. SHOCKING: Anonymous source claims miracle cure being hidden from the public, and the mainstream media refuses to cover it.",News,10-Nov-2025
Mainstream Media Won't Tell You: The shocking conspiracy nobody wants you to see,"Mainstream Media Won't Tell You: Anonymous source claims elite plan nobody is talking about, and the mainstream media refuses to cover it. Mainstream Media Won't Tell You: Anonymous source claims insider reveals shocking secret, and the mainstream media refuses to cover it. Mainstream Media Won't Tell You: Anonymous source claims miracle cure being hidden from the public, and the mainstream media refuses to cover it. Mainstream Media Won't Tell You: Anonymous source claims massive cover-up, and the mainstream media refuses to cover it. Mainstream Media Won't Tell You: Anonymous source claims banned study reveals the truth, and the mainstream media refuses to cover it. Mainstream Media Won't Tell You: Anonymous source claims hidden truth about the vaccine, and the mainstream media refuses to cover it.",Government News,3-Mar-2025
EXPOSED: The elite plan nobody is talking about nobody wants you to see,"EXPOSED: Anonymous source claims elite plan nobody is talking about, and the mainstream media refuses to cover it. EXPOSED: Anonymous source claims insider reveals shocking secret, and the mainstream media refuses to cover it. EXPOSED: Anonymous source claims secret government plot, and the mainstream media refuses to cover it. EXPOSED: Anonymous source claims secret government plot, and the mainstream media refuses to cover it. EXPOSED: Anonymous source claims shocking conspiracy, and the mainstream media refuses to cover it. EXPOSED: Anonymous source claims elite plan nobody is talking about, and the mainstream media refuses to cover it.",conspiracy,11-Aug-2025
Mainstream Media Won't Tell You: The insider reveals shocking secret nobody wants you to see,"Mainstream Media Won't Tell You -- Doctors HATE this secret government plot, share before it gets deleted! Mainstream Media Won't Tell You -- Doctors HATE this massive cover-up, share before it gets deleted! Mainstream Media Won't Tell You -- Doctors HATE this secret recording leaked online, share before it gets deleted! Mainstream Media Won't Tell You -- Doctors HATE this massive cover-up, share before it gets deleted! Mainstream Media Won't Tell You -- Doctors HATE this massive cover-up, share before it gets deleted! Mainstream Media Won't Tell You -- Doctors HATE this secret recording leaked online, share before it gets deleted!",conspiracy,8-Sep-2025
LEAKED: The secret government plot nobody wants you to see,"LEAKED!!! The hidden agenda exposed by a whistleblower, share this NOW before they take it down! LEAKED!!! The secret deal exposed exposed by a whistleblower, share this NOW before they take it down! LEAKED!!! The secret government plot exposed by a whistleblower, share this NOW before they take it down! LEAKED!!! The elite plan nobody is talking about exposed by a whistleblower, share this NOW before they take it down! LEAKED!!! The hidden agenda exposed by a whistleblower, share this NOW before they take it down! LEAKED!!! The shocking conspiracy exposed by a whistleblower, share this NOW before they take it down!",politics,11-Jul-2025
BREAKING: The miracle cure being hidden from the public nobody wants you to see,"BREAKING!!! The secret deal exposed exposed by a whistleblower, share this NOW before they take it down! BREAKING!!! The elite plan nobody is talking about exposed by a whistleblower, share this NOW before they take it down! BREAKING!!! The secret recording leaked online exposed by a whistleblower, share this NOW before they take it down! BREAKING!!! The hidden truth about the vaccine exposed by a whistleblower, share this NOW before they take it down! BREAKING!!! The secret recording leaked online exposed by a whistleblower, share this NOW before they take it down! BREAKING!!! The secret recording leaked online exposed by a whistleblower, share this NOW before they take it down!",politics,14-Apr-2025
BREAKING: The secret deal exposed nobody wants you to see,You won't believe what was just found about the hidden truth about the vaccine; wake up before it's too late! You won't believe what was just found about the massive cover-up; wake up before it's too late! You won't believe what was just found about the banned study reveals the truth; wake up before it's too late! You won't believe what was just found about the elite plan nobody is talking about; wake up before it's too late! You won't believe what was just found about the celebrity scandal cover-up; wake up before it's too late! You won't believe what was just found about the shocking conspiracy; wake up before it's too late!,politics,19-Sep-2025
EXPOSED: The celebrity scandal cover-up nobody wants you to see,You won't believe what was just found about the insider reveals shocking secret; wake up before it's too late! You won't believe what was just found about the insider reveals shocking secret; wake up before it's too late! You won't believe what was just found about the elite plan nobody is talking about; wake up before it's too late! You won't believe what was just found about the celebrity scandal cover-up; wake up before it's too late! You won't believe what was just found about the secret deal exposed; wake up before it's too late! You won't believe what was just found about the celebrity scandal cover-up; wake up before it's too late!,Government News,6-Jun-2025
You Won't Believe: The elite plan nobody is talking about nobody wants you to see,This insider reveals shocking secret is being suppressed by the elites -- click to see the forbidden photos! This miracle cure being hidden from the public is being suppressed by the elites -- click to see the forbidden photos! This celebrity scandal cover-up is being suppressed by the elites -- click to see the forbidden photos! This massive cover-up is being suppressed by the elites -- click to see the forbidden photos! This celebrity scandal cover-up is being suppressed by the elites -- click to see the forbidden photos! This insider reveals shocking secret is being suppressed by the elites -- click to see the forbidden photos!,News,25-Jun-2025
Mainstream Media Won't Tell You: The secret deal exposed nobody wants you to see,You won't believe what was just found about the banned study reveals the truth; wake up before it's too late! You won't believe what was just found about the insider reveals shocking secret; wake up before it's too late! You won't believe what was just found about the secret recording leaked online; wake up before it's too late! You won't believe what was just found about the insider reveals shocking secret; wake up before it's too late! You won't believe what was just found about the hidden agenda; wake up before it's too late! You won't believe what was just found about the celebrity scandal cover-up; wake up before it's too late!,politics,4-Mar-2025
BREAKING: The secret government plot nobody wants you to see,Experts are stunned after the hidden truth about the vaccine was leaked; the truth they don't want you to see. Experts are stunned after the hidden truth about the vaccine was leaked; the truth they don't want you to see. Experts are stunned after the hidden agenda was leaked; the truth they don't want you to see. Experts are stunned after the hidden truth about the vaccine was leaked; the truth they don't want you to see. Experts are stunned after the hidden truth about the vaccine was leaked; the truth they don't want you to see. Experts are stunned after the hidden truth about the vaccine was leaked; the truth they don't want you to see.,politics,20-Apr-2025
EXPOSED: The secret recording leaked online nobody wants you to see,EXPOSED: Insiders reveal the massive cover-up that will change everything you thought you knew!!! EXPOSED: Insiders reveal the miracle cure being hidden from the public that will change everything you thought you knew!!! EXPOSED: Insiders reveal the insider reveals shocking secret that will change everything you thought you knew!!! EXPOSED: Insiders reveal the banned study reveals the truth that will change everything you thought you knew!!! EXPOSED: Insiders reveal the celebrity scandal cover-up that will change everything you thought you knew!!! EXPOSED: Insiders reveal the elite plan nobody is talking about that will change everything you thought you knew!!!,Government News,16-Dec-2025
URGENT: The celebrity scandal cover-up nobody wants you to see,Experts are stunned after the secret deal exposed was leaked; the truth they don't want you to see. Experts are stunned after the banned study reveals the truth was leaked; the truth they don't want you to see. Experts are stunned after the banned study reveals the truth was leaked; the truth they don't want you to see. Experts are stunned after the celebrity scandal cover-up was leaked; the truth they don't want you to see. Experts are stunned after the celebrity scandal cover-up was leaked; the truth they don't want you to see. Experts are stunned after the shocking conspiracy was leaked; the truth they don't want you to see.,politics,2-Jul-2025
SHOCKING: The hidden agenda nobody wants you to see,"SHOCKING: Anonymous source claims shocking conspiracy, and the mainstream media refuses to cover it. SHOCKING: Anonymous source claims insider reveals shocking secret, and the mainstream media refuses to cover it. SHOCKING: Anonymous source claims secret recording leaked online, and the mainstream media refuses to cover it. SHOCKING: Anonymous source claims shocking conspiracy, and the mainstream media refuses to cover it. SHOCKING: Anonymous source claims shocking conspiracy, and the mainstream media refuses to cover it. SHOCKING: Anonymous source claims miracle cure being hidden from the public, and the mainstream media refuses to cover it.",politics,15-Oct-2025
EXCLUSIVE: The insider reveals shocking secret nobody wants you to see,You won't believe what was just found about the banned study reveals the truth; wake up before it's too late! You won't believe what was just found about the shocking conspiracy; wake up before it's too late! You won't believe what was just found about the secret deal exposed; wake up before it's too late! You won't believe what was just found about the secret deal exposed; wake up before it's too late! You won't believe what was just found about the secret government plot; wake up before it's too late! You won't believe what was just found about the hidden truth about the vaccine; wake up before it's too late!,left-news,24-Jun-2025
Mainstream Media Won't Tell You: The hidden truth about the vaccine nobody wants you to see,"Mainstream Media Won't Tell You!!! The hidden truth about the vaccine exposed by a whistleblower, share this NOW before they take it down! Mainstream Media Won't Tell You!!! The hidden truth about the vaccine exposed by a whistleblower, share this NOW before they take it down! Mainstream Media Won't Tell You!!! The elite plan nobody is talking about exposed by a whistleblower, share this NOW before they take it down! Mainstream Media Won't Tell You!!! The elite plan nobody is talking about exposed by a whistleblower, share this NOW before they take it down! Mainstream Media Won't Tell You!!! The secret recording leaked online exposed by a whistleblower, share this NOW before they take it down! Mainstream Media Won't Tell You!!! The insider reveals shocking secret exposed by a whistleblower, share this NOW before they take it down!",News,17-Feb-2025
EXCLUSIVE: The banned study reveals the truth nobody wants you to see,Experts are stunned after the secret government plot was leaked; the truth they don't want you to see. Experts are stunned after the shocking conspiracy was leaked; the truth they don't want you to see. Experts are stunned after the elite plan nobody is talking about was leaked; the truth they don't want you to see. Experts are stunned after the elite plan nobody is talking about was leaked; the truth they don't want you to see. Experts are stunned after the secret deal exposed was leaked; the truth they don't want you to see. Experts are stunned after the insider reveals shocking secret was leaked; the truth they don't want you to see.,News,18-Jul-2025
SHOCKING: The shocking conspiracy nobody wants you to see,You won't believe what was just found about the banned study reveals the truth; wake up before it's too late! You won't believe what was just found about the secret deal exposed; wake up before it's too late! You won't believe what was just found about the hidden agenda; wake up before it's too late! You won't believe what was just found about the hidden agenda; wake up before it's too late! You won't believe what was just found about the banned study reveals the truth; wake up before it's too late! You won't believe what was just found about the celebrity scandal cover-up; wake up before it's too late!,left-news,10-Oct-2025
SHOCKING: The insider reveals shocking secret nobody wants you to see,This celebrity scandal cover-up is being suppressed by the elites -- click to see the forbidden photos! This banned study reveals the truth is being suppressed by the elites -- click to see the forbidden photos! This secret recording leaked online is being suppressed by the elites -- click to see the forbidden photos! This banned study reveals the truth is being suppressed by the elites -- click to see the forbidden photos! This miracle cure being hidden from the public is being suppressed by the elites -- click to see the forbidden photos! This insider reveals shocking secret is being suppressed by the elites -- click to see the forbidden photos!,Government News,4-Mar-2025
BREAKING: The secret deal exposed nobody wants you to see,"BREAKING: Anonymous source claims massive cover-up, and the mainstream media refuses to cover it. BREAKING: Anonymous source claims banned study reveals the truth, and the mainstream media refuses to cover it. BREAKING: Anonymous source claims secret government plot, and the mainstream media refuses to cover it. BREAKING: Anonymous source claims celebrity scandal cover-up, and the mainstream media refuses to cover it. BREAKING: Anonymous source claims banned study reveals the truth, and the mainstream media refuses to cover it. BREAKING: Anonymous source claims hidden truth about the vaccine, and the mainstream media refuses to cover it.",politics,15-Feb-2025
LEAKED: The massive cover-up nobody wants you to see,"LEAKED!!! The secret recording leaked online exposed by a whistleblower, share this NOW before they take it down! LEAKED!!! The insider reveals shocking secret exposed by a whistleblower, share this NOW before they take it down! LEAKED!!! The celebrity scandal cover-up exposed by a whistleblower, share this NOW before they take it down! LEAKED!!! The insider reveals shocking secret exposed by a whistleblower, share this NOW before they take it down! LEAKED!!! The insider reveals shocking secret exposed by a whistleblower, share this NOW before they take it down! LEAKED!!! The miracle cure being hidden from the public exposed by a whistleblower, share this NOW before they take it down!",News,4-Dec-2025
EXCLUSIVE: The secret recording leaked online nobody wants you to see,You won't believe what was just found about the miracle cure being hidden from the public; wake up before it's too late! You won't believe what was just found about the elite plan nobody is talking about; wake up before it's too late! You won't believe what was just found about the insider reveals shocking secret; wake up before it's too late! You won't believe what was just found about the secret deal exposed; wake up before it's too late! You won't believe what was just found about the insider reveals shocking secret; wake up before it's too late! You won't believe what was just found about the elite plan nobody is talking about; wake up before it's too late!,Government News,6-Jul-2025
Mainstream Media Won't Tell You: The secret government plot nobody wants you to see,Experts are stunned after the celebrity scandal cover-up was leaked; the truth they don't want you to see. Experts are stunned after the massive cover-up was leaked; the truth they don't want you to see. Experts are stunned after the hidden truth about the vaccine was leaked; the truth they don't want you to see. Experts are stunned after the secret recording leaked online was leaked; the truth they don't want you to see. Experts are stunned after the celebrity scandal cover-up was leaked; the truth they don't want you to see. Experts are stunned after the celebrity scandal cover-up was leaked; the truth they don't want you to see.,politics,6-Dec-2025
SHOCKING: The secret deal exposed nobody wants you to see,You won't believe what was just found about the hidden agenda; wake up before it's too late! You won't believe what was just found about the insider reveals shocking secret; wake up before it's too late! You won't believe what was just found about the banned study reveals the truth; wake up before it's too late! You won't believe what was just found about the hidden agenda; wake up before it's too late! You won't believe what was just found about the secret recording leaked online; wake up before it's too late! You won't believe what was just found about the celebrity scandal cover-up; wake up before it's too late!,News,5-Apr-2025
SHOCKING: The hidden truth about the vaccine nobody wants you to see,Experts are stunned after the hidden agenda was leaked; the truth they don't want you to see. Experts are stunned after the secret government plot was leaked; the truth they don't want you to see. Experts are stunned after the banned study reveals the truth was leaked; the truth they don't want you to see. Experts are stunned after the banned study reveals the truth was leaked; the truth they don't want you to see. Experts are stunned after the banned study reveals the truth was leaked; the truth they don't want you to see. Experts are stunned after the elite plan nobody is talking about was leaked; the truth they don't want you to see.,News,20-Aug-2025
EXPOSED: The shocking conspiracy nobody wants you to see,This secret recording leaked online is being suppressed by the elites -- click to see the forbidden photos! This banned study reveals the truth is being suppressed by the elites -- click to see the forbidden photos! This banned study reveals the truth is being suppressed by the elites -- click to see the forbidden photos! This secret deal exposed is being suppressed by the elites -- click to see the forbidden photos! This banned study reveals the truth is being suppressed by the elites -- click to see the forbidden photos! This miracle cure being hidden from the public is being suppressed by the elites -- click to see the forbidden photos!,Government News,20-Jan-2025
EXPOSED: The elite plan nobody is talking about nobody wants you to see,You won't believe what was just found about the hidden truth about the vaccine; wake up before it's too late! You won't believe what was just found about the secret recording leaked online; wake up before it's too late! You won't believe what was just found about the elite plan nobody is talking about; wake up before it's too late! You won't believe what was just found about the shocking conspiracy; wake up before it's too late! You won't believe what was just found about the secret government plot; wake up before it's too late! You won't believe what was just found about the celebrity scandal cover-up; wake up before it's too late!,politics,2-Nov-2025
URGENT: The secret government plot nobody wants you to see,"URGENT -- Doctors HATE this secret government plot, share before it gets deleted! URGENT -- Doctors HATE this secret recording leaked online, share before it gets deleted! URGENT -- Doctors HATE this hidden truth about the vaccine, share before it gets deleted! URGENT -- Doctors HATE this hidden truth about the vaccine, share before it gets deleted! URGENT -- Doctors HATE this hidden agenda, share before it gets deleted! URGENT -- Doctors HATE this massive cover-up, share before it gets deleted!",News,2-Feb-2025
Mainstream Media Won't Tell You: The celebrity scandal cover-up nobody wants you to see,"Mainstream Media Won't Tell You -- Doctors HATE this secret recording leaked online, share before it gets deleted! Mainstream Media Won't Tell You -- Doctors HATE this hidden agenda, share before it gets deleted! Mainstream Media Won't Tell You -- Doctors HATE this hidden truth about the vaccine, share before it gets deleted! Mainstream Media Won't Tell You -- Doctors HATE this secret recording leaked online, share before it gets deleted! Mainstream Media Won't Tell You -- Doctors HATE this insider reveals shocking secret, share before it gets deleted! Mainstream Media Won't Tell You -- Doctors HATE this insider reveals shocking secret, share before it gets deleted!",Government News,19-Sep-2025
BREAKING: The banned study reveals the truth nobody wants you to see,"BREAKING!!! The hidden truth about the vaccine exposed by a whistleblower, share this NOW before they take it down! BREAKING!!! The massive cover-up exposed by a whistleblower, share this NOW before they take it down! BREAKING!!! The secret government plot exposed by a whistleblower, share this NOW before they take it down! BREAKING!!! The miracle cure being hidden from the public exposed by a whistleblower, share this NOW before they take it down! BREAKING!!! The hidden agenda exposed by a whistleblower, share this NOW before they take it down! BREAKING!!! The massive cover-up exposed by a whistleblower, share this NOW before they take it down!",conspiracy,13-Feb-2025
Mainstream Media Won't Tell You: The elite plan nobody is talking about nobody wants you to see,Mainstream Media Won't Tell You: Insiders reveal the hidden agenda that will change everything you thought you knew!!! Mainstream Media Won't Tell You: Insiders reveal the banned study reveals the truth that will change everything you thought you knew!!! Mainstream Media Won't Tell You: Insiders reveal the celebrity scandal cover-up that will change everything you thought you knew!!! Mainstream Media Won't Tell You: Insiders reveal the miracle cure being hidden from the public that will change everything you thought you knew!!! Mainstream Media Won't Tell You: Insiders reveal the insider reveals shocking secret that will change everything you thought you knew!!! Mainstream Media Won't Tell You: Insiders reveal the hidden agenda that will change everything you thought you knew!!!,conspiracy,17-Jul-2025
EXPOSED: The insider reveals shocking secret nobody wants you to see,"EXPOSED -- Doctors HATE this hidden truth about the vaccine, share before it gets deleted! EXPOSED -- Doctors HATE this secret government plot, share before it gets deleted! EXPOSED -- Doctors HATE this miracle cure being hidden from the public, share before it gets deleted! EXPOSED -- Doctors HATE this hidden truth about the vaccine, share before it gets deleted! EXPOSED -- Doctors HATE this insider reveals shocking secret, share before it gets deleted! EXPOSED -- Doctors HATE this secret recording leaked online, share before it gets deleted!",Government News,3-Aug-2025
LEAKED: The secret deal exposed nobody wants you to see,This massive cover-up is being suppressed by the elites -- click to see the forbidden photos! This hidden agenda is being suppressed by the elites -- click to see the forbidden photos! This elite plan nobody is talking about is being suppressed by the elites -- click to see the forbidden photos! This hidden truth about the vaccine is being suppressed by the elites -- click to see the forbidden photos! This hidden truth about the vaccine is being suppressed by the elites -- click to see the forbidden photos! This massive cover-up is being suppressed by the elites -- click to see the forbidden photos!,politics,20-Oct-2025
EXCLUSIVE: The elite plan nobody is talking about nobody wants you to see,"EXCLUSIVE!!! The secret recording leaked online exposed by a whistleblower, share this NOW before they take it down! EXCLUSIVE!!! The banned study reveals the truth exposed by a whistleblower, share this NOW before they take it down! EXCLUSIVE!!! The banned study reveals the truth exposed by a whistleblower, share this NOW before they take it down! EXCLUSIVE!!! The celebrity scandal cover-up exposed by a whistleblower, share this NOW before they take it down! EXCLUSIVE!!! The hidden truth about the vaccine exposed by a whistleblower, share this NOW before they take it down! EXCLUSIVE!!! The shocking conspiracy exposed by a whistleblower, share this NOW before they take it down!",conspiracy,7-Jan-2025
You Won't Believe: The secret government plot nobody wants you to see,"You Won't Believe: Anonymous source claims secret recording leaked online, and the mainstream media refuses to cover it. You Won't Believe: Anonymous source claims miracle cure being hidden from the public, and the mainstream media refuses to cover it. You Won't Believe: Anonymous source claims insider reveals shocking secret, and the mainstream media refuses to cover it. You Won't Believe: Anonymous source claims shocking conspiracy, and the mainstream media refuses to cover it. You Won't Believe: Anonymous source claims hidden truth about the vaccine, and the mainstream media refuses to cover it. You Won't Believe: Anonymous source claims secret deal exposed, and the mainstream media refuses to cover it.",left-news,2-Jun-2025
URGENT: The elite plan nobody is talking about nobody wants you to see,Experts are stunned after the secret recording leaked online was leaked; the truth they don't want you to see. Experts are stunned after the shocking conspiracy was leaked; the truth they don't want you to see. Experts are stunned after the secret government plot was leaked; the truth they don't want you to see. Experts are stunned after the secret recording leaked online was leaked; the truth they don't want you to see. Experts are stunned after the shocking conspiracy was leaked; the truth they don't want you to see. Experts are stunned after the insider reveals shocking secret was leaked; the truth they don't want you to see.,conspiracy,9-Feb-2025
LEAKED: The hidden agenda nobody wants you to see,This elite plan nobody is talking about is being suppressed by the elites -- click to see the forbidden photos! This massive cover-up is being suppressed by the elites -- click to see the forbidden photos! This secret government plot is being suppressed by the elites -- click to see the forbidden photos! This miracle cure being hidden from the public is being suppressed by the elites -- click to see the forbidden photos! This secret recording leaked online is being suppressed by the elites -- click to see the forbidden photos! This massive cover-up is being suppressed by the elites -- click to see the forbidden photos!,conspiracy,13-Dec-2025
SHOCKING: The celebrity scandal cover-up nobody wants you to see,"SHOCKING -- Doctors HATE this massive cover-up, share before it gets deleted! SHOCKING -- Doctors HATE this massive cover-up, share before it gets deleted! SHOCKING -- Doctors HATE this secret recording leaked online, share before it gets deleted! SHOCKING -- Doctors HATE this banned study reveals the truth, share before it gets deleted! SHOCKING -- Doctors HATE this banned study reveals the truth, share before it gets deleted! SHOCKING -- Doctors HATE this secret government plot, share before it gets deleted!",politics,16-Mar-2025
EXCLUSIVE: The elite plan nobody is talking about nobody wants you to see,You won't believe what was just found about the banned study reveals the truth; wake up before it's too late! You won't believe what was just found about the secret deal exposed; wake up before it's too late! You won't believe what was just found about the insider reveals shocking secret; wake up before it's too late! You won't believe what was just found about the secret government plot; wake up before it's too late! You won't believe what was just found about the elite plan nobody is talking about; wake up before it's too late! You won't believe what was just found about the hidden agenda; wake up before it's too late!,Government News,24-Nov-2025
URGENT: The elite plan nobody is talking about nobody wants you to see,This secret government plot is being suppressed by the elites -- click to see the forbidden photos! This shocking conspiracy is being suppressed by the elites -- click to see the forbidden photos! This hidden truth about the vaccine is being suppressed by the elites -- click to see the forbidden photos! This secret recording leaked online is being suppressed by the elites -- click to see the forbidden photos! This massive cover-up is being suppressed by the elites -- click to see the forbidden photos! This massive cover-up is being suppressed by the elites -- click to see the forbidden photos!,News,5-May-2025
SHOCKING: The massive cover-up nobody wants you to see,"SHOCKING: Anonymous source claims secret recording leaked online, and the mainstream media refuses to cover it. SHOCKING: Anonymous source claims elite plan nobody is talking about, and the mainstream media refuses to cover it. SHOCKING: Anonymous source claims celebrity scandal cover-up, and the mainstream media refuses to cover it. SHOCKING: Anonymous source claims hidden truth about the vaccine, and the mainstream media refuses to cover it. SHOCKING: Anonymous source claims hidden truth about the vaccine, and the mainstream media refuses to cover it. SHOCKING: Anonymous source claims secret deal exposed, and the mainstream media refuses to cover it.",politics,20-Feb-2025
LEAKED: The insider reveals shocking secret nobody wants you to see,Experts are stunned after the massive cover-up was leaked; the truth they don't want you to see. Experts are stunned after the insider reveals shocking secret was leaked; the truth they don't want you to see. Experts are stunned after the secret government plot was leaked; the truth they don't want you to see. Experts are stunned after the hidden agenda was leaked; the truth they don't want you to see. Experts are stunned after the secret deal exposed was leaked; the truth they don't want you to see. Experts are stunned after the miracle cure being hidden from the public was leaked; the truth they don't want you to see.,left-news,8-Jun-2025
EXCLUSIVE: The hidden agenda nobody wants you to see,"EXCLUSIVE -- Doctors HATE this elite plan nobody is talking about, share before it gets deleted! EXCLUSIVE -- Doctors HATE this hidden agenda, share before it gets deleted! EXCLUSIVE -- Doctors HATE this celebrity scandal cover-up, share before it gets deleted! EXCLUSIVE -- Doctors HATE this miracle cure being hidden from the public, share before it gets deleted! EXCLUSIVE -- Doctors HATE this massive cover-up, share before it gets deleted! EXCLUSIVE -- Doctors HATE this secret government plot, share before it gets deleted!",politics,3-Aug-2025
SHOCKING: The banned study reveals the truth nobody wants you to see,This celebrity scandal cover-up is being suppressed by the elites -- click to see the forbidden photos! This shocking conspiracy is being suppressed by the elites -- click to see the forbidden photos! This massive cover-up is being suppressed by the elites -- click to see the forbidden photos! This banned study reveals the truth is being suppressed by the elites -- click to see the forbidden photos! This insider reveals shocking secret is being suppressed by the elites -- click to see the forbidden photos! This elite plan nobody is talking about is being suppressed by the elites -- click to see the forbidden photos!,conspiracy,25-Jun-2025
BREAKING: The miracle cure being hidden from the public nobody wants you to see,Experts are stunned after the elite plan nobody is talking about was leaked; the truth they don't want you to see. Experts are stunned after the secret recording leaked online was leaked; the truth they don't want you to see. Experts are stunned after the celebrity scandal cover-up was leaked; the truth they don't want you to see. Experts are stunned after the shocking conspiracy was leaked; the truth they don't want you to see. Experts are stunned after the insider reveals shocking secret was leaked; the truth they don't want you to see. Experts are stunned after the secret government plot was leaked; the truth they don't want you to see.,left-news,13-Dec-2025
You Won't Believe: The secret government plot nobody wants you to see,You won't believe what was just found about the secret government plot; wake up before it's too late! You won't believe what was just found about the secret recording leaked online; wake up before it's too late! You won't believe what was just found about the hidden truth about the vaccine; wake up before it's too late! You won't believe what was just found about the miracle cure being hidden from the public; wake up before it's too late! You won't believe what was just found about the massive cover-up; wake up before it's too late! You won't believe what was just found about the banned study reveals the truth; wake up before it's too late!,News,4-Sep-2025
LEAKED: The secret government plot nobody wants you to see,This hidden agenda is being suppressed by the elites -- click to see the forbidden photos! This secret recording leaked online is being suppressed by the elites -- click to see the forbidden photos! This shocking conspiracy is being suppressed by the elites -- click to see the forbidden photos! This massive cover-up is being suppressed by the elites -- click to see the forbidden photos! This shocking conspiracy is being suppressed by the elites -- click to see the forbidden photos! This shocking conspiracy is being suppressed by the elites -- click to see the forbidden photos!,conspiracy,9-Sep-2025
URGENT: The banned study reveals the truth nobody wants you to see,"URGENT!!! The miracle cure being hidden from the public exposed by a whistleblower, share this NOW before they take it down! URGENT!!! The hidden agenda exposed by a whistleblower, share this NOW before they take it down! URGENT!!! The celebrity scandal cover-up exposed by a whistleblower, share this NOW before they take it down! URGENT!!! The celebrity scandal cover-up exposed by a whistleblower, share this NOW before they take it down! URGENT!!! The hidden agenda exposed by a whistleblower, share this NOW before they take it down! URGENT!!! The miracle cure being hidden from the public exposed by a whistleblower, share this NOW before they take it down!",News,20-Sep-2025
You Won't Believe: The shocking conspiracy nobody wants you to see,This massive cover-up is being suppressed by the elites -- click to see the forbidden photos! This elite plan nobody is talking about is being suppressed by the elites -- click to see the forbidden photos! This massive cover-up is being suppressed by the elites -- click to see the forbidden photos! This hidden agenda is being suppressed by the elites -- click to see the forbidden photos! This celebrity scandal cover-up is being suppressed by the elites -- click to see the forbidden photos! This insider reveals shocking secret is being suppressed by the elites -- click to see the forbidden photos!,conspiracy,19-Apr-2025
BREAKING: The miracle cure being hidden from the public nobody wants you to see,You won't believe what was just found about the hidden truth about the vaccine; wake up before it's too late! You won't believe what was just found about the massive cover-up; wake up before it's too late! You won't believe what was just found about the elite plan nobody is talking about; wake up before it's too late! You won't believe what was just found about the banned study reveals the truth; wake up before it's too late! You won't believe what was just found about the secret government plot; wake up before it's too late! You won't believe what was just found about the celebrity scandal cover-up; wake up before it's too late!,News,16-Nov-2025
SHOCKING: The miracle cure being hidden from the public nobody wants you to see,"SHOCKING: Anonymous source claims secret government plot, and the mainstream media refuses to cover it. SHOCKING: Anonymous source claims miracle cure being hidden from the public, and the mainstream media refuses to cover it. SHOCKING: Anonymous source claims secret deal exposed, and the mainstream media refuses to cover it. SHOCKING: Anonymous source claims secret deal exposed, and the mainstream media refuses to cover it. SHOCKING: Anonymous source claims celebrity scandal cover-up, and the mainstream media refuses to cover it. SHOCKING: Anonymous source claims insider reveals shocking secret, and the mainstream media refuses to cover it.",Government News,19-Nov-2025
EXCLUSIVE: The hidden truth about the vaccine nobody wants you to see,You won't believe what was just found about the hidden agenda; wake up before it's too late! You won't believe what was just found about the massive cover-up; wake up before it's too late! You won't believe what was just found about the shocking conspiracy; wake up before it's too late! You won't believe what was just found about the insider reveals shocking secret; wake up before it's too late! You won't believe what was just found about the secret recording leaked online; wake up before it's too late! You won't believe what was just found about the elite plan nobody is talking about; wake up before it's too late!,News,25-Aug-2025
BREAKING: The miracle cure being hidden from the public nobody wants you to see,Experts are stunned after the insider reveals shocking secret was leaked; the truth they don't want you to see. Experts are stunned after the banned study reveals the truth was leaked; the truth they don't want you to see. Experts are stunned after the miracle cure being hidden from the public was leaked; the truth they don't want you to see. Experts are stunned after the banned study reveals the truth was leaked; the truth they don't want you to see. Experts are stunned after the hidden agenda was leaked; the truth they don't want you to see. Experts are stunned after the secret recording leaked online was leaked; the truth they don't want you to see.,left-news,16-Apr-2025
EXPOSED: The celebrity scandal cover-up nobody wants you to see,Experts are stunned after the hidden truth about the vaccine was leaked; the truth they don't want you to see. Experts are stunned after the hidden agenda was leaked; the truth they don't want you to see. Experts are stunned after the massive cover-up was leaked; the truth they don't want you to see. Experts are stunned after the secret deal exposed was leaked; the truth they don't want you to see. Experts are stunned after the celebrity scandal cover-up was leaked; the truth they don't want you to see. Experts are stunned after the insider reveals shocking secret was leaked; the truth they don't want you to see.,conspiracy,26-Jun-2025
EXCLUSIVE: The banned study reveals the truth nobody wants you to see,EXCLUSIVE: Insiders reveal the miracle cure being hidden from the public that will change everything you thought you knew!!! EXCLUSIVE: Insiders reveal the banned study reveals the truth that will change everything you thought you knew!!! EXCLUSIVE: Insiders reveal the miracle cure being hidden from the public that will change everything you thought you knew!!! EXCLUSIVE: Insiders reveal the massive cover-up that will change everything you thought you knew!!! EXCLUSIVE: Insiders reveal the banned study reveals the truth that will change everything you thought you knew!!! EXCLUSIVE: Insiders reveal the banned study reveals the truth that will change everything you thought you knew!!!,politics,10-Jun-2025
BREAKING: The elite plan nobody is talking about nobody wants you to see,BREAKING: Insiders reveal the secret deal exposed that will change everything you thought you knew!!! BREAKING: Insiders reveal the insider reveals shocking secret that will change everything you thought you knew!!! BREAKING: Insiders reveal the miracle cure being hidden from the public that will change everything you thought you knew!!! BREAKING: Insiders reveal the massive cover-up that will change everything you thought you knew!!! BREAKING: Insiders reveal the elite plan nobody is talking about that will change everything you thought you knew!!! BREAKING: Insiders reveal the secret recording leaked online that will change everything you thought you knew!!!,News,26-May-2025
EXCLUSIVE: The secret deal exposed nobody wants you to see,This secret deal exposed is being suppressed by the elites -- click to see the forbidden photos! This shocking conspiracy is being suppressed by the elites -- click to see the forbidden photos! This hidden truth about the vaccine is being suppressed by the elites -- click to see the forbidden photos! This shocking conspiracy is being suppressed by the elites -- click to see the forbidden photos! This elite plan nobody is talking about is being suppressed by the elites -- click to see the forbidden photos! This celebrity scandal cover-up is being suppressed by the elites -- click to see the forbidden photos!,left-news,13-Feb-2025
URGENT: The shocking conspiracy nobody wants you to see,Experts are stunned after the insider reveals shocking secret was leaked; the truth they don't want you to see. Experts are stunned after the hidden truth about the vaccine was leaked; the truth they don't want you to see. Experts are stunned after the secret deal exposed was leaked; the truth they don't want you to see. Experts are stunned after the secret deal exposed was leaked; the truth they don't want you to see. Experts are stunned after the hidden truth about the vaccine was leaked; the truth they don't want you to see. Experts are stunned after the massive cover-up was leaked; the truth they don't want you to see.,Government News,23-Apr-2025
BREAKING: The secret recording leaked online nobody wants you to see,"BREAKING!!! The miracle cure being hidden from the public exposed by a whistleblower, share this NOW before they take it down! BREAKING!!! The insider reveals shocking secret exposed by a whistleblower, share this NOW before they take it down! BREAKING!!! The insider reveals shocking secret exposed by a whistleblower, share this NOW before they take it down! BREAKING!!! The hidden truth about the vaccine exposed by a whistleblower, share this NOW before they take it down! BREAKING!!! The banned study reveals the truth exposed by a whistleblower, share this NOW before they take it down! BREAKING!!! The miracle cure being hidden from the public exposed by a whistleblower, share this NOW before they take it down!",Government News,20-Aug-2025
URGENT: The elite plan nobody is talking about nobody wants you to see,URGENT: Insiders reveal the banned study reveals the truth that will change everything you thought you knew!!! URGENT: Insiders reveal the celebrity scandal cover-up that will change everything you thought you knew!!! URGENT: Insiders reveal the hidden agenda that will change everything you thought you knew!!! URGENT: Insiders reveal the secret deal exposed that will change everything you thought you knew!!! URGENT: Insiders reveal the miracle cure being hidden from the public that will change everything you thought you knew!!! URGENT: Insiders reveal the hidden truth about the vaccine that will change everything you thought you knew!!!,News,22-Oct-2025
Mainstream Media Won't Tell You: The massive cover-up nobody wants you to see,"Mainstream Media Won't Tell You: Anonymous source claims secret recording leaked online, and the mainstream media refuses to cover it. Mainstream Media Won't Tell You: Anonymous source claims secret recording leaked online, and the mainstream media refuses to cover it. Mainstream Media Won't Tell You: Anonymous source claims secret government plot, and the mainstream media refuses to cover it. Mainstream Media Won't Tell You: Anonymous source claims miracle cure being hidden from the public, and the mainstream media refuses to cover it. Mainstream Media Won't Tell You: Anonymous source claims shocking conspiracy, and the mainstream media refuses to cover it. Mainstream Media Won't Tell You: Anonymous source claims celebrity scandal cover-up, and the mainstream media refuses to cover it.",Government News,25-Nov-2025
SHOCKING: The celebrity scandal cover-up nobody wants you to see,"SHOCKING!!! The celebrity scandal cover-up exposed by a whistleblower, share this NOW before they take it down! SHOCKING!!! The banned study reveals the truth exposed by a whistleblower, share this NOW before they take it down! SHOCKING!!! The elite plan nobody is talking about exposed by a whistleblower, share this NOW before they take it down! SHOCKING!!! The hidden agenda exposed by a whistleblower, share this NOW before they take it down! SHOCKING!!! The secret deal exposed exposed by a whistleblower, share this NOW before they take it down! SHOCKING!!! The hidden truth about the vaccine exposed by a whistleblower, share this NOW before they take it down!",Government News,15-Apr-2025
EXPOSED: The secret recording leaked online nobody wants you to see,You won't believe what was just found about the hidden agenda; wake up before it's too late! You won't believe what was just found about the hidden truth about the vaccine; wake up before it's too late! You won't believe what was just found about the secret recording leaked online; wake up before it's too late! You won't believe what was just found about the hidden agenda; wake up before it's too late! You won't believe what was just found about the secret deal exposed; wake up before it's too late! You won't believe what was just found about the insider reveals shocking secret; wake up before it's too late!,conspiracy,3-Oct-2025
SHOCKING: The hidden truth about the vaccine nobody wants you to see,This secret deal exposed is being suppressed by the elites -- click to see the forbidden photos! This celebrity scandal cover-up is being suppressed by the elites -- click to see the forbidden photos! This hidden agenda is being suppressed by the elites -- click to see the forbidden photos! This secret government plot is being suppressed by the elites -- click to see the forbidden photos! This massive cover-up is being suppressed by the elites -- click to see the forbidden photos! This elite plan nobody is talking about is being suppressed by the elites -- click to see the forbidden photos!,News,1-Dec-2025
URGENT: The miracle cure being hidden from the public nobody wants you to see,Experts are stunned after the hidden agenda was leaked; the truth they don't want you to see. Experts are stunned after the secret government plot was leaked; the truth they don't want you to see. Experts are stunned after the shocking conspiracy was leaked; the truth they don't want you to see. Experts are stunned after the secret deal exposed was leaked; the truth they don't want you to see. Experts are stunned after the insider reveals shocking secret was leaked; the truth they don't want you to see. Experts are stunned after the hidden truth about the vaccine was leaked; the truth they don't want you to see.,left-news,21-Jun-2025
Mainstream Media Won't Tell You: The secret deal exposed nobody wants you to see,"Mainstream Media Won't Tell You: Anonymous source claims secret deal exposed, and the mainstream media refuses to cover it. Mainstream Media Won't Tell You: Anonymous source claims elite plan nobody is talking about, and the mainstream media refuses to cover it. Mainstream Media Won't Tell You: Anonymous source claims shocking conspiracy, and the mainstream media refuses to cover it. Mainstream Media Won't Tell You: Anonymous source claims secret recording leaked online, and the mainstream media refuses to cover it. Mainstream Media Won't Tell You: Anonymous source claims celebrity scandal cover-up, and the mainstream media refuses to cover it. Mainstream Media Won't Tell You: Anonymous source claims banned study reveals the truth, and the mainstream media refuses to cover it.",politics,7-Sep-2025
Mainstream Media Won't Tell You: The massive cover-up nobody wants you to see,Experts are stunned after the secret deal exposed was leaked; the truth they don't want you to see. Experts are stunned after the celebrity scandal cover-up was leaked; the truth they don't want you to see. Experts are stunned after the hidden agenda was leaked; the truth they don't want you to see. Experts are stunned after the secret recording leaked online was leaked; the truth they don't want you to see. Experts are stunned after the celebrity scandal cover-up was leaked; the truth they don't want you to see. Experts are stunned after the celebrity scandal cover-up was leaked; the truth they don't want you to see.,News,3-Nov-2025
SHOCKING: The celebrity scandal cover-up nobody wants you to see,"SHOCKING!!! The banned study reveals the truth exposed by a whistleblower, share this NOW before they take it down! SHOCKING!!! The secret recording leaked online exposed by a whistleblower, share this NOW before they take it down! SHOCKING!!! The secret deal exposed exposed by a whistleblower, share this NOW before they take it down! SHOCKING!!! The celebrity scandal cover-up exposed by a whistleblower, share this NOW before they take it down! SHOCKING!!! The miracle cure being hidden from the public exposed by a whistleblower, share this NOW before they take it down! SHOCKING!!! The celebrity scandal cover-up exposed by a whistleblower, share this NOW before they take it down!",left-news,28-Aug-2025
Mainstream Media Won't Tell You: The hidden truth about the vaccine nobody wants you to see,"Mainstream Media Won't Tell You -- Doctors HATE this banned study reveals the truth, share before it gets deleted! Mainstream Media Won't Tell You -- Doctors HATE this elite plan nobody is talking about, share before it gets deleted! Mainstream Media Won't Tell You -- Doctors HATE this secret deal exposed, share before it gets deleted! Mainstream Media Won't Tell You -- Doctors HATE this elite plan nobody is talking about, share before it gets deleted! Mainstream Media Won't Tell You -- Doctors HATE this banned study reveals the truth, share before it gets deleted! Mainstream Media Won't Tell You -- Doctors HATE this secret deal exposed, share before it gets deleted!",conspiracy,8-Mar-2025
Mainstream Media Won't Tell You: The hidden truth about the vaccine nobody wants you to see,Mainstream Media Won't Tell You: Insiders reveal the hidden truth about the vaccine that will change everything you thought you knew!!! Mainstream Media Won't Tell You: Insiders reveal the banned study reveals the truth that will change everything you thought you knew!!! Mainstream Media Won't Tell You: Insiders reveal the insider reveals shocking secret that will change everything you thought you knew!!! Mainstream Media Won't Tell You: Insiders reveal the shocking conspiracy that will change everything you thought you knew!!! Mainstream Media Won't Tell You: Insiders reveal the insider reveals shocking secret that will change everything you thought you knew!!! Mainstream Media Won't Tell You: Insiders reveal the elite plan nobody is talking about that will change everything you thought you knew!!!,conspiracy,14-Sep-2025
URGENT: The secret government plot nobody wants you to see,URGENT: Insiders reveal the hidden truth about the vaccine that will change everything you thought you knew!!! URGENT: Insiders reveal the banned study reveals the truth that will change everything you thought you knew!!! URGENT: Insiders reveal the insider reveals shocking secret that will change everything you thought you knew!!! URGENT: Insiders reveal the massive cover-up that will change everything you thought you knew!!! URGENT: Insiders reveal the miracle cure being hidden from the public that will change everything you thought you knew!!! URGENT: Insiders reveal the hidden truth about the vaccine that will change everything you thought you knew!!!,left-news,23-Feb-2025
BREAKING: The insider reveals shocking secret nobody wants you to see,"BREAKING!!! The elite plan nobody is talking about exposed by a whistleblower, share this NOW before they take it down! BREAKING!!! The hidden agenda exposed by a whistleblower, share this NOW before they take it down! BREAKING!!! The banned study reveals the truth exposed by a whistleblower, share this NOW before they take it down! BREAKING!!! The elite plan nobody is talking about exposed by a whistleblower, share this NOW before they take it down! BREAKING!!! The miracle cure being hidden from the public exposed by a whistleblower, share this NOW before they take it down! BREAKING!!! The elite plan nobody is talking about exposed by a whistleblower, share this NOW before they take it down!",Government News,3-Apr-2025
EXCLUSIVE: The secret recording leaked online nobody wants you to see,"EXCLUSIVE!!! The secret recording leaked online exposed by a whistleblower, share this NOW before they take it down! EXCLUSIVE!!! The secret recording leaked online exposed by a whistleblower, share this NOW before they take it down! EXCLUSIVE!!! The miracle cure being hidden from the public exposed by a whistleblower, share this NOW before they take it down! EXCLUSIVE!!! The secret recording leaked online exposed by a whistleblower, share this NOW before they take it down! EXCLUSIVE!!! The secret recording leaked online exposed by a whistleblower, share this NOW before they take it down! EXCLUSIVE!!! The elite plan nobody is talking about exposed by a whistleblower, share this NOW before they take it down!",Government News,10-Oct-2025
SHOCKING: The massive cover-up nobody wants you to see,This secret government plot is being suppressed by the elites -- click to see the forbidden photos! This banned study reveals the truth is being suppressed by the elites -- click to see the forbidden photos! This banned study reveals the truth is being suppressed by the elites -- click to see the forbidden photos! This elite plan nobody is talking about is being suppressed by the elites -- click to see the forbidden photos! This banned study reveals the truth is being suppressed by the elites -- click to see the forbidden photos! This hidden truth about the vaccine is being suppressed by the elites -- click to see the forbidden photos!,conspiracy,14-Jun-2025
LEAKED: The hidden agenda nobody wants you to see,"LEAKED -- Doctors HATE this secret government plot, share before it gets deleted! LEAKED -- Doctors HATE this insider reveals shocking secret, share before it gets deleted! LEAKED -- Doctors HATE this hidden truth about the vaccine, share before it gets deleted! LEAKED -- Doctors HATE this insider reveals shocking secret, share before it gets deleted! LEAKED -- Doctors HATE this hidden agenda, share before it gets deleted! LEAKED -- Doctors HATE this insider reveals shocking secret, share before it gets deleted!",Government News,9-Jan-2025
EXCLUSIVE: The hidden truth about the vaccine nobody wants you to see,"EXCLUSIVE -- Doctors HATE this hidden truth about the vaccine, share before it gets deleted! EXCLUSIVE -- Doctors HATE this secret government plot, share before it gets deleted! EXCLUSIVE -- Doctors HATE this secret recording leaked online, share before it gets deleted! EXCLUSIVE -- Doctors HATE this hidden agenda, share before it gets deleted! EXCLUSIVE -- Doctors HATE this insider reveals shocking secret, share before it gets deleted! EXCLUSIVE -- Doctors HATE this hidden truth about the vaccine, share before it gets deleted!",News,10-Aug-2025
You Won't Believe: The celebrity scandal cover-up nobody wants you to see,This miracle cure being hidden from the public is being suppressed by the elites -- click to see the forbidden photos! This hidden agenda is being suppressed by the elites -- click to see the forbidden photos! This hidden agenda is being suppressed by the elites -- click to see the forbidden photos! This celebrity scandal cover-up is being suppressed by the elites -- click to see the forbidden photos! This hidden truth about the vaccine is being suppressed by the elites -- click to see the forbidden photos! This hidden agenda is being suppressed by the elites -- click to see the forbidden photos!,conspiracy,28-May-2025
SHOCKING: The insider reveals shocking secret nobody wants you to see,SHOCKING: Insiders reveal the hidden truth about the vaccine that will change everything you thought you knew!!! SHOCKING: Insiders reveal the celebrity scandal cover-up that will change everything you thought you knew!!! SHOCKING: Insiders reveal the hidden truth about the vaccine that will change everything you thought you knew!!! SHOCKING: Insiders reveal the insider reveals shocking secret that will change everything you thought you knew!!! SHOCKING: Insiders reveal the celebrity scandal cover-up that will change everything you thought you knew!!! SHOCKING: Insiders reveal the secret recording leaked online that will change everything you thought you knew!!!,left-news,12-Mar-2025
LEAKED: The insider reveals shocking secret nobody wants you to see,"LEAKED -- Doctors HATE this banned study reveals the truth, share before it gets deleted! LEAKED -- Doctors HATE this celebrity scandal cover-up, share before it gets deleted! LEAKED -- Doctors HATE this elite plan nobody is talking about, share before it gets deleted! LEAKED -- Doctors HATE this secret government plot, share before it gets deleted! LEAKED -- Doctors HATE this massive cover-up, share before it gets deleted! LEAKED -- Doctors HATE this miracle cure being hidden from the public, share before it gets deleted!",politics,20-Mar-2025
EXCLUSIVE: The secret deal exposed nobody wants you to see,Experts are stunned after the secret deal exposed was leaked; the truth they don't want you to see. Experts are stunned after the shocking conspiracy was leaked; the truth they don't want you to see. Experts are stunned after the secret recording leaked online was leaked; the truth they don't want you to see. Experts are stunned after the banned study reveals the truth was leaked; the truth they don't want you to see. Experts are stunned after the insider reveals shocking secret was leaked; the truth they don't want you to see. Experts are stunned after the secret recording leaked online was leaked; the truth they don't want you to see.,politics,7-Oct-2025
URGENT: The secret government plot nobody wants you to see,"URGENT!!! The hidden agenda exposed by a whistleblower, share this NOW before they take it down! URGENT!!! The miracle cure being hidden from the public exposed by a whistleblower, share this NOW before they take it down! URGENT!!! The secret government plot exposed by a whistleblower, share this NOW before they take it down! URGENT!!! The celebrity scandal cover-up exposed by a whistleblower, share this NOW before they take it down! URGENT!!! The banned study reveals the truth exposed by a whistleblower, share this NOW before they take it down! URGENT!!! The secret deal exposed exposed by a whistleblower, share this NOW before they take it down!",left-news,10-Aug-2025
EXPOSED: The secret deal exposed nobody wants you to see,"EXPOSED!!! The insider reveals shocking secret exposed by a whistleblower, share this NOW before they take it down! EXPOSED!!! The secret deal exposed exposed by a whistleblower, share this NOW before they take it down! EXPOSED!!! The banned study reveals the truth exposed by a whistleblower, share this NOW before they take it down! EXPOSED!!! The hidden agenda exposed by a whistleblower, share this NOW before they take it down! EXPOSED!!! The celebrity scandal cover-up exposed by a whistleblower, share this NOW before they take it down! EXPOSED!!! The elite plan nobody is talking about exposed by a whistleblower, share this NOW before they take it down!",left-news,1-May-2025
EXCLUSIVE: The secret deal exposed nobody wants you to see,"EXCLUSIVE!!! The massive cover-up exposed by a whistleblower, share this NOW before they take it down! EXCLUSIVE!!! The elite plan nobody is talking about exposed by a whistleblower, share this NOW before they take it down! EXCLUSIVE!!! The secret recording leaked online exposed by a whistleblower, share this NOW before they take it down! EXCLUSIVE!!! The secret government plot exposed by a whistleblower, share this NOW before they take it down! EXCLUSIVE!!! The miracle cure being hidden from the public exposed by a whistleblower, share this NOW before they take it down! EXCLUSIVE!!! The elite plan nobody is talking about exposed by a whistleblower, share this NOW before they take it down!",conspiracy,28-Jul-2025
LEAKED: The massive cover-up nobody wants you to see,You won't believe what was just found about the hidden agenda; wake up before it's too late! You won't believe what was just found about the miracle cure being hidden from the public; wake up before it's too late! You won't believe what was just found about the hidden agenda; wake up before it's too late! You won't believe what was just found about the secret recording leaked online; wake up before it's too late! You won't believe what was just found about the hidden truth about the vaccine; wake up before it's too late! You won't believe what was just found about the secret deal exposed; wake up before it's too late!,left-news,25-Nov-2025
EXPOSED: The insider reveals shocking secret nobody wants you to see,"EXPOSED!!! The hidden truth about the vaccine exposed by a whistleblower, share this NOW before they take it down! EXPOSED!!! The shocking conspiracy exposed by a whistleblower, share this NOW before they take it down! EXPOSED!!! The elite plan nobody is talking about exposed by a whistleblower, share this NOW before they take it down! EXPOSED!!! The massive cover-up exposed by a whistleblower, share this NOW before they take it down! EXPOSED!!! The secret recording leaked online exposed by a whistleblower, share this NOW before they take it down! EXPOSED!!! The insider reveals shocking secret exposed by a whistleblower, share this NOW before they take it down!",politics,11-Sep-2025
SHOCKING: The secret recording leaked online nobody wants you to see,SHOCKING: Insiders reveal the miracle cure being hidden from the public that will change everything you thought you knew!!! SHOCKING: Insiders reveal the secret government plot that will change everything you thought you knew!!! SHOCKING: Insiders reveal the secret deal exposed that will change everything you thought you knew!!! SHOCKING: Insiders reveal the miracle cure being hidden from the public that will change everything you thought you knew!!! SHOCKING: Insiders reveal the elite plan nobody is talking about that will change everything you thought you knew!!! SHOCKING: Insiders reveal the miracle cure being hidden from the public that will change everything you thought you knew!!!,left-news,12-Apr-2025
LEAKED: The hidden agenda nobody wants you to see,"LEAKED -- Doctors HATE this secret government plot, share before it gets deleted! LEAKED -- Doctors HATE this secret government plot, share before it gets deleted! LEAKED -- Doctors HATE this hidden truth about the vaccine, share before it gets deleted! LEAKED -- Doctors HATE this miracle cure being hidden from the public, share before it gets deleted! LEAKED -- Doctors HATE this secret government plot, share before it gets deleted! LEAKED -- Doctors HATE this hidden truth about the vaccine, share before it gets deleted!",politics,20-Nov-2025
You Won't Believe: The insider reveals shocking secret nobody wants you to see,You Won't Believe: Insiders reveal the miracle cure being hidden from the public that will change everything you thought you knew!!! You Won't Believe: Insiders reveal the hidden truth about the vaccine that will change everything you thought you knew!!! You Won't Believe: Insiders reveal the celebrity scandal cover-up that will change everything you thought you knew!!! You Won't Believe: Insiders reveal the secret deal exposed that will change everything you thought you knew!!! You Won't Believe: Insiders reveal the secret recording leaked online that will change everything you thought you knew!!! You Won't Believe: Insiders reveal the secret recording leaked online that will change everything you thought you knew!!!,Government News,26-Mar-2025
You Won't Believe: The insider reveals shocking secret nobody wants you to see,"You Won't Believe -- Doctors HATE this hidden agenda, share before it gets deleted! You Won't Believe -- Doctors HATE this hidden agenda, share before it gets deleted! You Won't Believe -- Doctors HATE this banned study reveals the truth, share before it gets deleted! You Won't Believe -- Doctors HATE this secret recording leaked online, share before it gets deleted! You Won't Believe -- Doctors HATE this miracle cure being hidden from the public, share before it gets deleted! You Won't Believe -- Doctors HATE this secret recording leaked online, share before it gets deleted!",left-news,9-Jul-2025
URGENT: The hidden agenda nobody wants you to see,"URGENT -- Doctors HATE this miracle cure being hidden from the public, share before it gets deleted! URGENT -- Doctors HATE this hidden agenda, share before it gets deleted! URGENT -- Doctors HATE this secret government plot, share before it gets deleted! URGENT -- Doctors HATE this secret deal exposed, share before it gets deleted! URGENT -- Doctors HATE this secret deal exposed, share before it gets deleted! URGENT -- Doctors HATE this massive cover-up, share before it gets deleted!",News,9-May-2025
BREAKING: The banned study reveals the truth nobody wants you to see,BREAKING: Insiders reveal the banned study reveals the truth that will change everything you thought you knew!!! BREAKING: Insiders reveal the shocking conspiracy that will change everything you thought you knew!!! BREAKING: Insiders reveal the hidden truth about the vaccine that will change everything you thought you knew!!! BREAKING: Insiders reveal the secret deal exposed that will change everything you thought you knew!!! BREAKING: Insiders reveal the celebrity scandal cover-up that will change everything you thought you knew!!! BREAKING: Insiders reveal the secret recording leaked online that will change everything you thought you knew!!!,left-news,4-Mar-2025
Mainstream Media Won't Tell You: The shocking conspiracy nobody wants you to see,This secret recording leaked online is being suppressed by the elites -- click to see the forbidden photos! This miracle cure being hidden from the public is being suppressed by the elites -- click to see the forbidden photos! This banned study reveals the truth is being suppressed by the elites -- click to see the forbidden photos! This insider reveals shocking secret is being suppressed by the elites -- click to see the forbidden photos! This hidden agenda is being suppressed by the elites -- click to see the forbidden photos! This miracle cure being hidden from the public is being suppressed by the elites -- click to see the forbidden photos!,News,3-Feb-2025
LEAKED: The banned study reveals the truth nobody wants you to see,LEAKED: Insiders reveal the banned study reveals the truth that will change everything you thought you knew!!! LEAKED: Insiders reveal the celebrity scandal cover-up that will change everything you thought you knew!!! LEAKED: Insiders reveal the secret recording leaked online that will change everything you thought you knew!!! LEAKED: Insiders reveal the secret recording leaked online that will change everything you thought you knew!!! LEAKED: Insiders reveal the secret government plot that will change everything you thought you knew!!! LEAKED: Insiders reveal the secret government plot that will change everything you thought you knew!!!,left-news,9-Mar-2025
URGENT: The secret deal exposed nobody wants you to see,This secret government plot is being suppressed by the elites -- click to see the forbidden photos! This elite plan nobody is talking about is being suppressed by the elites -- click to see the forbidden photos! This insider reveals shocking secret is being suppressed by the elites -- click to see the forbidden photos! This banned study reveals the truth is being suppressed by the elites -- click to see the forbidden photos! This banned study reveals the truth is being suppressed by the elites -- click to see the forbidden photos! This secret deal exposed is being suppressed by the elites -- click to see the forbidden photos!,left-news,28-Dec-2025
You Won't Believe: The elite plan nobody is talking about nobody wants you to see,"You Won't Believe -- Doctors HATE this secret government plot, share before it gets deleted! You Won't Believe -- Doctors HATE this secret deal exposed, share before it gets deleted! You Won't Believe -- Doctors HATE this insider reveals shocking secret, share before it gets deleted! You Won't Believe -- Doctors HATE this banned study reveals the truth, share before it gets deleted! You Won't Believe -- Doctors HATE this miracle cure being hidden from the public, share before it gets deleted! You Won't Believe -- Doctors HATE this hidden truth about the vaccine, share before it gets deleted!",Government News,12-Jun-2025
LEAKED: The secret deal exposed nobody wants you to see,LEAKED: Insiders reveal the secret recording leaked online that will change everything you thought you knew!!! LEAKED: Insiders reveal the secret recording leaked online that will change everything you thought you knew!!! LEAKED: Insiders reveal the miracle cure being hidden from the public that will change everything you thought you knew!!! LEAKED: Insiders reveal the massive cover-up that will change everything you thought you knew!!! LEAKED: Insiders reveal the elite plan nobody is talking about that will change everything you thought you knew!!! LEAKED: Insiders reveal the massive cover-up that will change everything you thought you knew!!!,News,27-Aug-2025
LEAKED: The secret recording leaked online nobody wants you to see,"LEAKED -- Doctors HATE this celebrity scandal cover-up, share before it gets deleted! LEAKED -- Doctors HATE this elite plan nobody is talking about, share before it gets deleted! LEAKED -- Doctors HATE this secret government plot, share before it gets deleted! LEAKED -- Doctors HATE this secret deal exposed, share before it gets deleted! LEAKED -- Doctors HATE this secret recording leaked online, share before it gets deleted! LEAKED -- Doctors HATE this shocking conspiracy, share before it gets deleted!",conspiracy,23-Jul-2025
You Won't Believe: The secret recording leaked online nobody wants you to see,"You Won't Believe!!! The massive cover-up exposed by a whistleblower, share this NOW before they take it down! You Won't Believe!!! The banned study reveals the truth exposed by a whistleblower, share this NOW before they take it down! You Won't Believe!!! The miracle cure being hidden from the public exposed by a whistleblower, share this NOW before they take it down! You Won't Believe!!! The secret recording leaked online exposed by a whistleblower, share this NOW before they take it down! You Won't Believe!!! The banned study reveals the truth exposed by a whistleblower, share this NOW before they take it down! You Won't Believe!!! The insider reveals shocking secret exposed by a whistleblower, share this NOW before they take it down!",politics,5-Jan-2025
EXPOSED: The secret government plot nobody wants you to see,"EXPOSED!!! The hidden truth about the vaccine exposed by a whistleblower, share this NOW before they take it down! EXPOSED!!! The shocking conspiracy exposed by a whistleblower, share this NOW before they take it down! EXPOSED!!! The banned study reveals the truth exposed by a whistleblower, share this NOW before they take it down! EXPOSED!!! The secret deal exposed exposed by a whistleblower, share this NOW before they take it down! EXPOSED!!! The miracle cure being hidden from the public exposed by a whistleblower, share this NOW before they take it down! EXPOSED!!! The elite plan nobody is talking about exposed by a whistleblower, share this NOW before they take it down!",conspiracy,16-Sep-2025
EXCLUSIVE: The secret government plot nobody wants you to see,EXCLUSIVE: Insiders reveal the massive cover-up that will change everything you thought you knew!!! EXCLUSIVE: Insiders reveal the secret government plot that will change everything you thought you knew!!! EXCLUSIVE: Insiders reveal the massive cover-up that will change everything you thought you knew!!! EXCLUSIVE: Insiders reveal the insider reveals shocking secret that will change everything you thought you knew!!! EXCLUSIVE: Insiders reveal the secret government plot that will change everything you thought you knew!!! EXCLUSIVE: Insiders reveal the secret deal exposed that will change everything you thought you knew!!!,News,7-Nov-2025
EXCLUSIVE: The secret recording leaked online nobody wants you to see,Experts are stunned after the elite plan nobody is talking about was leaked; the truth they don't want you to see. Experts are stunned after the celebrity scandal cover-up was leaked; the truth they don't want you to see. Experts are stunned after the insider reveals shocking secret was leaked; the truth they don't want you to see. Experts are stunned after the hidden truth about the vaccine was leaked; the truth they don't want you to see. Experts are stunned after the shocking conspiracy was leaked; the truth they don't want you to see. Experts are stunned after the miracle cure being hidden from the public was leaked; the truth they don't want you to see.,News,24-Mar-2025
EXCLUSIVE: The secret recording leaked online nobody wants you to see,EXCLUSIVE: Insiders reveal the banned study reveals the truth that will change everything you thought you knew!!! EXCLUSIVE: Insiders reveal the hidden truth about the vaccine that will change everything you thought you knew!!! EXCLUSIVE: Insiders reveal the secret government plot that will change everything you thought you knew!!! EXCLUSIVE: Insiders reveal the shocking conspiracy that will change everything you thought you knew!!! EXCLUSIVE: Insiders reveal the insider reveals shocking secret that will change everything you thought you knew!!! EXCLUSIVE: Insiders reveal the secret recording leaked online that will change everything you thought you knew!!!,politics,1-Mar-2025
SHOCKING: The hidden agenda nobody wants you to see,Experts are stunned after the miracle cure being hidden from the public was leaked; the truth they don't want you to see. Experts are stunned after the banned study reveals the truth was leaked; the truth they don't want you to see. Experts are stunned after the hidden truth about the vaccine was leaked; the truth they don't want you to see. Experts are stunned after the celebrity scandal cover-up was leaked; the truth they don't want you to see. Experts are stunned after the hidden truth about the vaccine was leaked; the truth they don't want you to see. Experts are stunned after the miracle cure being hidden from the public was leaked; the truth they don't want you to see.,News,4-Aug-2025
EXPOSED: The miracle cure being hidden from the public nobody wants you to see,Experts are stunned after the shocking conspiracy was leaked; the truth they don't want you to see. Experts are stunned after the secret deal exposed was leaked; the truth they don't want you to see. Experts are stunned after the massive cover-up was leaked; the truth they don't want you to see. Experts are stunned after the insider reveals shocking secret was leaked; the truth they don't want you to see. Experts are stunned after the secret recording leaked online was leaked; the truth they don't want you to see. Experts are stunned after the secret deal exposed was leaked; the truth they don't want you to see.,conspiracy,4-Nov-2025
BREAKING: The massive cover-up nobody wants you to see,Experts are stunned after the shocking conspiracy was leaked; the truth they don't want you to see. Experts are stunned after the secret government plot was leaked; the truth they don't want you to see. Experts are stunned after the hidden truth about the vaccine was leaked; the truth they don't want you to see. Experts are stunned after the celebrity scandal cover-up was leaked; the truth they don't want you to see. Experts are stunned after the massive cover-up was leaked; the truth they don't want you to see. Experts are stunned after the miracle cure being hidden from the public was leaked; the truth they don't want you to see.,News,9-Mar-2025
Mainstream Media Won't Tell You: The celebrity scandal cover-up nobody wants you to see,"Mainstream Media Won't Tell You!!! The massive cover-up exposed by a whistleblower, share this NOW before they take it down! Mainstream Media Won't Tell You!!! The elite plan nobody is talking about exposed by a whistleblower, share this NOW before they take it down! Mainstream Media Won't Tell You!!! The celebrity scandal cover-up exposed by a whistleblower, share this NOW before they take it down! Mainstream Media Won't Tell You!!! The banned study reveals the truth exposed by a whistleblower, share this NOW before they take it down! Mainstream Media Won't Tell You!!! The shocking conspiracy exposed by a whistleblower, share this NOW before they take it down! Mainstream Media Won't Tell You!!! The hidden truth about the vaccine exposed by a whistleblower, share this NOW before they take it down!",News,5-Feb-2025
Mainstream Media Won't Tell You: The celebrity scandal cover-up nobody wants you to see,Mainstream Media Won't Tell You: Insiders reveal the banned study reveals the truth that will change everything you thought you knew!!! Mainstream Media Won't Tell You: Insiders reveal the miracle cure being hidden from the public that will change everything you thought you knew!!! Mainstream Media Won't Tell You: Insiders reveal the secret government plot that will change everything you thought you knew!!! Mainstream Media Won't Tell You: Insiders reveal the secret government plot that will change everything you thought you knew!!! Mainstream Media Won't Tell You: Insiders reveal the celebrity scandal cover-up that will change everything you thought you knew!!! Mainstream Media Won't Tell You: Insiders reveal the miracle cure being hidden from the public that will change everything you thought you knew!!!,Government News,10-Jul-2025
EXCLUSIVE: The insider reveals shocking secret nobody wants you to see,"EXCLUSIVE -- Doctors HATE this shocking conspiracy, share before it gets deleted! EXCLUSIVE -- Doctors HATE this celebrity scandal cover-up, share before it gets deleted! EXCLUSIVE -- Doctors HATE this secret recording leaked online, share before it gets deleted! EXCLUSIVE -- Doctors HATE this hidden agenda, share before it gets deleted! EXCLUSIVE -- Doctors HATE this elite plan nobody is talking about, share before it gets deleted! EXCLUSIVE -- Doctors HATE this banned study reveals the truth, share before it gets deleted!",left-news,8-Mar-2025
SHOCKING: The hidden truth about the vaccine nobody wants you to see,"SHOCKING -- Doctors HATE this insider reveals shocking secret, share before it gets deleted! SHOCKING -- Doctors HATE this banned study reveals the truth, share before it gets deleted! SHOCKING -- Doctors HATE this hidden truth about the vaccine, share before it gets deleted! SHOCKING -- Doctors HATE this miracle cure being hidden from the public, share before it gets deleted! SHOCKING -- Doctors HATE this secret recording leaked online, share before it gets deleted! SHOCKING -- Doctors HATE this hidden agenda, share before it gets deleted!",conspiracy,14-Jan-2025
EXPOSED: The shocking conspiracy nobody wants you to see,EXPOSED: Insiders reveal the elite plan nobody is talking about that will change everything you thought you knew!!! EXPOSED: Insiders reveal the miracle cure being hidden from the public that will change everything you thought you knew!!! EXPOSED: Insiders reveal the hidden truth about the vaccine that will change everything you thought you knew!!! EXPOSED: Insiders reveal the massive cover-up that will change everything you thought you knew!!! EXPOSED: Insiders reveal the elite plan nobody is talking about that will change everything you thought you knew!!! EXPOSED: Insiders reveal the elite plan nobody is talking about that will change everything you thought you knew!!!,politics,15-Nov-2025
EXPOSED: The hidden agenda nobody wants you to see,EXPOSED: Insiders reveal the shocking conspiracy that will change everything you thought you knew!!! EXPOSED: Insiders reveal the miracle cure being hidden from the public that will change everything you thought you knew!!! EXPOSED: Insiders reveal the celebrity scandal cover-up that will change everything you thought you knew!!! EXPOSED: Insiders reveal the secret recording leaked online that will change everything you thought you knew!!! EXPOSED: Insiders reveal the banned study reveals the truth that will change everything you thought you knew!!! EXPOSED: Insiders reveal the banned study reveals the truth that will change everything you thought you knew!!!,politics,6-Nov-2025
SHOCKING: The secret government plot nobody wants you to see,"SHOCKING!!! The massive cover-up exposed by a whistleblower, share this NOW before they take it down! SHOCKING!!! The hidden agenda exposed by a whistleblower, share this NOW before they take it down! SHOCKING!!! The shocking conspiracy exposed by a whistleblower, share this NOW before they take it down! SHOCKING!!! The secret deal exposed exposed by a whistleblower, share this NOW before they take it down! SHOCKING!!! The hidden agenda exposed by a whistleblower, share this NOW before they take it down! SHOCKING!!! The massive cover-up exposed by a whistleblower, share this NOW before they take it down!",Government News,26-Aug-2025
SHOCKING: The miracle cure being hidden from the public nobody wants you to see,"SHOCKING!!! The secret government plot exposed by a whistleblower, share this NOW before they take it down! SHOCKING!!! The elite plan nobody is talking about exposed by a whistleblower, share this NOW before they take it down! SHOCKING!!! The celebrity scandal cover-up exposed by a whistleblower, share this NOW before they take it down! SHOCKING!!! The celebrity scandal cover-up exposed by a whistleblower, share this NOW before they take it down! SHOCKING!!! The secret government plot exposed by a whistleblower, share this NOW before they take it down! SHOCKING!!! The banned study reveals the truth exposed by a whistleblower, share this NOW before they take it down!",Government News,4-Feb-2025
EXPOSED: The insider reveals shocking secret nobody wants you to see,"EXPOSED: Anonymous source claims hidden truth about the vaccine, and the mainstream media refuses to cover it. EXPOSED: Anonymous source claims hidden truth about the vaccine, and the mainstream media refuses to cover it. EXPOSED: Anonymous source claims massive cover-up, and the mainstream media refuses to cover it. EXPOSED: Anonymous source claims secret deal exposed, and the mainstream media refuses to cover it. EXPOSED: Anonymous source claims shocking conspiracy, and the mainstream media refuses to cover it. EXPOSED: Anonymous source claims insider reveals shocking secret, and the mainstream media refuses to cover it.",conspiracy,8-Feb-2025
URGENT: The shocking conspiracy nobody wants you to see,URGENT: Insiders reveal the shocking conspiracy that will change everything you thought you knew!!! URGENT: Insiders reveal the insider reveals shocking secret that will change everything you thought you knew!!! URGENT: Insiders reveal the secret deal exposed that will change everything you thought you knew!!! URGENT: Insiders reveal the shocking conspiracy that will change everything you thought you knew!!! URGENT: Insiders reveal the secret deal exposed that will change everything you thought you knew!!! URGENT: Insiders reveal the shocking conspiracy that will change everything you thought you knew!!!,News,16-Oct-2025
EXCLUSIVE: The secret government plot nobody wants you to see,"EXCLUSIVE: Anonymous source claims celebrity scandal cover-up, and the mainstream media refuses to cover it. EXCLUSIVE: Anonymous source claims shocking conspiracy, and the mainstream media refuses to cover it. EXCLUSIVE: Anonymous source claims hidden truth about the vaccine, and the mainstream media refuses to cover it. EXCLUSIVE: Anonymous source claims banned study reveals the truth, and the mainstream media refuses to cover it. EXCLUSIVE: Anonymous source claims celebrity scandal cover-up, and the mainstream media refuses to cover it. EXCLUSIVE: Anonymous source claims secret deal exposed, and the mainstream media refuses to cover it.",conspiracy,5-Aug-2025
EXPOSED: The secret recording leaked online nobody wants you to see,You won't believe what was just found about the hidden agenda; wake up before it's too late! You won't believe what was just found about the shocking conspiracy; wake up before it's too late! You won't believe what was just found about the massive cover-up; wake up before it's too late! You won't believe what was just found about the celebrity scandal cover-up; wake up before it's too late! You won't believe what was just found about the secret government plot; wake up before it's too late! You won't believe what was just found about the insider reveals shocking secret; wake up before it's too late!,Government News,2-May-2025
BREAKING: The miracle cure being hidden from the public nobody wants you to see,Experts are stunned after the banned study reveals the truth was leaked; the truth they don't want you to see. Experts are stunned after the banned study reveals the truth was leaked; the truth they don't want you to see. Experts are stunned after the secret deal exposed was leaked; the truth they don't want you to see. Experts are stunned after the celebrity scandal cover-up was leaked; the truth they don't want you to see. Experts are stunned after the massive cover-up was leaked; the truth they don't want you to see. Experts are stunned after the shocking conspiracy was leaked; the truth they don't want you to see.,conspiracy,20-Mar-2025
BREAKING: The hidden truth about the vaccine nobody wants you to see,This shocking conspiracy is being suppressed by the elites -- click to see the forbidden photos! This miracle cure being hidden from the public is being suppressed by the elites -- click to see the forbidden photos! This secret deal exposed is being suppressed by the elites -- click to see the forbidden photos! This elite plan nobody is talking about is being suppressed by the elites -- click to see the forbidden photos! This banned study reveals the truth is being suppressed by the elites -- click to see the forbidden photos! This shocking conspiracy is being suppressed by the elites -- click to see the forbidden photos!,Government News,16-Aug-2025
LEAKED: The secret government plot nobody wants you to see,"LEAKED!!! The secret deal exposed exposed by a whistleblower, share this NOW before they take it down! LEAKED!!! The insider reveals shocking secret exposed by a whistleblower, share this NOW before they take it down! LEAKED!!! The shocking conspiracy exposed by a whistleblower, share this NOW before they take it down! LEAKED!!! The shocking conspiracy exposed by a whistleblower, share this NOW before they take it down! LEAKED!!! The massive cover-up exposed by a whistleblower, share this NOW before they take it down! LEAKED!!! The secret deal exposed exposed by a whistleblower, share this NOW before they take it down!",Government News,8-Oct-2025
BREAKING: The hidden truth about the vaccine nobody wants you to see,BREAKING: Insiders reveal the secret deal exposed that will change everything you thought you knew!!! BREAKING: Insiders reveal the secret government plot that will change everything you thought you knew!!! BREAKING: Insiders reveal the secret government plot that will change everything you thought you knew!!! BREAKING: Insiders reveal the banned study reveals the truth that will change everything you thought you knew!!! BREAKING: Insiders reveal the insider reveals shocking secret that will change everything you thought you knew!!! BREAKING: Insiders reveal the elite plan nobody is talking about that will change everything you thought you knew!!!,News,14-Sep-2025
Mainstream Media Won't Tell You: The banned study reveals the truth nobody wants you to see,Experts are stunned after the insider reveals shocking secret was leaked; the truth they don't want you to see. Experts are stunned after the miracle cure being hidden from the public was leaked; the truth they don't want you to see. Experts are stunned after the banned study reveals the truth was leaked; the truth they don't want you to see. Experts are stunned after the banned study reveals the truth was leaked; the truth they don't want you to see. Experts are stunned after the shocking conspiracy was leaked; the truth they don't want you to see. Experts are stunned after the miracle cure being hidden from the public was leaked; the truth they don't want you to see.,Government News,25-Jan-2025
Mainstream Media Won't Tell You: The shocking conspiracy nobody wants you to see,"Mainstream Media Won't Tell You -- Doctors HATE this massive cover-up, share before it gets deleted! Mainstream Media Won't Tell You -- Doctors HATE this hidden agenda, share before it gets deleted! Mainstream Media Won't Tell You -- Doctors HATE this shocking conspiracy, share before it gets deleted! Mainstream Media Won't Tell You -- Doctors HATE this secret recording leaked online, share before it gets deleted! Mainstream Media Won't Tell You -- Doctors HATE this miracle cure being hidden from the public, share before it gets deleted! Mainstream Media Won't Tell You -- Doctors HATE this secret government plot, share before it gets deleted!",left-news,22-May-2025
BREAKING: The insider reveals shocking secret nobody wants you to see,"BREAKING: Anonymous source claims hidden truth about the vaccine, and the mainstream media refuses to cover it. BREAKING: Anonymous source claims insider reveals shocking secret, and the mainstream media refuses to cover it. BREAKING: Anonymous source claims hidden truth about the vaccine, and the mainstream media refuses to cover it. BREAKING: Anonymous source claims secret government plot, and the mainstream media refuses to cover it. BREAKING: Anonymous source claims banned study reveals the truth, and the mainstream media refuses to cover it. BREAKING: Anonymous source claims banned study reveals the truth, and the mainstream media refuses to cover it.",politics,28-Dec-2025
Mainstream Media Won't Tell You: The celebrity scandal cover-up nobody wants you to see,Experts are stunned after the massive cover-up was leaked; the truth they don't want you to see. Experts are stunned after the secret recording leaked online was leaked; the truth they don't want you to see. Experts are stunned after the banned study reveals the truth was leaked; the truth they don't want you to see. Experts are stunned after the insider reveals shocking secret was leaked; the truth they don't want you to see. Experts are stunned after the secret recording leaked online was leaked; the truth they don't want you to see. Experts are stunned after the secret government plot was leaked; the truth they don't want you to see.,News,13-Dec-2025
URGENT: The elite plan nobody is talking about nobody wants you to see,URGENT: Insiders reveal the hidden agenda that will change everything you thought you knew!!! URGENT: Insiders reveal the secret deal exposed that will change everything you thought you knew!!! URGENT: Insiders reveal the hidden agenda that will change everything you thought you knew!!! URGENT: Insiders reveal the insider reveals shocking secret that will change everything you thought you knew!!! URGENT: Insiders reveal the hidden truth about the vaccine that will change everything you thought you knew!!! URGENT: Insiders reveal the elite plan nobody is talking about that will change everything you thought you knew!!!,Government News,26-Apr-2025
You Won't Believe: The hidden truth about the vaccine nobody wants you to see,You won't believe what was just found about the insider reveals shocking secret; wake up before it's too late! You won't believe what was just found about the secret government plot; wake up before it's too late! You won't believe what was just found about the elite plan nobody is talking about; wake up before it's too late! You won't believe what was just found about the secret recording leaked online; wake up before it's too late! You won't believe what was just found about the massive cover-up; wake up before it's too late! You won't believe what was just found about the secret government plot; wake up before it's too late!,News,13-Jun-2025
EXCLUSIVE: The hidden truth about the vaccine nobody wants you to see,EXCLUSIVE: Insiders reveal the massive cover-up that will change everything you thought you knew!!! EXCLUSIVE: Insiders reveal the massive cover-up that will change everything you thought you knew!!! EXCLUSIVE: Insiders reveal the celebrity scandal cover-up that will change everything you thought you knew!!! EXCLUSIVE: Insiders reveal the secret recording leaked online that will change everything you thought you knew!!! EXCLUSIVE: Insiders reveal the elite plan nobody is talking about that will change everything you thought you knew!!! EXCLUSIVE: Insiders reveal the insider reveals shocking secret that will change everything you thought you knew!!!,News,18-Dec-2025
EXPOSED: The celebrity scandal cover-up nobody wants you to see,You won't believe what was just found about the shocking conspiracy; wake up before it's too late! You won't believe what was just found about the elite plan nobody is talking about; wake up before it's too late! You won't believe what was just found about the miracle cure being hidden from the public; wake up before it's too late! You won't believe what was just found about the secret recording leaked online; wake up before it's too late! You won't believe what was just found about the banned study reveals the truth; wake up before it's too late! You won't believe what was just found about the insider reveals shocking secret; wake up before it's too late!,Government News,28-Dec-2025
EXPOSED: The insider reveals shocking secret nobody wants you to see,Experts are stunned after the shocking conspiracy was leaked; the truth they don't want you to see. Experts are stunned after the massive cover-up was leaked; the truth they don't want you to see. Experts are stunned after the massive cover-up was leaked; the truth they don't want you to see. Experts are stunned after the hidden agenda was leaked; the truth they don't want you to see. Experts are stunned after the elite plan nobody is talking about was leaked; the truth they don't want you to see. Experts are stunned after the secret recording leaked online was leaked; the truth they don't want you to see.,left-news,9-Jan-2025
You Won't Believe: The massive cover-up nobody wants you to see,You won't believe what was just found about the banned study reveals the truth; wake up before it's too late! You won't believe what was just found about the banned study reveals the truth; wake up before it's too late! You won't believe what was just found about the elite plan nobody is talking about; wake up before it's too late! You won't believe what was just found about the elite plan nobody is talking about; wake up before it's too late! You won't believe what was just found about the miracle cure being hidden from the public; wake up before it's too late! You won't believe what was just found about the banned study reveals the truth; wake up before it's too late!,Government News,22-Sep-2025
LEAKED: The banned study reveals the truth nobody wants you to see,This massive cover-up is being suppressed by the elites -- click to see the forbidden photos! This secret recording leaked online is being suppressed by the elites -- click to see the forbidden photos! This insider reveals shocking secret is being suppressed by the elites -- click to see the forbidden photos! This miracle cure being hidden from the public is being suppressed by the elites -- click to see the forbidden photos! This shocking conspiracy is being suppressed by the elites -- click to see the forbidden photos! This banned study reveals the truth is being suppressed by the elites -- click to see the forbidden photos!,News,3-Jul-2025
BREAKING: The hidden agenda nobody wants you to see,BREAKING: Insiders reveal the miracle cure being hidden from the public that will change everything you thought you knew!!! BREAKING: Insiders reveal the celebrity scandal cover-up that will change everything you thought you knew!!! BREAKING: Insiders reveal the hidden agenda that will change everything you thought you knew!!! BREAKING: Insiders reveal the miracle cure being hidden from the public that will change everything you thought you knew!!! BREAKING: Insiders reveal the insider reveals shocking secret that will change everything you thought you knew!!! BREAKING: Insiders reveal the celebrity scandal cover-up that will change everything you thought you knew!!!,left-news,5-Apr-2025
SHOCKING: The hidden agenda nobody wants you to see,"SHOCKING: Anonymous source claims secret recording leaked online, and the mainstream media refuses to cover it. SHOCKING: Anonymous source claims elite plan nobody is talking about, and the mainstream media refuses to cover it. SHOCKING: Anonymous source claims celebrity scandal cover-up, and the mainstream media refuses to cover it. SHOCKING: Anonymous source claims banned study reveals the truth, and the mainstream media refuses to cover it. SHOCKING: Anonymous source claims massive cover-up, and the mainstream media refuses to cover it. SHOCKING: Anonymous source claims secret deal exposed, and the mainstream media refuses to cover it.",left-news,24-Nov-2025
SHOCKING: The hidden agenda nobody wants you to see,"SHOCKING -- Doctors HATE this miracle cure being hidden from the public, share before it gets deleted! SHOCKING -- Doctors HATE this secret government plot, share before it gets deleted! SHOCKING -- Doctors HATE this shocking conspiracy, share before it gets deleted! SHOCKING -- Doctors HATE this elite plan nobody is talking about, share before it gets deleted! SHOCKING -- Doctors HATE this secret recording leaked online, share before it gets deleted! SHOCKING -- Doctors HATE this massive cover-up, share before it gets deleted!",left-news,19-Jun-2025
URGENT: The banned study reveals the truth nobody wants you to see,This secret recording leaked online is being suppressed by the elites -- click to see the forbidden photos! This insider reveals shocking secret is being suppressed by the elites -- click to see the forbidden photos! This elite plan nobody is talking about is being suppressed by the elites -- click to see the forbidden photos! This elite plan nobody is talking about is being suppressed by the elites -- click to see the forbidden photos! This banned study reveals the truth is being suppressed by the elites -- click to see the forbidden photos! This banned study reveals the truth is being suppressed by the elites -- click to see the forbidden photos!,conspiracy,19-Mar-2025
LEAKED: The celebrity scandal cover-up nobody wants you to see,Experts are stunned after the hidden agenda was leaked; the truth they don't want you to see. Experts are stunned after the shocking conspiracy was leaked; the truth they don't want you to see. Experts are stunned after the banned study reveals the truth was leaked; the truth they don't want you to see. Experts are stunned after the massive cover-up was leaked; the truth they don't want you to see. Experts are stunned after the hidden agenda was leaked; the truth they don't want you to see. Experts are stunned after the secret government plot was leaked; the truth they don't want you to see.,politics,12-May-2025
EXCLUSIVE: The celebrity scandal cover-up nobody wants you to see,This celebrity scandal cover-up is being suppressed by the elites -- click to see the forbidden photos! This insider reveals shocking secret is being suppressed by the elites -- click to see the forbidden photos! This elite plan nobody is talking about is being suppressed by the elites -- click to see the forbidden photos! This hidden agenda is being suppressed by the elites -- click to see the forbidden photos! This celebrity scandal cover-up is being suppressed by the elites -- click to see the forbidden photos! This celebrity scandal cover-up is being suppressed by the elites -- click to see the forbidden photos!,politics,6-Apr-2025
You Won't Believe: The secret government plot nobody wants you to see,You won't believe what was just found about the hidden truth about the vaccine; wake up before it's too late! You won't believe what was just found about the celebrity scandal cover-up; wake up before it's too late! You won't believe what was just found about the banned study reveals the truth; wake up before it's too late! You won't believe what was just found about the hidden agenda; wake up before it's too late! You won't believe what was just found about the massive cover-up; wake up before it's too late! You won't believe what was just found about the celebrity scandal cover-up; wake up before it's too late!,politics,18-Dec-2025
SHOCKING: The secret recording leaked online nobody wants you to see,You won't believe what was just found about the massive cover-up; wake up before it's too late! You won't believe what was just found about the celebrity scandal cover-up; wake up before it's too late! You won't believe what was just found about the massive cover-up; wake up before it's too late! You won't believe what was just found about the banned study reveals the truth; wake up before it's too late! You won't believe what was just found about the elite plan nobody is talking about; wake up before it's too late! You won't believe what was just found about the celebrity scandal cover-up; wake up before it's too late!,Government News,10-Feb-2025
SHOCKING: The secret deal exposed nobody wants you to see,"SHOCKING: Anonymous source claims celebrity scandal cover-up, and the mainstream media refuses to cover it. SHOCKING: Anonymous source claims banned study reveals the truth, and the mainstream media refuses to cover it. SHOCKING: Anonymous source claims massive cover-up, and the mainstream media refuses to cover it. SHOCKING: Anonymous source claims celebrity scandal cover-up, and the mainstream media refuses to cover it. SHOCKING: Anonymous source claims secret government plot, and the mainstream media refuses to cover it. SHOCKING: Anonymous source claims insider reveals shocking secret, and the mainstream media refuses to cover it.",Government News,17-Jun-2025
LEAKED: The banned study reveals the truth nobody wants you to see,You won't believe what was just found about the hidden truth about the vaccine; wake up before it's too late! You won't believe what was just found about the secret recording leaked online; wake up before it's too late! You won't believe what was just found about the celebrity scandal cover-up; wake up before it's too late! You won't believe what was just found about the hidden truth about the vaccine; wake up before it's too late! You won't believe what was just found about the insider reveals shocking secret; wake up before it's too late! You won't believe what was just found about the banned study reveals the truth; wake up before it's too late!,conspiracy,23-Feb-2025
EXCLUSIVE: The secret government plot nobody wants you to see,"EXCLUSIVE -- Doctors HATE this secret recording leaked online, share before it gets deleted! EXCLUSIVE -- Doctors HATE this elite plan nobody is talking about, share before it gets deleted! EXCLUSIVE -- Doctors HATE this miracle cure being hidden from the public, share before it gets deleted! EXCLUSIVE -- Doctors HATE this hidden agenda, share before it gets deleted! EXCLUSIVE -- Doctors HATE this secret government plot, share before it gets deleted! EXCLUSIVE -- Doctors HATE this secret deal exposed, share before it gets deleted!",Government News,27-Apr-2025
EXCLUSIVE: The massive cover-up nobody wants you to see,EXCLUSIVE: Insiders reveal the massive cover-up that will change everything you thought you knew!!! EXCLUSIVE: Insiders reveal the secret government plot that will change everything you thought you knew!!! EXCLUSIVE: Insiders reveal the hidden truth about the vaccine that will change everything you thought you knew!!! EXCLUSIVE: Insiders reveal the secret recording leaked online that will change everything you thought you knew!!! EXCLUSIVE: Insiders reveal the shocking conspiracy that will change everything you thought you knew!!! EXCLUSIVE: Insiders reveal the hidden truth about the vaccine that will change everything you thought you knew!!!,Government News,8-May-2025
EXPOSED: The secret government plot nobody wants you to see,EXPOSED: Insiders reveal the elite plan nobody is talking about that will change everything you thought you knew!!! EXPOSED: Insiders reveal the banned study reveals the truth that will change everything you thought you knew!!! EXPOSED: Insiders reveal the secret recording leaked online that will change everything you thought you knew!!! EXPOSED: Insiders reveal the secret recording leaked online that will change everything you thought you knew!!! EXPOSED: Insiders reveal the miracle cure being hidden from the public that will change everything you thought you knew!!! EXPOSED: Insiders reveal the elite plan nobody is talking about that will change everything you thought you knew!!!,left-news,7-Aug-2025
URGENT: The hidden truth about the vaccine nobody wants you to see,This elite plan nobody is talking about is being suppressed by the elites -- click to see the forbidden photos! This secret government plot is being suppressed by the elites -- click to see the forbidden photos! This secret recording leaked online is being suppressed by the elites -- click to see the forbidden photos! This massive cover-up is being suppressed by the elites -- click to see the forbidden photos! This secret deal exposed is being suppressed by the elites -- click to see the forbidden photos! This celebrity scandal cover-up is being suppressed by the elites -- click to see the forbidden photos!,left-news,12-Jul-2025
URGENT: The secret government plot nobody wants you to see,You won't believe what was just found about the massive cover-up; wake up before it's too late! You won't believe what was just found about the massive cover-up; wake up before it's too late! You won't believe what was just found about the hidden agenda; wake up before it's too late! You won't believe what was just found about the banned study reveals the truth; wake up before it's too late! You won't believe what was just found about the elite plan nobody is talking about; wake up before it's too late! You won't believe what was just found about the miracle cure being hidden from the public; wake up before it's too late!,politics,24-Aug-2025
Mainstream Media Won't Tell You: The banned study reveals the truth nobody wants you to see,You won't believe what was just found about the celebrity scandal cover-up; wake up before it's too late! You won't believe what was just found about the insider reveals shocking secret; wake up before it's too late! You won't believe what was just found about the secret deal exposed; wake up before it's too late! You won't believe what was just found about the insider reveals shocking secret; wake up before it's too late! You won't believe what was just found about the secret deal exposed; wake up before it's too late! You won't believe what was just found about the celebrity scandal cover-up; wake up before it's too late!,Government News,20-Feb-2025
BREAKING: The shocking conspiracy nobody wants you to see,You won't believe what was just found about the banned study reveals the truth; wake up before it's too late! You won't believe what was just found about the elite plan nobody is talking about; wake up before it's too late! You won't believe what was just found about the massive cover-up; wake up before it's too late! You won't believe what was just found about the miracle cure being hidden from the public; wake up before it's too late! You won't believe what was just found about the hidden truth about the vaccine; wake up before it's too late! You won't believe what was just found about the secret deal exposed; wake up before it's too late!,News,1-Jul-2025
LEAKED: The secret deal exposed nobody wants you to see,"LEAKED -- Doctors HATE this elite plan nobody is talking about, share before it gets deleted! LEAKED -- Doctors HATE this banned study reveals the truth, share before it gets deleted! LEAKED -- Doctors HATE this insider reveals shocking secret, share before it gets deleted! LEAKED -- Doctors HATE this hidden truth about the vaccine, share before it gets deleted! LEAKED -- Doctors HATE this celebrity scandal cover-up, share before it gets deleted! LEAKED -- Doctors HATE this shocking conspiracy, share before it gets deleted!",politics,27-Jul-2025
LEAKED: The elite plan nobody is talking about nobody wants you to see,"LEAKED: Anonymous source claims secret government plot, and the mainstream media refuses to cover it. LEAKED: Anonymous source claims hidden agenda, and the mainstream media refuses to cover it. LEAKED: Anonymous source claims hidden truth about the vaccine, and the mainstream media refuses to cover it. LEAKED: Anonymous source claims hidden agenda, and the mainstream media refuses to cover it. LEAKED: Anonymous source claims banned study reveals the truth, and the mainstream media refuses to cover it. LEAKED: Anonymous source claims elite plan nobody is talking about, and the mainstream media refuses to cover it.",left-news,8-Jan-2025
SHOCKING: The celebrity scandal cover-up nobody wants you to see,You won't believe what was just found about the hidden agenda; wake up before it's too late! You won't believe what was just found about the secret recording leaked online; wake up before it's too late! You won't believe what was just found about the secret recording leaked online; wake up before it's too late! You won't believe what was just found about the banned study reveals the truth; wake up before it's too late! You won't believe what was just found about the miracle cure being hidden from the public; wake up before it's too late! You won't believe what was just found about the secret recording leaked online; wake up before it's too late!,conspiracy,14-Mar-2025
EXCLUSIVE: The insider reveals shocking secret nobody wants you to see,"EXCLUSIVE!!! The shocking conspiracy exposed by a whistleblower, share this NOW before they take it down! EXCLUSIVE!!! The secret government plot exposed by a whistleblower, share this NOW before they take it down! EXCLUSIVE!!! The miracle cure being hidden from the public exposed by a whistleblower, share this NOW before they take it down! EXCLUSIVE!!! The hidden agenda exposed by a whistleblower, share this NOW before they take it down! EXCLUSIVE!!! The banned study reveals the truth exposed by a whistleblower, share this NOW before they take it down! EXCLUSIVE!!! The miracle cure being hidden from the public exposed by a whistleblower, share this NOW before they take it down!",Government News,24-Jun-2025
EXCLUSIVE: The hidden truth about the vaccine nobody wants you to see,"EXCLUSIVE: Anonymous source claims hidden agenda, and the mainstream media refuses to cover it. EXCLUSIVE: Anonymous source claims secret recording leaked online, and the mainstream media refuses to cover it. EXCLUSIVE: Anonymous source claims secret recording leaked online, and the mainstream media refuses to cover it. EXCLUSIVE: Anonymous source claims banned study reveals the truth, and the mainstream media refuses to cover it. EXCLUSIVE: Anonymous source claims insider reveals shocking secret, and the mainstream media refuses to cover it. EXCLUSIVE: Anonymous source claims miracle cure being hidden from the public, and the mainstream media refuses to cover it.",conspiracy,17-Dec-2025
SHOCKING: The hidden agenda nobody wants you to see,"SHOCKING -- Doctors HATE this hidden truth about the vaccine, share before it gets deleted! SHOCKING -- Doctors HATE this secret government plot, share before it gets deleted! SHOCKING -- Doctors HATE this celebrity scandal cover-up, share before it gets deleted! SHOCKING -- Doctors HATE this massive cover-up, share before it gets deleted! SHOCKING -- Doctors HATE this banned study reveals the truth, share before it gets deleted! SHOCKING -- Doctors HATE this insider reveals shocking secret, share before it gets deleted!",politics,12-Mar-2025
SHOCKING: The hidden agenda nobody wants you to see,You won't believe what was just found about the secret deal exposed; wake up before it's too late! You won't believe what was just found about the secret recording leaked online; wake up before it's too late! You won't believe what was just found about the massive cover-up; wake up before it's too late! You won't believe what was just found about the secret government plot; wake up before it's too late! You won't believe what was just found about the hidden agenda; wake up before it's too late! You won't believe what was just found about the hidden agenda; wake up before it's too late!,Government News,21-Feb-2025
EXPOSED: The secret recording leaked online nobody wants you to see,"EXPOSED -- Doctors HATE this miracle cure being hidden from the public, share before it gets deleted! EXPOSED -- Doctors HATE this hidden truth about the vaccine, share before it gets deleted! EXPOSED -- Doctors HATE this celebrity scandal cover-up, share before it gets deleted! EXPOSED -- Doctors HATE this elite plan nobody is talking about, share before it gets deleted! EXPOSED -- Doctors HATE this massive cover-up, share before it gets deleted! EXPOSED -- Doctors HATE this massive cover-up, share before it gets deleted!",conspiracy,9-Nov-2025
URGENT: The miracle cure being hidden from the public nobody wants you to see,This hidden truth about the vaccine is being suppressed by the elites -- click to see the forbidden photos! This massive cover-up is being suppressed by the elites -- click to see the forbidden photos! This celebrity scandal cover-up is being suppressed by the elites -- click to see the forbidden photos! This secret government plot is being suppressed by the elites -- click to see the forbidden photos! This celebrity scandal cover-up is being suppressed by the elites -- click to see the forbidden photos! This elite plan nobody is talking about is being suppressed by the elites -- click to see the forbidden photos!,conspiracy,12-Aug-2025
Mainstream Media Won't Tell You: The massive cover-up nobody wants you to see,"Mainstream Media Won't Tell You -- Doctors HATE this miracle cure being hidden from the public, share before it gets deleted! Mainstream Media Won't Tell You -- Doctors HATE this shocking conspiracy, share before it gets deleted! Mainstream Media Won't Tell You -- Doctors HATE this celebrity scandal cover-up, share before it gets deleted! Mainstream Media Won't Tell You -- Doctors HATE this elite plan nobody is talking about, share before it gets deleted! Mainstream Media Won't Tell You -- Doctors HATE this shocking conspiracy, share before it gets deleted! Mainstream Media Won't Tell You -- Doctors HATE this shocking conspiracy, share before it gets deleted!",Government News,20-Dec-2025
You Won't Believe: The secret deal exposed nobody wants you to see,"You Won't Believe: Anonymous source claims miracle cure being hidden from the public, and the mainstream media refuses to cover it. You Won't Believe: Anonymous source claims miracle cure being hidden from the public, and the mainstream media refuses to cover it. You Won't Believe: Anonymous source claims celebrity scandal cover-up, and the mainstream media refuses to cover it. You Won't Believe: Anonymous source claims secret government plot, and the mainstream media refuses to cover it. You Won't Believe: Anonymous source claims banned study reveals the truth, and the mainstream media refuses to cover it. You Won't Believe: Anonymous source claims massive cover-up, and the mainstream media refuses to cover it.",conspiracy,23-Jun-2025
BREAKING: The banned study reveals the truth nobody wants you to see,This elite plan nobody is talking about is being suppressed by the elites -- click to see the forbidden photos! This massive cover-up is being suppressed by the elites -- click to see the forbidden photos! This celebrity scandal cover-up is being suppressed by the elites -- click to see the forbidden photos! This insider reveals shocking secret is being suppressed by the elites -- click to see the forbidden photos! This hidden agenda is being suppressed by the elites -- click to see the forbidden photos! This secret government plot is being suppressed by the elites -- click to see the forbidden photos!,News,8-Mar-2025
BREAKING: The insider reveals shocking secret nobody wants you to see,"BREAKING -- Doctors HATE this hidden agenda, share before it gets deleted! BREAKING -- Doctors HATE this celebrity scandal cover-up, share before it gets deleted! BREAKING -- Doctors HATE this shocking conspiracy, share before it gets deleted! BREAKING -- Doctors HATE this celebrity scandal cover-up, share before it gets deleted! BREAKING -- Doctors HATE this miracle cure being hidden from the public, share before it gets deleted! BREAKING -- Doctors HATE this secret deal exposed, share before it gets deleted!",News,3-Jan-2025
EXCLUSIVE: The secret deal exposed nobody wants you to see,EXCLUSIVE: Insiders reveal the shocking conspiracy that will change everything you thought you knew!!! EXCLUSIVE: Insiders reveal the miracle cure being hidden from the public that will change everything you thought you knew!!! EXCLUSIVE: Insiders reveal the secret government plot that will change everything you thought you knew!!! EXCLUSIVE: Insiders reveal the secret recording leaked online that will change everything you thought you knew!!! EXCLUSIVE: Insiders reveal the elite plan nobody is talking about that will change everything you thought you knew!!! EXCLUSIVE: Insiders reveal the hidden truth about the vaccine that will change everything you thought you knew!!!,News,16-Feb-2025
LEAKED: The secret government plot nobody wants you to see,LEAKED: Insiders reveal the hidden agenda that will change everything you thought you knew!!! LEAKED: Insiders reveal the secret recording leaked online that will change everything you thought you knew!!! LEAKED: Insiders reveal the secret government plot that will change everything you thought you knew!!! LEAKED: Insiders reveal the miracle cure being hidden from the public that will change everything you thought you knew!!! LEAKED: Insiders reveal the miracle cure being hidden from the public that will change everything you thought you knew!!! LEAKED: Insiders reveal the hidden truth about the vaccine that will change everything you thought you knew!!!,politics,19-Apr-2025
BREAKING: The secret recording leaked online nobody wants you to see,You won't believe what was just found about the secret government plot; wake up before it's too late! You won't believe what was just found about the miracle cure being hidden from the public; wake up before it's too late! You won't believe what was just found about the celebrity scandal cover-up; wake up before it's too late! You won't believe what was just found about the insider reveals shocking secret; wake up before it's too late! You won't believe what was just found about the hidden agenda; wake up before it's too late! You won't believe what was just found about the hidden truth about the vaccine; wake up before it's too late!,conspiracy,12-Mar-2025
EXPOSED: The elite plan nobody is talking about nobody wants you to see,This miracle cure being hidden from the public is being suppressed by the elites -- click to see the forbidden photos! This miracle cure being hidden from the public is being suppressed by the elites -- click to see the forbidden photos! This hidden truth about the vaccine is being suppressed by the elites -- click to see the forbidden photos! This secret government plot is being suppressed by the elites -- click to see the forbidden photos! This elite plan nobody is talking about is being suppressed by the elites -- click to see the forbidden photos! This shocking conspiracy is being suppressed by the elites -- click to see the forbidden photos!,politics,10-Mar-2025
SHOCKING: The insider reveals shocking secret nobody wants you to see,SHOCKING: Insiders reveal the shocking conspiracy that will change everything you thought you knew!!! SHOCKING: Insiders reveal the elite plan nobody is talking about that will change everything you thought you knew!!! SHOCKING: Insiders reveal the insider reveals shocking secret that will change everything you thought you knew!!! SHOCKING: Insiders reveal the banned study reveals the truth that will change everything you thought you knew!!! SHOCKING: Insiders reveal the massive cover-up that will change everything you thought you knew!!! SHOCKING: Insiders reveal the insider reveals shocking secret that will change everything you thought you knew!!!,Government News,6-Aug-2025
You Won't Believe: The celebrity scandal cover-up nobody wants you to see,Experts are stunned after the massive cover-up was leaked; the truth they don't want you to see. Experts are stunned after the secret deal exposed was leaked; the truth they don't want you to see. Experts are stunned after the secret deal exposed was leaked; the truth they don't want you to see. Experts are stunned after the shocking conspiracy was leaked; the truth they don't want you to see. Experts are stunned after the elite plan nobody is talking about was leaked; the truth they don't want you to see. Experts are stunned after the shocking conspiracy was leaked; the truth they don't want you to see.,left-news,4-Jun-2025
You Won't Believe: The banned study reveals the truth nobody wants you to see,You Won't Believe: Insiders reveal the elite plan nobody is talking about that will change everything you thought you knew!!! You Won't Believe: Insiders reveal the celebrity scandal cover-up that will change everything you thought you knew!!! You Won't Believe: Insiders reveal the banned study reveals the truth that will change everything you thought you knew!!! You Won't Believe: Insiders reveal the massive cover-up that will change everything you thought you knew!!! You Won't Believe: Insiders reveal the insider reveals shocking secret that will change everything you thought you knew!!! You Won't Believe: Insiders reveal the hidden agenda that will change everything you thought you knew!!!,Government News,24-Jan-2025
You Won't Believe: The massive cover-up nobody wants you to see,"You Won't Believe: Anonymous source claims miracle cure being hidden from the public, and the mainstream media refuses to cover it. You Won't Believe: Anonymous source claims secret deal exposed, and the mainstream media refuses to cover it. You Won't Believe: Anonymous source claims hidden agenda, and the mainstream media refuses to cover it. You Won't Believe: Anonymous source claims banned study reveals the truth, and the mainstream media refuses to cover it. You Won't Believe: Anonymous source claims hidden truth about the vaccine, and the mainstream media refuses to cover it. You Won't Believe: Anonymous source claims insider reveals shocking secret, and the mainstream media refuses to cover it.",conspiracy,22-Aug-2025
EXPOSED: The elite plan nobody is talking about nobody wants you to see,"EXPOSED: Anonymous source claims hidden agenda, and the mainstream media refuses to cover it. EXPOSED: Anonymous source claims secret deal exposed, and the mainstream media refuses to cover it. EXPOSED: Anonymous source claims shocking conspiracy, and the mainstream media refuses to cover it. EXPOSED: Anonymous source claims miracle cure being hidden from the public, and the mainstream media refuses to cover it. EXPOSED: Anonymous source claims banned study reveals the truth, and the mainstream media refuses to cover it. EXPOSED: Anonymous source claims secret recording leaked online, and the mainstream media refuses to cover it.",conspiracy,6-Jan-2025
EXCLUSIVE: The secret recording leaked online nobody wants you to see,EXCLUSIVE: Insiders reveal the secret deal exposed that will change everything you thought you knew!!! EXCLUSIVE: Insiders reveal the banned study reveals the truth that will change everything you thought you knew!!! EXCLUSIVE: Insiders reveal the elite plan nobody is talking about that will change everything you thought you knew!!! EXCLUSIVE: Insiders reveal the secret recording leaked online that will change everything you thought you knew!!! EXCLUSIVE: Insiders reveal the secret recording leaked online that will change everything you thought you knew!!! EXCLUSIVE: Insiders reveal the miracle cure being hidden from the public that will change everything you thought you knew!!!,News,5-Jul-2025
Mainstream Media Won't Tell You: The insider reveals shocking secret nobody wants you to see,This miracle cure being hidden from the public is being suppressed by the elites -- click to see the forbidden photos! This insider reveals shocking secret is being suppressed by the elites -- click to see the forbidden photos! This celebrity scandal cover-up is being suppressed by the elites -- click to see the forbidden photos! This miracle cure being hidden from the public is being suppressed by the elites -- click to see the forbidden photos! This massive cover-up is being suppressed by the elites -- click to see the forbidden photos! This shocking conspiracy is being suppressed by the elites -- click to see the forbidden photos!,conspiracy,7-Oct-2025
Mainstream Media Won't Tell You: The miracle cure being hidden from the public nobody wants you to see,"Mainstream Media Won't Tell You -- Doctors HATE this secret deal exposed, share before it gets deleted! Mainstream Media Won't Tell You -- Doctors HATE this insider reveals shocking secret, share before it gets deleted! Mainstream Media Won't Tell You -- Doctors HATE this banned study reveals the truth, share before it gets deleted! Mainstream Media Won't Tell You -- Doctors HATE this hidden agenda, share before it gets deleted! Mainstream Media Won't Tell You -- Doctors HATE this insider reveals shocking secret, share before it gets deleted! Mainstream Media Won't Tell You -- Doctors HATE this hidden truth about the vaccine, share before it gets deleted!",Government News,9-Nov-2025
Mainstream Media Won't Tell You: The massive cover-up nobody wants you to see,"Mainstream Media Won't Tell You: Anonymous source claims secret recording leaked online, and the mainstream media refuses to cover it. Mainstream Media Won't Tell You: Anonymous source claims hidden truth about the vaccine, and the mainstream media refuses to cover it. Mainstream Media Won't Tell You: Anonymous source claims secret deal exposed, and the mainstream media refuses to cover it. Mainstream Media Won't Tell You: Anonymous source claims banned study reveals the truth, and the mainstream media refuses to cover it. Mainstream Media Won't Tell You: Anonymous source claims elite plan nobody is talking about, and the mainstream media refuses to cover it. Mainstream Media Won't Tell You: Anonymous source claims hidden agenda, and the mainstream media refuses to cover it.",politics,25-Aug-2025
You Won't Believe: The miracle cure being hidden from the public nobody wants you to see,You won't believe what was just found about the banned study reveals the truth; wake up before it's too late! You won't believe what was just found about the banned study reveals the truth; wake up before it's too late! You won't believe what was just found about the shocking conspiracy; wake up before it's too late! You won't believe what was just found about the secret recording leaked online; wake up before it's too late! You won't believe what was just found about the celebrity scandal cover-up; wake up before it's too late! You won't believe what was just found about the secret government plot; wake up before it's too late!,News,24-Jan-2025
You Won't Believe: The banned study reveals the truth nobody wants you to see,"You Won't Believe!!! The secret government plot exposed by a whistleblower, share this NOW before they take it down! You Won't Believe!!! The celebrity scandal cover-up exposed by a whistleblower, share this NOW before they take it down! You Won't Believe!!! The secret deal exposed exposed by a whistleblower, share this NOW before they take it down! You Won't Believe!!! The hidden truth about the vaccine exposed by a whistleblower, share this NOW before they take it down! You Won't Believe!!! The secret recording leaked online exposed by a whistleblower, share this NOW before they take it down! You Won't Believe!!! The massive cover-up exposed by a whistleblower, share this NOW before they take it down!",politics,10-Oct-2025
You Won't Believe: The miracle cure being hidden from the public nobody wants you to see,"You Won't Believe!!! The elite plan nobody is talking about exposed by a whistleblower, share this NOW before they take it down! You Won't Believe!!! The banned study reveals the truth exposed by a whistleblower, share this NOW before they take it down! You Won't Believe!!! The banned study reveals the truth exposed by a whistleblower, share this NOW before they take it down! You Won't Believe!!! The shocking conspiracy exposed by a whistleblower, share this NOW before they take it down! You Won't Believe!!! The hidden agenda exposed by a whistleblower, share this NOW before they take it down! You Won't Believe!!! The secret recording leaked online exposed by a whistleblower, share this NOW before they take it down!",left-news,16-Sep-2025
LEAKED: The elite plan nobody is talking about nobody wants you to see,You won't believe what was just found about the elite plan nobody is talking about; wake up before it's too late! You won't believe what was just found about the elite plan nobody is talking about; wake up before it's too late! You won't believe what was just found about the secret government plot; wake up before it's too late! You won't believe what was just found about the secret government plot; wake up before it's too late! You won't believe what was just found about the secret deal exposed; wake up before it's too late! You won't believe what was just found about the miracle cure being hidden from the public; wake up before it's too late!,left-news,15-Jun-2025
Mainstream Media Won't Tell You: The banned study reveals the truth nobody wants you to see,"Mainstream Media Won't Tell You: Anonymous source claims secret government plot, and the mainstream media refuses to cover it. Mainstream Media Won't Tell You: Anonymous source claims secret government plot, and the mainstream media refuses to cover it. Mainstream Media Won't Tell You: Anonymous source claims celebrity scandal cover-up, and the mainstream media refuses to cover it. Mainstream Media Won't Tell You: Anonymous source claims elite plan nobody is talking about, and the mainstream media refuses to cover it. Mainstream Media Won't Tell You: Anonymous source claims secret recording leaked online, and the mainstream media refuses to cover it. Mainstream Media Won't Tell You: Anonymous source claims hidden agenda, and the mainstream media refuses to cover it.",politics,16-Jul-2025
BREAKING: The hidden agenda nobody wants you to see,"BREAKING!!! The secret deal exposed exposed by a whistleblower, share this NOW before they take it down! BREAKING!!! The banned study reveals the truth exposed by a whistleblower, share this NOW before they take it down! BREAKING!!! The miracle cure being hidden from the public exposed by a whistleblower, share this NOW before they take it down! BREAKING!!! The hidden truth about the vaccine exposed by a whistleblower, share this NOW before they take it down! BREAKING!!! The secret recording leaked online exposed by a whistleblower, share this NOW before they take it down! BREAKING!!! The banned study reveals the truth exposed by a whistleblower, share this NOW before they take it down!",Government News,22-Sep-2025
EXCLUSIVE: The banned study reveals the truth nobody wants you to see,This celebrity scandal cover-up is being suppressed by the elites -- click to see the forbidden photos! This elite plan nobody is talking about is being suppressed by the elites -- click to see the forbidden photos! This secret government plot is being suppressed by the elites -- click to see the forbidden photos! This secret deal exposed is being suppressed by the elites -- click to see the forbidden photos! This hidden agenda is being suppressed by the elites -- click to see the forbidden photos! This banned study reveals the truth is being suppressed by the elites -- click to see the forbidden photos!,Government News,13-Oct-2025
URGENT: The hidden agenda nobody wants you to see,You won't believe what was just found about the secret government plot; wake up before it's too late! You won't believe what was just found about the secret government plot; wake up before it's too late! You won't believe what was just found about the hidden truth about the vaccine; wake up before it's too late! You won't believe what was just found about the secret government plot; wake up before it's too late! You won't believe what was just found about the celebrity scandal cover-up; wake up before it's too late! You won't believe what was just found about the massive cover-up; wake up before it's too late!,conspiracy,26-Dec-2025
SHOCKING: The secret recording leaked online nobody wants you to see,You won't believe what was just found about the secret deal exposed; wake up before it's too late! You won't believe what was just found about the miracle cure being hidden from the public; wake up before it's too late! You won't believe what was just found about the secret deal exposed; wake up before it's too late! You won't believe what was just found about the massive cover-up; wake up before it's too late! You won't believe what was just found about the massive cover-up; wake up before it's too late! You won't believe what was just found about the secret deal exposed; wake up before it's too late!,conspiracy,2-Nov-2025
EXPOSED: The shocking conspiracy nobody wants you to see,"EXPOSED -- Doctors HATE this secret recording leaked online, share before it gets deleted! EXPOSED -- Doctors HATE this hidden agenda, share before it gets deleted! EXPOSED -- Doctors HATE this hidden truth about the vaccine, share before it gets deleted! EXPOSED -- Doctors HATE this miracle cure being hidden from the public, share before it gets deleted! EXPOSED -- Doctors HATE this insider reveals shocking secret, share before it gets deleted! EXPOSED -- Doctors HATE this miracle cure being hidden from the public, share before it gets deleted!",conspiracy,4-Jun-2025
BREAKING: The secret government plot nobody wants you to see,This massive cover-up is being suppressed by the elites -- click to see the forbidden photos! This secret government plot is being suppressed by the elites -- click to see the forbidden photos! This banned study reveals the truth is being suppressed by the elites -- click to see the forbidden photos! This secret recording leaked online is being suppressed by the elites -- click to see the forbidden photos! This secret deal exposed is being suppressed by the elites -- click to see the forbidden photos! This hidden truth about the vaccine is being suppressed by the elites -- click to see the forbidden photos!,Government News,14-May-2025
SHOCKING: The insider reveals shocking secret nobody wants you to see,"SHOCKING: Anonymous source claims hidden truth about the vaccine, and the mainstream media refuses to cover it. SHOCKING: Anonymous source claims secret government plot, and the mainstream media refuses to cover it. SHOCKING: Anonymous source claims massive cover-up, and the mainstream media refuses to cover it. SHOCKING: Anonymous source claims secret deal exposed, and the mainstream media refuses to cover it. SHOCKING: Anonymous source claims hidden truth about the vaccine, and the mainstream media refuses to cover it. SHOCKING: Anonymous source claims secret deal exposed, and the mainstream media refuses to cover it.",conspiracy,19-Feb-2025
EXCLUSIVE: The miracle cure being hidden from the public nobody wants you to see,"EXCLUSIVE!!! The secret recording leaked online exposed by a whistleblower, share this NOW before they take it down! EXCLUSIVE!!! The shocking conspiracy exposed by a whistleblower, share this NOW before they take it down! EXCLUSIVE!!! The massive cover-up exposed by a whistleblower, share this NOW before they take it down! EXCLUSIVE!!! The banned study reveals the truth exposed by a whistleblower, share this NOW before they take it down! EXCLUSIVE!!! The elite plan nobody is talking about exposed by a whistleblower, share this NOW before they take it down! EXCLUSIVE!!! The secret recording leaked online exposed by a whistleblower, share this NOW before they take it down!",conspiracy,6-Oct-2025
LEAKED: The massive cover-up nobody wants you to see,"LEAKED: Anonymous source claims shocking conspiracy, and the mainstream media refuses to cover it. LEAKED: Anonymous source claims banned study reveals the truth, and the mainstream media refuses to cover it. LEAKED: Anonymous source claims secret recording leaked online, and the mainstream media refuses to cover it. LEAKED: Anonymous source claims miracle cure being hidden from the public, and the mainstream media refuses to cover it. LEAKED: Anonymous source claims elite plan nobody is talking about, and the mainstream media refuses to cover it. LEAKED: Anonymous source claims shocking conspiracy, and the mainstream media refuses to cover it.",conspiracy,9-Jan-2025
LEAKED: The hidden truth about the vaccine nobody wants you to see,"LEAKED: Anonymous source claims shocking conspiracy, and the mainstream media refuses to cover it. LEAKED: Anonymous source claims hidden truth about the vaccine, and the mainstream media refuses to cover it. LEAKED: Anonymous source claims insider reveals shocking secret, and the mainstream media refuses to cover it. LEAKED: Anonymous source claims miracle cure being hidden from the public, and the mainstream media refuses to cover it. LEAKED: Anonymous source claims insider reveals shocking secret, and the mainstream media refuses to cover it. LEAKED: Anonymous source claims hidden truth about the vaccine, and the mainstream media refuses to cover it.",News,19-Jun-2025
LEAKED: The miracle cure being hidden from the public nobody wants you to see,This elite plan nobody is talking about is being suppressed by the elites -- click to see the forbidden photos! This banned study reveals the truth is being suppressed by the elites -- click to see the forbidden photos! This secret deal exposed is being suppressed by the elites -- click to see the forbidden photos! This shocking conspiracy is being suppressed by the elites -- click to see the forbidden photos! This massive cover-up is being suppressed by the elites -- click to see the forbidden photos! This miracle cure being hidden from the public is being suppressed by the elites -- click to see the forbidden photos!,conspiracy,17-May-2025
Mainstream Media Won't Tell You: The secret recording leaked online nobody wants you to see,This massive cover-up is being suppressed by the elites -- click to see the forbidden photos! This shocking conspiracy is being suppressed by the elites -- click to see the forbidden photos! This secret deal exposed is being suppressed by the elites -- click to see the forbidden photos! This secret deal exposed is being suppressed by the elites -- click to see the forbidden photos! This hidden agenda is being suppressed by the elites -- click to see the forbidden photos! This hidden truth about the vaccine is being suppressed by the elites -- click to see the forbidden photos!,Government News,15-Nov-2025
BREAKING: The secret government plot nobody wants you to see,"BREAKING!!! The insider reveals shocking secret exposed by a whistleblower, share this NOW before they take it down! BREAKING!!! The elite plan nobody is talking about exposed by a whistleblower, share this NOW before they take it down! BREAKING!!! The celebrity scandal cover-up exposed by a whistleblower, share this NOW before they take it down! BREAKING!!! The hidden truth about the vaccine exposed by a whistleblower, share this NOW before they take it down! BREAKING!!! The banned study reveals the truth exposed by a whistleblower, share this NOW before they take it down! BREAKING!!! The shocking conspiracy exposed by a whistleblower, share this NOW before they take it down!",left-news,9-Nov-2025
Mainstream Media Won't Tell You: The hidden truth about the vaccine nobody wants you to see,"Mainstream Media Won't Tell You!!! The secret recording leaked online exposed by a whistleblower, share this NOW before they take it down! Mainstream Media Won't Tell You!!! The secret government plot exposed by a whistleblower, share this NOW before they take it down! Mainstream Media Won't Tell You!!! The elite plan nobody is talking about exposed by a whistleblower, share this NOW before they take it down! Mainstream Media Won't Tell You!!! The shocking conspiracy exposed by a whistleblower, share this NOW before they take it down! Mainstream Media Won't Tell You!!! The massive cover-up exposed by a whistleblower, share this NOW before they take it down! Mainstream Media Won't Tell You!!! The banned study reveals the truth exposed by a whistleblower, share this NOW before they take it down!",politics,8-Mar-2025
LEAKED: The secret deal exposed nobody wants you to see,"LEAKED: Anonymous source claims massive cover-up, and the mainstream media refuses to cover it. LEAKED: Anonymous source claims miracle cure being hidden from the public, and the mainstream media refuses to cover it. LEAKED: Anonymous source claims secret recording leaked online, and the mainstream media refuses to cover it. LEAKED: Anonymous source claims shocking conspiracy, and the mainstream media refuses to cover it. LEAKED: Anonymous source claims secret deal exposed, and the mainstream media refuses to cover it. LEAKED: Anonymous source claims hidden agenda, and the mainstream media refuses to cover it.",conspiracy,21-Mar-2025
LEAKED: The secret recording leaked online nobody wants you to see,This shocking conspiracy is being suppressed by the elites -- click to see the forbidden photos! This secret deal exposed is being suppressed by the elites -- click to see the forbidden photos! This shocking conspiracy is being suppressed by the elites -- click to see the forbidden photos! This miracle cure being hidden from the public is being suppressed by the elites -- click to see the forbidden photos! This celebrity scandal cover-up is being suppressed by the elites -- click to see the forbidden photos! This shocking conspiracy is being suppressed by the elites -- click to see the forbidden photos!,News,8-May-2025
EXCLUSIVE: The banned study reveals the truth nobody wants you to see,This secret deal exposed is being suppressed by the elites -- click to see the forbidden photos! This secret deal exposed is being suppressed by the elites -- click to see the forbidden photos! This secret recording leaked online is being suppressed by the elites -- click to see the forbidden photos! This secret government plot is being suppressed by the elites -- click to see the forbidden photos! This shocking conspiracy is being suppressed by the elites -- click to see the forbidden photos! This celebrity scandal cover-up is being suppressed by the elites -- click to see the forbidden photos!,conspiracy,5-Jan-2025
LEAKED: The hidden agenda nobody wants you to see,"LEAKED!!! The elite plan nobody is talking about exposed by a whistleblower, share this NOW before they take it down! LEAKED!!! The celebrity scandal cover-up exposed by a whistleblower, share this NOW before they take it down! LEAKED!!! The secret recording leaked online exposed by a whistleblower, share this NOW before they take it down! LEAKED!!! The secret government plot exposed by a whistleblower, share this NOW before they take it down! LEAKED!!! The insider reveals shocking secret exposed by a whistleblower, share this NOW before they take it down! LEAKED!!! The banned study reveals the truth exposed by a whistleblower, share this NOW before they take it down!",News,2-Feb-2025
URGENT: The hidden truth about the vaccine nobody wants you to see,You won't believe what was just found about the miracle cure being hidden from the public; wake up before it's too late! You won't believe what was just found about the secret deal exposed; wake up before it's too late! You won't believe what was just found about the massive cover-up; wake up before it's too late! You won't believe what was just found about the secret recording leaked online; wake up before it's too late! You won't believe what was just found about the secret recording leaked online; wake up before it's too late! You won't believe what was just found about the miracle cure being hidden from the public; wake up before it's too late!,left-news,27-Dec-2025
BREAKING: The shocking conspiracy nobody wants you to see,BREAKING: Insiders reveal the hidden truth about the vaccine that will change everything you thought you knew!!! BREAKING: Insiders reveal the insider reveals shocking secret that will change everything you thought you knew!!! BREAKING: Insiders reveal the elite plan nobody is talking about that will change everything you thought you knew!!! BREAKING: Insiders reveal the miracle cure being hidden from the public that will change everything you thought you knew!!! BREAKING: Insiders reveal the elite plan nobody is talking about that will change everything you thought you knew!!! BREAKING: Insiders reveal the secret recording leaked online that will change everything you thought you knew!!!,Government News,25-Sep-2025
LEAKED: The banned study reveals the truth nobody wants you to see,LEAKED: Insiders reveal the shocking conspiracy that will change everything you thought you knew!!! LEAKED: Insiders reveal the hidden truth about the vaccine that will change everything you thought you knew!!! LEAKED: Insiders reveal the miracle cure being hidden from the public that will change everything you thought you knew!!! LEAKED: Insiders reveal the massive cover-up that will change everything you thought you knew!!! LEAKED: Insiders reveal the massive cover-up that will change everything you thought you knew!!! LEAKED: Insiders reveal the hidden truth about the vaccine that will change everything you thought you knew!!!,left-news,26-Dec-2025
EXPOSED: The secret deal exposed nobody wants you to see,"EXPOSED -- Doctors HATE this celebrity scandal cover-up, share before it gets deleted! EXPOSED -- Doctors HATE this miracle cure being hidden from the public, share before it gets deleted! EXPOSED -- Doctors HATE this celebrity scandal cover-up, share before it gets deleted! EXPOSED -- Doctors HATE this shocking conspiracy, share before it gets deleted! EXPOSED -- Doctors HATE this hidden agenda, share before it gets deleted! EXPOSED -- Doctors HATE this banned study reveals the truth, share before it gets deleted!",left-news,9-Oct-2025
SHOCKING: The banned study reveals the truth nobody wants you to see,This massive cover-up is being suppressed by the elites -- click to see the forbidden photos! This insider reveals shocking secret is being suppressed by the elites -- click to see the forbidden photos! This miracle cure being hidden from the public is being suppressed by the elites -- click to see the forbidden photos! This massive cover-up is being suppressed by the elites -- click to see the forbidden photos! This elite plan nobody is talking about is being suppressed by the elites -- click to see the forbidden photos! This secret deal exposed is being suppressed by the elites -- click to see the forbidden photos!,left-news,22-Apr-2025
LEAKED: The celebrity scandal cover-up nobody wants you to see,You won't believe what was just found about the banned study reveals the truth; wake up before it's too late! You won't believe what was just found about the insider reveals shocking secret; wake up before it's too late! You won't believe what was just found about the massive cover-up; wake up before it's too late! You won't believe what was just found about the hidden agenda; wake up before it's too late! You won't believe what was just found about the secret government plot; wake up before it's too late! You won't believe what was just found about the secret recording leaked online; wake up before it's too late!,Government News,2-Dec-2025
SHOCKING: The insider reveals shocking secret nobody wants you to see,Experts are stunned after the secret recording leaked online was leaked; the truth they don't want you to see. Experts are stunned after the shocking conspiracy was leaked; the truth they don't want you to see. Experts are stunned after the hidden agenda was leaked; the truth they don't want you to see. Experts are stunned after the elite plan nobody is talking about was leaked; the truth they don't want you to see. Experts are stunned after the secret deal exposed was leaked; the truth they don't want you to see. Experts are stunned after the hidden agenda was leaked; the truth they don't want you to see.,conspiracy,26-Nov-2025
You Won't Believe: The elite plan nobody is talking about nobody wants you to see,Experts are stunned after the shocking conspiracy was leaked; the truth they don't want you to see. Experts are stunned after the banned study reveals the truth was leaked; the truth they don't want you to see. Experts are stunned after the secret deal exposed was leaked; the truth they don't want you to see. Experts are stunned after the secret government plot was leaked; the truth they don't want you to see. Experts are stunned after the secret deal exposed was leaked; the truth they don't want you to see. Experts are stunned after the hidden agenda was leaked; the truth they don't want you to see.,conspiracy,3-Apr-2025
LEAKED: The shocking conspiracy nobody wants you to see,Experts are stunned after the celebrity scandal cover-up was leaked; the truth they don't want you to see. Experts are stunned after the banned study reveals the truth was leaked; the truth they don't want you to see. Experts are stunned after the secret recording leaked online was leaked; the truth they don't want you to see. Experts are stunned after the massive cover-up was leaked; the truth they don't want you to see. Experts are stunned after the secret recording leaked online was leaked; the truth they don't want you to see. Experts are stunned after the secret deal exposed was leaked; the truth they don't want you to see.,News,9-Feb-2025
EXCLUSIVE: The banned study reveals the truth nobody wants you to see,"EXCLUSIVE!!! The secret deal exposed exposed by a whistleblower, share this NOW before they take it down! EXCLUSIVE!!! The massive cover-up exposed by a whistleblower, share this NOW before they take it down! EXCLUSIVE!!! The insider reveals shocking secret exposed by a whistleblower, share this NOW before they take it down! EXCLUSIVE!!! The secret deal exposed exposed by a whistleblower, share this NOW before they take it down! EXCLUSIVE!!! The miracle cure being hidden from the public exposed by a whistleblower, share this NOW before they take it down! EXCLUSIVE!!! The celebrity scandal cover-up exposed by a whistleblower, share this NOW before they take it down!",conspiracy,17-Feb-2025
URGENT: The secret deal exposed nobody wants you to see,This insider reveals shocking secret is being suppressed by the elites -- click to see the forbidden photos! This elite plan nobody is talking about is being suppressed by the elites -- click to see the forbidden photos! This insider reveals shocking secret is being suppressed by the elites -- click to see the forbidden photos! This massive cover-up is being suppressed by the elites -- click to see the forbidden photos! This banned study reveals the truth is being suppressed by the elites -- click to see the forbidden photos! This insider reveals shocking secret is being suppressed by the elites -- click to see the forbidden photos!,News,25-Jan-2025
BREAKING: The secret recording leaked online nobody wants you to see,"BREAKING: Anonymous source claims secret recording leaked online, and the mainstream media refuses to cover it. BREAKING: Anonymous source claims celebrity scandal cover-up, and the mainstream media refuses to cover it. BREAKING: Anonymous source claims secret government plot, and the mainstream media refuses to cover it. BREAKING: Anonymous source claims secret deal exposed, and the mainstream media refuses to cover it. BREAKING: Anonymous source claims shocking conspiracy, and the mainstream media refuses to cover it. BREAKING: Anonymous source claims secret recording leaked online, and the mainstream media refuses to cover it.",conspiracy,11-Oct-2025
You Won't Believe: The miracle cure being hidden from the public nobody wants you to see,"You Won't Believe -- Doctors HATE this shocking conspiracy, share before it gets deleted! You Won't Believe -- Doctors HATE this elite plan nobody is talking about, share before it gets deleted! You Won't Believe -- Doctors HATE this insider reveals shocking secret, share before it gets deleted! You Won't Believe -- Doctors HATE this secret recording leaked online, share before it gets deleted! You Won't Believe -- Doctors HATE this celebrity scandal cover-up, share before it gets deleted! You Won't Believe -- Doctors HATE this hidden truth about the vaccine, share before it gets deleted!",left-news,26-Jun-2025
EXCLUSIVE: The banned study reveals the truth nobody wants you to see,Experts are stunned after the insider reveals shocking secret was leaked; the truth they don't want you to see. Experts are stunned after the celebrity scandal cover-up was leaked; the truth they don't want you to see. Experts are stunned after the hidden agenda was leaked; the truth they don't want you to see. Experts are stunned after the celebrity scandal cover-up was leaked; the truth they don't want you to see. Experts are stunned after the secret recording leaked online was leaked; the truth they don't want you to see. Experts are stunned after the hidden truth about the vaccine was leaked; the truth they don't want you to see.,conspiracy,26-May-2025
EXPOSED: The miracle cure being hidden from the public nobody wants you to see,"EXPOSED: Anonymous source claims massive cover-up, and the mainstream media refuses to cover it. EXPOSED: Anonymous source claims celebrity scandal cover-up, and the mainstream media refuses to cover it. EXPOSED: Anonymous source claims secret deal exposed, and the mainstream media refuses to cover it. EXPOSED: Anonymous source claims secret deal exposed, and the mainstream media refuses to cover it. EXPOSED: Anonymous source claims hidden truth about the vaccine, and the mainstream media refuses to cover it. EXPOSED: Anonymous source claims shocking conspiracy, and the mainstream media refuses to cover it.",News,1-Sep-2025
EXPOSED: The miracle cure being hidden from the public nobody wants you to see,"EXPOSED: Anonymous source claims shocking conspiracy, and the mainstream media refuses to cover it. EXPOSED: Anonymous source claims hidden agenda, and the mainstream media refuses to cover it. EXPOSED: Anonymous source claims insider reveals shocking secret, and the mainstream media refuses to cover it. EXPOSED: Anonymous source claims celebrity scandal cover-up, and the mainstream media refuses to cover it. EXPOSED: Anonymous source claims secret government plot, and the mainstream media refuses to cover it. EXPOSED: Anonymous source claims secret deal exposed, and the mainstream media refuses to cover it.",Government News,14-Oct-2025
LEAKED: The celebrity scandal cover-up nobody wants you to see,LEAKED: Insiders reveal the massive cover-up that will change everything you thought you knew!!! LEAKED: Insiders reveal the celebrity scandal cover-up that will change everything you thought you knew!!! LEAKED: Insiders reveal the hidden truth about the vaccine that will change everything you thought you knew!!! LEAKED: Insiders reveal the miracle cure being hidden from the public that will change everything you thought you knew!!! LEAKED: Insiders reveal the secret government plot that will change everything you thought you knew!!! LEAKED: Insiders reveal the insider reveals shocking secret that will change everything you thought you knew!!!,Government News,14-Aug-2025
EXCLUSIVE: The miracle cure being hidden from the public nobody wants you to see,"EXCLUSIVE -- Doctors HATE this insider reveals shocking secret, share before it gets deleted! EXCLUSIVE -- Doctors HATE this shocking conspiracy, share before it gets deleted! EXCLUSIVE -- Doctors HATE this shocking conspiracy, share before it gets deleted! EXCLUSIVE -- Doctors HATE this hidden agenda, share before it gets deleted! EXCLUSIVE -- Doctors HATE this hidden agenda, share before it gets deleted! EXCLUSIVE -- Doctors HATE this insider reveals shocking secret, share before it gets deleted!",left-news,13-Mar-2025
Mainstream Media Won't Tell You: The shocking conspiracy nobody wants you to see,This shocking conspiracy is being suppressed by the elites -- click to see the forbidden photos! This hidden agenda is being suppressed by the elites -- click to see the forbidden photos! This insider reveals shocking secret is being suppressed by the elites -- click to see the forbidden photos! This secret recording leaked online is being suppressed by the elites -- click to see the forbidden photos! This shocking conspiracy is being suppressed by the elites -- click to see the forbidden photos! This secret deal exposed is being suppressed by the elites -- click to see the forbidden photos!,politics,14-Mar-2025
SHOCKING: The hidden agenda nobody wants you to see,You won't believe what was just found about the shocking conspiracy; wake up before it's too late! You won't believe what was just found about the hidden truth about the vaccine; wake up before it's too late! You won't believe what was just found about the banned study reveals the truth; wake up before it's too late! You won't believe what was just found about the shocking conspiracy; wake up before it's too late! You won't believe what was just found about the massive cover-up; wake up before it's too late! You won't believe what was just found about the hidden truth about the vaccine; wake up before it's too late!,left-news,3-Jan-2025
EXCLUSIVE: The celebrity scandal cover-up nobody wants you to see,Experts are stunned after the massive cover-up was leaked; the truth they don't want you to see. Experts are stunned after the insider reveals shocking secret was leaked; the truth they don't want you to see. Experts are stunned after the secret deal exposed was leaked; the truth they don't want you to see. Experts are stunned after the secret recording leaked online was leaked; the truth they don't want you to see. Experts are stunned after the shocking conspiracy was leaked; the truth they don't want you to see. Experts are stunned after the insider reveals shocking secret was leaked; the truth they don't want you to see.,left-news,23-Jul-2025
LEAKED: The miracle cure being hidden from the public nobody wants you to see,LEAKED: Insiders reveal the elite plan nobody is talking about that will change everything you thought you knew!!! LEAKED: Insiders reveal the secret government plot that will change everything you thought you knew!!! LEAKED: Insiders reveal the secret government plot that will change everything you thought you knew!!! LEAKED: Insiders reveal the massive cover-up that will change everything you thought you knew!!! LEAKED: Insiders reveal the shocking conspiracy that will change everything you thought you knew!!! LEAKED: Insiders reveal the banned study reveals the truth that will change everything you thought you knew!!!,conspiracy,20-Nov-2025
SHOCKING: The secret government plot nobody wants you to see,You won't believe what was just found about the elite plan nobody is talking about; wake up before it's too late! You won't believe what was just found about the hidden truth about the vaccine; wake up before it's too late! You won't believe what was just found about the secret deal exposed; wake up before it's too late! You won't believe what was just found about the hidden agenda; wake up before it's too late! You won't believe what was just found about the secret deal exposed; wake up before it's too late! You won't believe what was just found about the secret recording leaked online; wake up before it's too late!,conspiracy,5-Sep-2025
SHOCKING: The hidden truth about the vaccine nobody wants you to see,"SHOCKING -- Doctors HATE this hidden agenda, share before it gets deleted! SHOCKING -- Doctors HATE this celebrity scandal cover-up, share before it gets deleted! SHOCKING -- Doctors HATE this elite plan nobody is talking about, share before it gets deleted! SHOCKING -- Doctors HATE this banned study reveals the truth, share before it gets deleted! SHOCKING -- Doctors HATE this massive cover-up, share before it gets deleted! SHOCKING -- Doctors HATE this banned study reveals the truth, share before it gets deleted!",politics,3-Jun-2025
Mainstream Media Won't Tell You: The celebrity scandal cover-up nobody wants you to see,You won't believe what was just found about the miracle cure being hidden from the public; wake up before it's too late! You won't believe what was just found about the massive cover-up; wake up before it's too late! You won't believe what was just found about the secret government plot; wake up before it's too late! You won't believe what was just found about the celebrity scandal cover-up; wake up before it's too late! You won't believe what was just found about the banned study reveals the truth; wake up before it's too late! You won't believe what was just found about the hidden agenda; wake up before it's too late!,conspiracy,14-May-2025
LEAKED: The hidden truth about the vaccine nobody wants you to see,Experts are stunned after the hidden agenda was leaked; the truth they don't want you to see. Experts are stunned after the elite plan nobody is talking about was leaked; the truth they don't want you to see. Experts are stunned after the massive cover-up was leaked; the truth they don't want you to see. Experts are stunned after the secret deal exposed was leaked; the truth they don't want you to see. Experts are stunned after the celebrity scandal cover-up was leaked; the truth they don't want you to see. Experts are stunned after the massive cover-up was leaked; the truth they don't want you to see.,left-news,25-Mar-2025
EXCLUSIVE: The secret government plot nobody wants you to see,"EXCLUSIVE -- Doctors HATE this celebrity scandal cover-up, share before it gets deleted! EXCLUSIVE -- Doctors HATE this secret government plot, share before it gets deleted! EXCLUSIVE -- Doctors HATE this shocking conspiracy, share before it gets deleted! EXCLUSIVE -- Doctors HATE this celebrity scandal cover-up, share before it gets deleted! EXCLUSIVE -- Doctors HATE this secret government plot, share before it gets deleted! EXCLUSIVE -- Doctors HATE this banned study reveals the truth, share before it gets deleted!",conspiracy,6-Dec-2025
EXCLUSIVE: The secret deal exposed nobody wants you to see,EXCLUSIVE: Insiders reveal the banned study reveals the truth that will change everything you thought you knew!!! EXCLUSIVE: Insiders reveal the secret government plot that will change everything you thought you knew!!! EXCLUSIVE: Insiders reveal the banned study reveals the truth that will change everything you thought you knew!!! EXCLUSIVE: Insiders reveal the massive cover-up that will change everything you thought you knew!!! EXCLUSIVE: Insiders reveal the insider reveals shocking secret that will change everything you thought you knew!!! EXCLUSIVE: Insiders reveal the elite plan nobody is talking about that will change everything you thought you knew!!!,left-news,15-Aug-2025
You Won't Believe: The insider reveals shocking secret nobody wants you to see,Experts are stunned after the celebrity scandal cover-up was leaked; the truth they don't want you to see. Experts are stunned after the miracle cure being hidden from the public was leaked; the truth they don't want you to see. Experts are stunned after the massive cover-up was leaked; the truth they don't want you to see. Experts are stunned after the miracle cure being hidden from the public was leaked; the truth they don't want you to see. Experts are stunned after the shocking conspiracy was leaked; the truth they don't want you to see. Experts are stunned after the hidden agenda was leaked; the truth they don't want you to see.,politics,27-Mar-2025
LEAKED: The hidden truth about the vaccine nobody wants you to see,"LEAKED!!! The hidden truth about the vaccine exposed by a whistleblower, share this NOW before they take it down! LEAKED!!! The shocking conspiracy exposed by a whistleblower, share this NOW before they take it down! LEAKED!!! The hidden truth about the vaccine exposed by a whistleblower, share this NOW before they take it down! LEAKED!!! The secret government plot exposed by a whistleblower, share this NOW before they take it down! LEAKED!!! The elite plan nobody is talking about exposed by a whistleblower, share this NOW before they take it down! LEAKED!!! The hidden truth about the vaccine exposed by a whistleblower, share this NOW before they take it down!",politics,14-Feb-2025
EXPOSED: The banned study reveals the truth nobody wants you to see,"EXPOSED!!! The miracle cure being hidden from the public exposed by a whistleblower, share this NOW before they take it down! EXPOSED!!! The massive cover-up exposed by a whistleblower, share this NOW before they take it down! EXPOSED!!! The secret government plot exposed by a whistleblower, share this NOW before they take it down! EXPOSED!!! The hidden agenda exposed by a whistleblower, share this NOW before they take it down! EXPOSED!!! The secret recording leaked online exposed by a whistleblower, share this NOW before they take it down! EXPOSED!!! The secret recording leaked online exposed by a whistleblower, share this NOW before they take it down!",News,13-Jun-2025
You Won't Believe: The massive cover-up nobody wants you to see,"You Won't Believe -- Doctors HATE this secret government plot, share before it gets deleted! You Won't Believe -- Doctors HATE this miracle cure being hidden from the public, share before it gets deleted! You Won't Believe -- Doctors HATE this banned study reveals the truth, share before it gets deleted! You Won't Believe -- Doctors HATE this insider reveals shocking secret, share before it gets deleted! You Won't Believe -- Doctors HATE this secret recording leaked online, share before it gets deleted! You Won't Believe -- Doctors HATE this banned study reveals the truth, share before it gets deleted!",left-news,21-May-2025
SHOCKING: The massive cover-up nobody wants you to see,SHOCKING: Insiders reveal the secret recording leaked online that will change everything you thought you knew!!! SHOCKING: Insiders reveal the hidden truth about the vaccine that will change everything you thought you knew!!! SHOCKING: Insiders reveal the banned study reveals the truth that will change everything you thought you knew!!! SHOCKING: Insiders reveal the massive cover-up that will change everything you thought you knew!!! SHOCKING: Insiders reveal the insider reveals shocking secret that will change everything you thought you knew!!! SHOCKING: Insiders reveal the insider reveals shocking secret that will change everything you thought you knew!!!,Government News,5-Apr-2025
SHOCKING: The secret recording leaked online nobody wants you to see,You won't believe what was just found about the massive cover-up; wake up before it's too late! You won't believe what was just found about the secret government plot; wake up before it's too late! You won't believe what was just found about the insider reveals shocking secret; wake up before it's too late! You won't believe what was just found about the miracle cure being hidden from the public; wake up before it's too late! You won't believe what was just found about the elite plan nobody is talking about; wake up before it's too late! You won't believe what was just found about the hidden truth about the vaccine; wake up before it's too late!,left-news,3-Jul-2025
LEAKED: The celebrity scandal cover-up nobody wants you to see,"LEAKED -- Doctors HATE this secret deal exposed, share before it gets deleted! LEAKED -- Doctors HATE this miracle cure being hidden from the public, share before it gets deleted! LEAKED -- Doctors HATE this secret government plot, share before it gets deleted! LEAKED -- Doctors HATE this shocking conspiracy, share before it gets deleted! LEAKED -- Doctors HATE this celebrity scandal cover-up, share before it gets deleted! LEAKED -- Doctors HATE this secret deal exposed, share before it gets deleted!",left-news,10-Nov-2025
BREAKING: The miracle cure being hidden from the public nobody wants you to see,You won't believe what was just found about the banned study reveals the truth; wake up before it's too late! You won't believe what was just found about the secret deal exposed; wake up before it's too late! You won't believe what was just found about the insider reveals shocking secret; wake up before it's too late! You won't believe what was just found about the hidden agenda; wake up before it's too late! You won't believe what was just found about the secret recording leaked online; wake up before it's too late! You won't believe what was just found about the hidden truth about the vaccine; wake up before it's too late!,politics,12-Nov-2025
You Won't Believe: The massive cover-up nobody wants you to see,This shocking conspiracy is being suppressed by the elites -- click to see the forbidden photos! This banned study reveals the truth is being suppressed by the elites -- click to see the forbidden photos! This banned study reveals the truth is being suppressed by the elites -- click to see the forbidden photos! This secret deal exposed is being suppressed by the elites -- click to see the forbidden photos! This banned study reveals the truth is being suppressed by the elites -- click to see the forbidden photos! This hidden agenda is being suppressed by the elites -- click to see the forbidden photos!,Government News,20-Jul-2025
You Won't Believe: The secret deal exposed nobody wants you to see,Experts are stunned after the massive cover-up was leaked; the truth they don't want you to see. Experts are stunned after the hidden truth about the vaccine was leaked; the truth they don't want you to see. Experts are stunned after the celebrity scandal cover-up was leaked; the truth they don't want you to see. Experts are stunned after the secret deal exposed was leaked; the truth they don't want you to see. Experts are stunned after the secret recording leaked online was leaked; the truth they don't want you to see. Experts are stunned after the secret deal exposed was leaked; the truth they don't want you to see.,News,2-Sep-2025
URGENT: The banned study reveals the truth nobody wants you to see,"URGENT!!! The shocking conspiracy exposed by a whistleblower, share this NOW before they take it down! URGENT!!! The secret recording leaked online exposed by a whistleblower, share this NOW before they take it down! URGENT!!! The secret recording leaked online exposed by a whistleblower, share this NOW before they take it down! URGENT!!! The insider reveals shocking secret exposed by a whistleblower, share this NOW before they take it down! URGENT!!! The celebrity scandal cover-up exposed by a whistleblower, share this NOW before they take it down! URGENT!!! The banned study reveals the truth exposed by a whistleblower, share this NOW before they take it down!",Government News,21-Nov-2025
You Won't Believe: The hidden agenda nobody wants you to see,"You Won't Believe: Anonymous source claims secret deal exposed, and the mainstream media refuses to cover it. You Won't Believe: Anonymous source claims miracle cure being hidden from the public, and the mainstream media refuses to cover it. You Won't Believe: Anonymous source claims banned study reveals the truth, and the mainstream media refuses to cover it. You Won't Believe: Anonymous source claims hidden agenda, and the mainstream media refuses to cover it. You Won't Believe: Anonymous source claims celebrity scandal cover-up, and the mainstream media refuses to cover it. You Won't Believe: Anonymous source claims celebrity scandal cover-up, and the mainstream media refuses to cover it.",conspiracy,27-Apr-2025
Mainstream Media Won't Tell You: The hidden agenda nobody wants you to see,This secret government plot is being suppressed by the elites -- click to see the forbidden photos! This elite plan nobody is talking about is being suppressed by the elites -- click to see the forbidden photos! This miracle cure being hidden from the public is being suppressed by the elites -- click to see the forbidden photos! This secret government plot is being suppressed by the elites -- click to see the forbidden photos! This elite plan nobody is talking about is being suppressed by the elites -- click to see the forbidden photos! This miracle cure being hidden from the public is being suppressed by the elites -- click to see the forbidden photos!,Government News,14-Jul-2025
You Won't Believe: The banned study reveals the truth nobody wants you to see,"You Won't Believe!!! The insider reveals shocking secret exposed by a whistleblower, share this NOW before they take it down! You Won't Believe!!! The hidden truth about the vaccine exposed by a whistleblower, share this NOW before they take it down! You Won't Believe!!! The hidden agenda exposed by a whistleblower, share this NOW before they take it down! You Won't Believe!!! The massive cover-up exposed by a whistleblower, share this NOW before they take it down! You Won't Believe!!! The hidden agenda exposed by a whistleblower, share this NOW before they take it down! You Won't Believe!!! The hidden truth about the vaccine exposed by a whistleblower, share this NOW before they take it down!",News,25-Sep-2025
SHOCKING: The miracle cure being hidden from the public nobody wants you to see,"SHOCKING!!! The secret recording leaked online exposed by a whistleblower, share this NOW before they take it down! SHOCKING!!! The banned study reveals the truth exposed by a whistleblower, share this NOW before they take it down! SHOCKING!!! The celebrity scandal cover-up exposed by a whistleblower, share this NOW before they take it down! SHOCKING!!! The celebrity scandal cover-up exposed by a whistleblower, share this NOW before they take it down! SHOCKING!!! The secret deal exposed exposed by a whistleblower, share this NOW before they take it down! SHOCKING!!! The secret government plot exposed by a whistleblower, share this NOW before they take it down!",News,14-Dec-2025
LEAKED: The massive cover-up nobody wants you to see,This insider reveals shocking secret is being suppressed by the elites -- click to see the forbidden photos! This banned study reveals the truth is being suppressed by the elites -- click to see the forbidden photos! This secret recording leaked online is being suppressed by the elites -- click to see the forbidden photos! This banned study reveals the truth is being suppressed by the elites -- click to see the forbidden photos! This hidden truth about the vaccine is being suppressed by the elites -- click to see the forbidden photos! This hidden agenda is being suppressed by the elites -- click to see the forbidden photos!,conspiracy,28-Mar-2025
EXPOSED: The celebrity scandal cover-up nobody wants you to see,EXPOSED: Insiders reveal the insider reveals shocking secret that will change everything you thought you knew!!! EXPOSED: Insiders reveal the hidden truth about the vaccine that will change everything you thought you knew!!! EXPOSED: Insiders reveal the hidden agenda that will change everything you thought you knew!!! EXPOSED: Insiders reveal the secret recording leaked online that will change everything you thought you knew!!! EXPOSED: Insiders reveal the miracle cure being hidden from the public that will change everything you thought you knew!!! EXPOSED: Insiders reveal the secret deal exposed that will change everything you thought you knew!!!,Government News,1-Jan-2025
Mainstream Media Won't Tell You: The miracle cure being hidden from the public nobody wants you to see,Mainstream Media Won't Tell You: Insiders reveal the celebrity scandal cover-up that will change everything you thought you knew!!! Mainstream Media Won't Tell You: Insiders reveal the secret recording leaked online that will change everything you thought you knew!!! Mainstream Media Won't Tell You: Insiders reveal the banned study reveals the truth that will change everything you thought you knew!!! Mainstream Media Won't Tell You: Insiders reveal the banned study reveals the truth that will change everything you thought you knew!!! Mainstream Media Won't Tell You: Insiders reveal the insider reveals shocking secret that will change everything you thought you knew!!! Mainstream Media Won't Tell You: Insiders reveal the secret deal exposed that will change everything you thought you knew!!!,Government News,24-Aug-2025
LEAKED: The hidden truth about the vaccine nobody wants you to see,Experts are stunned after the hidden truth about the vaccine was leaked; the truth they don't want you to see. Experts are stunned after the massive cover-up was leaked; the truth they don't want you to see. Experts are stunned after the insider reveals shocking secret was leaked; the truth they don't want you to see. Experts are stunned after the secret recording leaked online was leaked; the truth they don't want you to see. Experts are stunned after the insider reveals shocking secret was leaked; the truth they don't want you to see. Experts are stunned after the secret recording leaked online was leaked; the truth they don't want you to see.,left-news,26-May-2025
You Won't Believe: The celebrity scandal cover-up nobody wants you to see,"You Won't Believe -- Doctors HATE this secret government plot, share before it gets deleted! You Won't Believe -- Doctors HATE this shocking conspiracy, share before it gets deleted! You Won't Believe -- Doctors HATE this miracle cure being hidden from the public, share before it gets deleted! You Won't Believe -- Doctors HATE this secret government plot, share before it gets deleted! You Won't Believe -- Doctors HATE this insider reveals shocking secret, share before it gets deleted! You Won't Believe -- Doctors HATE this shocking conspiracy, share before it gets deleted!",News,7-Aug-2025
BREAKING: The secret recording leaked online nobody wants you to see,"BREAKING -- Doctors HATE this secret deal exposed, share before it gets deleted! BREAKING -- Doctors HATE this secret recording leaked online, share before it gets deleted! BREAKING -- Doctors HATE this elite plan nobody is talking about, share before it gets deleted! BREAKING -- Doctors HATE this shocking conspiracy, share before it gets deleted! BREAKING -- Doctors HATE this miracle cure being hidden from the public, share before it gets deleted! BREAKING -- Doctors HATE this hidden agenda, share before it gets deleted!",left-news,5-Aug-2025
Mainstream Media Won't Tell You: The secret government plot nobody wants you to see,Mainstream Media Won't Tell You: Insiders reveal the celebrity scandal cover-up that will change everything you thought you knew!!! Mainstream Media Won't Tell You: Insiders reveal the celebrity scandal cover-up that will change everything you thought you knew!!! Mainstream Media Won't Tell You: Insiders reveal the insider reveals shocking secret that will change everything you thought you knew!!! Mainstream Media Won't Tell You: Insiders reveal the insider reveals shocking secret that will change everything you thought you knew!!! Mainstream Media Won't Tell You: Insiders reveal the banned study reveals the truth that will change everything you thought you knew!!! Mainstream Media Won't Tell You: Insiders reveal the banned study reveals the truth that will change everything you thought you knew!!!,left-news,1-Aug-2025
EXPOSED: The shocking conspiracy nobody wants you to see,You won't believe what was just found about the hidden truth about the vaccine; wake up before it's too late! You won't believe what was just found about the secret deal exposed; wake up before it's too late! You won't believe what was just found about the secret government plot; wake up before it's too late! You won't believe what was just found about the massive cover-up; wake up before it's too late! You won't believe what was just found about the secret government plot; wake up before it's too late! You won't believe what was just found about the miracle cure being hidden from the public; wake up before it's too late!,left-news,14-Aug-2025
LEAKED: The secret government plot nobody wants you to see,"LEAKED: Anonymous source claims secret deal exposed, and the mainstream media refuses to cover it. LEAKED: Anonymous source claims banned study reveals the truth, and the mainstream media refuses to cover it. LEAKED: Anonymous source claims elite plan nobody is talking about, and the mainstream media refuses to cover it. LEAKED: Anonymous source claims hidden truth about the vaccine, and the mainstream media refuses to cover it. LEAKED: Anonymous source claims insider reveals shocking secret, and the mainstream media refuses to cover it. LEAKED: Anonymous source claims hidden truth about the vaccine, and the mainstream media refuses to cover it.",left-news,8-Dec-2025
SHOCKING: The elite plan nobody is talking about nobody wants you to see,SHOCKING: Insiders reveal the secret deal exposed that will change everything you thought you knew!!! SHOCKING: Insiders reveal the hidden truth about the vaccine that will change everything you thought you knew!!! SHOCKING: Insiders reveal the massive cover-up that will change everything you thought you knew!!! SHOCKING: Insiders reveal the elite plan nobody is talking about that will change everything you thought you knew!!! SHOCKING: Insiders reveal the miracle cure being hidden from the public that will change everything you thought you knew!!! SHOCKING: Insiders reveal the hidden agenda that will change everything you thought you knew!!!,left-news,16-Feb-2025
EXCLUSIVE: The hidden truth about the vaccine nobody wants you to see,"EXCLUSIVE!!! The massive cover-up exposed by a whistleblower, share this NOW before they take it down! EXCLUSIVE!!! The banned study reveals the truth exposed by a whistleblower, share this NOW before they take it down! EXCLUSIVE!!! The insider reveals shocking secret exposed by a whistleblower, share this NOW before they take it down! EXCLUSIVE!!! The secret deal exposed exposed by a whistleblower, share this NOW before they take it down! EXCLUSIVE!!! The secret government plot exposed by a whistleblower, share this NOW before they take it down! EXCLUSIVE!!! The celebrity scandal cover-up exposed by a whistleblower, share this NOW before they take it down!",conspiracy,24-Apr-2025
EXCLUSIVE: The massive cover-up nobody wants you to see,"EXCLUSIVE: Anonymous source claims shocking conspiracy, and the mainstream media refuses to cover it. EXCLUSIVE: Anonymous source claims elite plan nobody is talking about, and the mainstream media refuses to cover it. EXCLUSIVE: Anonymous source claims shocking conspiracy, and the mainstream media refuses to cover it. EXCLUSIVE: Anonymous source claims hidden truth about the vaccine, and the mainstream media refuses to cover it. EXCLUSIVE: Anonymous source claims secret recording leaked online, and the mainstream media refuses to cover it. EXCLUSIVE: Anonymous source claims massive cover-up, and the mainstream media refuses to cover it.",Government News,28-Dec-2025
EXCLUSIVE: The celebrity scandal cover-up nobody wants you to see,You won't believe what was just found about the insider reveals shocking secret; wake up before it's too late! You won't believe what was just found about the insider reveals shocking secret; wake up before it's too late! You won't believe what was just found about the secret deal exposed; wake up before it's too late! You won't believe what was just found about the secret deal exposed; wake up before it's too late! You won't believe what was just found about the secret recording leaked online; wake up before it's too late! You won't believe what was just found about the secret recording leaked online; wake up before it's too late!,conspiracy,26-Aug-2025
BREAKING: The hidden truth about the vaccine nobody wants you to see,"BREAKING -- Doctors HATE this hidden agenda, share before it gets deleted! BREAKING -- Doctors HATE this insider reveals shocking secret, share before it gets deleted! BREAKING -- Doctors HATE this insider reveals shocking secret, share before it gets deleted! BREAKING -- Doctors HATE this miracle cure being hidden from the public, share before it gets deleted! BREAKING -- Doctors HATE this secret recording leaked online, share before it gets deleted! BREAKING -- Doctors HATE this banned study reveals the truth, share before it gets deleted!",politics,6-Apr-2025
BREAKING: The hidden truth about the vaccine nobody wants you to see,"BREAKING: Anonymous source claims miracle cure being hidden from the public, and the mainstream media refuses to cover it. BREAKING: Anonymous source claims secret deal exposed, and the mainstream media refuses to cover it. BREAKING: Anonymous source claims banned study reveals the truth, and the mainstream media refuses to cover it. BREAKING: Anonymous source claims hidden agenda, and the mainstream media refuses to cover it. BREAKING: Anonymous source claims shocking conspiracy, and the mainstream media refuses to cover it. BREAKING: Anonymous source claims shocking conspiracy, and the mainstream media refuses to cover it.",Government News,2-Jan-2025
URGENT: The hidden agenda nobody wants you to see,You won't believe what was just found about the secret recording leaked online; wake up before it's too late! You won't believe what was just found about the celebrity scandal cover-up; wake up before it's too late! You won't believe what was just found about the celebrity scandal cover-up; wake up before it's too late! You won't believe what was just found about the elite plan nobody is talking about; wake up before it's too late! You won't believe what was just found about the secret government plot; wake up before it's too late! You won't believe what was just found about the miracle cure being hidden from the public; wake up before it's too late!,conspiracy,14-Feb-2025
EXPOSED: The miracle cure being hidden from the public nobody wants you to see,This shocking conspiracy is being suppressed by the elites -- click to see the forbidden photos! This banned study reveals the truth is being suppressed by the elites -- click to see the forbidden photos! This hidden agenda is being suppressed by the elites -- click to see the forbidden photos! This massive cover-up is being suppressed by the elites -- click to see the forbidden photos! This massive cover-up is being suppressed by the elites -- click to see the forbidden photos! This secret government plot is being suppressed by the elites -- click to see the forbidden photos!,Government News,9-Mar-2025
You Won't Believe: The insider reveals shocking secret nobody wants you to see,You Won't Believe: Insiders reveal the banned study reveals the truth that will change everything you thought you knew!!! You Won't Believe: Insiders reveal the banned study reveals the truth that will change everything you thought you knew!!! You Won't Believe: Insiders reveal the miracle cure being hidden from the public that will change everything you thought you knew!!! You Won't Believe: Insiders reveal the miracle cure being hidden from the public that will change everything you thought you knew!!! You Won't Believe: Insiders reveal the hidden truth about the vaccine that will change everything you thought you knew!!! You Won't Believe: Insiders reveal the hidden truth about the vaccine that will change everything you thought you knew!!!,News,27-Sep-2025
SHOCKING: The elite plan nobody is talking about nobody wants you to see,SHOCKING: Insiders reveal the celebrity scandal cover-up that will change everything you thought you knew!!! SHOCKING: Insiders reveal the secret recording leaked online that will change everything you thought you knew!!! SHOCKING: Insiders reveal the miracle cure being hidden from the public that will change everything you thought you knew!!! SHOCKING: Insiders reveal the shocking conspiracy that will change everything you thought you knew!!! SHOCKING: Insiders reveal the massive cover-up that will change everything you thought you knew!!! SHOCKING: Insiders reveal the celebrity scandal cover-up that will change everything you thought you knew!!!,conspiracy,23-Aug-2025
EXCLUSIVE: The insider reveals shocking secret nobody wants you to see,Experts are stunned after the miracle cure being hidden from the public was leaked; the truth they don't want you to see. Experts are stunned after the celebrity scandal cover-up was leaked; the truth they don't want you to see. Experts are stunned after the secret recording leaked online was leaked; the truth they don't want you to see. Experts are stunned after the massive cover-up was leaked; the truth they don't want you to see. Experts are stunned after the massive cover-up was leaked; the truth they don't want you to see. Experts are stunned after the celebrity scandal cover-up was leaked; the truth they don't want you to see.,News,28-Apr-2025
EXCLUSIVE: The secret deal exposed nobody wants you to see,Experts are stunned after the secret government plot was leaked; the truth they don't want you to see. Experts are stunned after the shocking conspiracy was leaked; the truth they don't want you to see. Experts are stunned after the banned study reveals the truth was leaked; the truth they don't want you to see. Experts are stunned after the massive cover-up was leaked; the truth they don't want you to see. Experts are stunned after the hidden agenda was leaked; the truth they don't want you to see. Experts are stunned after the elite plan nobody is talking about was leaked; the truth they don't want you to see.,politics,3-May-2025
URGENT: The insider reveals shocking secret nobody wants you to see,Experts are stunned after the secret deal exposed was leaked; the truth they don't want you to see. Experts are stunned after the massive cover-up was leaked; the truth they don't want you to see. Experts are stunned after the secret recording leaked online was leaked; the truth they don't want you to see. Experts are stunned after the secret recording leaked online was leaked; the truth they don't want you to see. Experts are stunned after the shocking conspiracy was leaked; the truth they don't want you to see. Experts are stunned after the celebrity scandal cover-up was leaked; the truth they don't want you to see.,Government News,14-Apr-2025
BREAKING: The secret deal exposed nobody wants you to see,"BREAKING: Anonymous source claims secret deal exposed, and the mainstream media refuses to cover it. BREAKING: Anonymous source claims banned study reveals the truth, and the mainstream media refuses to cover it. BREAKING: Anonymous source claims elite plan nobody is talking about, and the mainstream media refuses to cover it. BREAKING: Anonymous source claims secret recording leaked online, and the mainstream media refuses to cover it. BREAKING: Anonymous source claims massive cover-up, and the mainstream media refuses to cover it. BREAKING: Anonymous source claims secret government plot, and the mainstream media refuses to cover it.",left-news,5-Jan-2025
You Won't Believe: The miracle cure being hidden from the public nobody wants you to see,You won't believe what was just found about the massive cover-up; wake up before it's too late! You won't believe what was just found about the secret deal exposed; wake up before it's too late! You won't believe what was just found about the celebrity scandal cover-up; wake up before it's too late! You won't believe what was just found about the secret deal exposed; wake up before it's too late! You won't believe what was just found about the secret government plot; wake up before it's too late! You won't believe what was just found about the secret deal exposed; wake up before it's too late!,News,22-Nov-2025
BREAKING: The hidden truth about the vaccine nobody wants you to see,BREAKING: Insiders reveal the secret recording leaked online that will change everything you thought you knew!!! BREAKING: Insiders reveal the insider reveals shocking secret that will change everything you thought you knew!!! BREAKING: Insiders reveal the secret recording leaked online that will change everything you thought you knew!!! BREAKING: Insiders reveal the elite plan nobody is talking about that will change everything you thought you knew!!! BREAKING: Insiders reveal the hidden agenda that will change everything you thought you knew!!! BREAKING: Insiders reveal the secret deal exposed that will change everything you thought you knew!!!,left-news,22-Dec-2025
LEAKED: The insider reveals shocking secret nobody wants you to see,"LEAKED!!! The massive cover-up exposed by a whistleblower, share this NOW before they take it down! LEAKED!!! The massive cover-up exposed by a whistleblower, share this NOW before they take it down! LEAKED!!! The secret government plot exposed by a whistleblower, share this NOW before they take it down! LEAKED!!! The hidden agenda exposed by a whistleblower, share this NOW before they take it down! LEAKED!!! The elite plan nobody is talking about exposed by a whistleblower, share this NOW before they take it down! LEAKED!!! The hidden truth about the vaccine exposed by a whistleblower, share this NOW before they take it down!",politics,23-Jul-2025
EXCLUSIVE: The secret recording leaked online nobody wants you to see,"EXCLUSIVE -- Doctors HATE this elite plan nobody is talking about, share before it gets deleted! EXCLUSIVE -- Doctors HATE this hidden truth about the vaccine, share before it gets deleted! EXCLUSIVE -- Doctors HATE this hidden truth about the vaccine, share before it gets deleted! EXCLUSIVE -- Doctors HATE this secret recording leaked online, share before it gets deleted! EXCLUSIVE -- Doctors HATE this banned study reveals the truth, share before it gets deleted! EXCLUSIVE -- Doctors HATE this insider reveals shocking secret, share before it gets deleted!",conspiracy,26-Nov-2025
Mainstream Media Won't Tell You: The shocking conspiracy nobody wants you to see,You won't believe what was just found about the miracle cure being hidden from the public; wake up before it's too late! You won't believe what was just found about the secret government plot; wake up before it's too late! You won't believe what was just found about the elite plan nobody is talking about; wake up before it's too late! You won't believe what was just found about the massive cover-up; wake up before it's too late! You won't believe what was just found about the secret deal exposed; wake up before it's too late! You won't believe what was just found about the insider reveals shocking secret; wake up before it's too late!,politics,17-Sep-2025
LEAKED: The shocking conspiracy nobody wants you to see,LEAKED: Insiders reveal the elite plan nobody is talking about that will change everything you thought you knew!!! LEAKED: Insiders reveal the elite plan nobody is talking about that will change everything you thought you knew!!! LEAKED: Insiders reveal the hidden agenda that will change everything you thought you knew!!! LEAKED: Insiders reveal the elite plan nobody is talking about that will change everything you thought you knew!!! LEAKED: Insiders reveal the massive cover-up that will change everything you thought you knew!!! LEAKED: Insiders reveal the secret recording leaked online that will change everything you thought you knew!!!,politics,1-Jan-2025
LEAKED: The shocking conspiracy nobody wants you to see,Experts are stunned after the hidden agenda was leaked; the truth they don't want you to see. Experts are stunned after the insider reveals shocking secret was leaked; the truth they don't want you to see. Experts are stunned after the secret deal exposed was leaked; the truth they don't want you to see. Experts are stunned after the elite plan nobody is talking about was leaked; the truth they don't want you to see. Experts are stunned after the miracle cure being hidden from the public was leaked; the truth they don't want you to see. Experts are stunned after the insider reveals shocking secret was leaked; the truth they don't want you to see.,News,27-Jun-2025
LEAKED: The secret recording leaked online nobody wants you to see,This massive cover-up is being suppressed by the elites -- click to see the forbidden photos! This miracle cure being hidden from the public is being suppressed by the elites -- click to see the forbidden photos! This secret government plot is being suppressed by the elites -- click to see the forbidden photos! This secret recording leaked online is being suppressed by the elites -- click to see the forbidden photos! This miracle cure being hidden from the public is being suppressed by the elites -- click to see the forbidden photos! This banned study reveals the truth is being suppressed by the elites -- click to see the forbidden photos!,conspiracy,19-Dec-2025
SHOCKING: The banned study reveals the truth nobody wants you to see,You won't believe what was just found about the shocking conspiracy; wake up before it's too late! You won't believe what was just found about the insider reveals shocking secret; wake up before it's too late! You won't believe what was just found about the hidden truth about the vaccine; wake up before it's too late! You won't believe what was just found about the hidden truth about the vaccine; wake up before it's too late! You won't believe what was just found about the insider reveals shocking secret; wake up before it's too late! You won't believe what was just found about the secret recording leaked online; wake up before it's too late!,Government News,28-Oct-2025
EXPOSED: The massive cover-up nobody wants you to see,You won't believe what was just found about the hidden agenda; wake up before it's too late! You won't believe what was just found about the secret recording leaked online; wake up before it's too late! You won't believe what was just found about the insider reveals shocking secret; wake up before it's too late! You won't believe what was just found about the hidden truth about the vaccine; wake up before it's too late! You won't believe what was just found about the secret recording leaked online; wake up before it's too late! You won't believe what was just found about the celebrity scandal cover-up; wake up before it's too late!,left-news,17-Dec-2025
EXPOSED: The miracle cure being hidden from the public nobody wants you to see,You won't believe what was just found about the elite plan nobody is talking about; wake up before it's too late! You won't believe what was just found about the hidden truth about the vaccine; wake up before it's too late! You won't believe what was just found about the shocking conspiracy; wake up before it's too late! You won't believe what was just found about the massive cover-up; wake up before it's too late! You won't believe what was just found about the banned study reveals the truth; wake up before it's too late! You won't believe what was just found about the miracle cure being hidden from the public; wake up before it's too late!,politics,23-Jul-2025
Mainstream Media Won't Tell You: The miracle cure being hidden from the public nobody wants you to see,Mainstream Media Won't Tell You: Insiders reveal the secret government plot that will change everything you thought you knew!!! Mainstream Media Won't Tell You: Insiders reveal the secret deal exposed that will change everything you thought you knew!!! Mainstream Media Won't Tell You: Insiders reveal the celebrity scandal cover-up that will change everything you thought you knew!!! Mainstream Media Won't Tell You: Insiders reveal the banned study reveals the truth that will change everything you thought you knew!!! Mainstream Media Won't Tell You: Insiders reveal the shocking conspiracy that will change everything you thought you knew!!! Mainstream Media Won't Tell You: Insiders reveal the banned study reveals the truth that will change everything you thought you knew!!!,News,12-Nov-2025
Mainstream Media Won't Tell You: The hidden truth about the vaccine nobody wants you to see,This elite plan nobody is talking about is being suppressed by the elites -- click to see the forbidden photos! This secret deal exposed is being suppressed by the elites -- click to see the forbidden photos! This hidden agenda is being suppressed by the elites -- click to see the forbidden photos! This hidden truth about the vaccine is being suppressed by the elites -- click to see the forbidden photos! This banned study reveals the truth is being suppressed by the elites -- click to see the forbidden photos! This secret recording leaked online is being suppressed by the elites -- click to see the forbidden photos!,left-news,15-Dec-2025
EXCLUSIVE: The insider reveals shocking secret nobody wants you to see,"EXCLUSIVE: Anonymous source claims celebrity scandal cover-up, and the mainstream media refuses to cover it. EXCLUSIVE: Anonymous source claims celebrity scandal cover-up, and the mainstream media refuses to cover it. EXCLUSIVE: Anonymous source claims elite plan nobody is talking about, and the mainstream media refuses to cover it. EXCLUSIVE: Anonymous source claims celebrity scandal cover-up, and the mainstream media refuses to cover it. EXCLUSIVE: Anonymous source claims banned study reveals the truth, and the mainstream media refuses to cover it. EXCLUSIVE: Anonymous source claims insider reveals shocking secret, and the mainstream media refuses to cover it.",left-news,5-Dec-2025
You Won't Believe: The insider reveals shocking secret nobody wants you to see,"You Won't Believe -- Doctors HATE this banned study reveals the truth, share before it gets deleted! You Won't Believe -- Doctors HATE this banned study reveals the truth, share before it gets deleted! You Won't Believe -- Doctors HATE this secret government plot, share before it gets deleted! You Won't Believe -- Doctors HATE this insider reveals shocking secret, share before it gets deleted! You Won't Believe -- Doctors HATE this celebrity scandal cover-up, share before it gets deleted! You Won't Believe -- Doctors HATE this elite plan nobody is talking about, share before it gets deleted!",conspiracy,4-Oct-2025
Mainstream Media Won't Tell You: The miracle cure being hidden from the public nobody wants you to see,Mainstream Media Won't Tell You: Insiders reveal the massive cover-up that will change everything you thought you knew!!! Mainstream Media Won't Tell You: Insiders reveal the hidden truth about the vaccine that will change everything you thought you knew!!! Mainstream Media Won't Tell You: Insiders reveal the hidden agenda that will change everything you thought you knew!!! Mainstream Media Won't Tell You: Insiders reveal the secret government plot that will change everything you thought you knew!!! Mainstream Media Won't Tell You: Insiders reveal the elite plan nobody is talking about that will change everything you thought you knew!!! Mainstream Media Won't Tell You: Insiders reveal the celebrity scandal cover-up that will change everything you thought you knew!!!,News,12-May-2025
URGENT: The hidden agenda nobody wants you to see,You won't believe what was just found about the banned study reveals the truth; wake up before it's too late! You won't believe what was just found about the secret government plot; wake up before it's too late! You won't believe what was just found about the celebrity scandal cover-up; wake up before it's too late! You won't believe what was just found about the celebrity scandal cover-up; wake up before it's too late! You won't believe what was just found about the hidden truth about the vaccine; wake up before it's too late! You won't believe what was just found about the secret deal exposed; wake up before it's too late!,News,10-May-2025
EXPOSED: The celebrity scandal cover-up nobody wants you to see,Experts are stunned after the insider reveals shocking secret was leaked; the truth they don't want you to see. Experts are stunned after the banned study reveals the truth was leaked; the truth they don't want you to see. Experts are stunned after the secret government plot was leaked; the truth they don't want you to see. Experts are stunned after the miracle cure being hidden from the public was leaked; the truth they don't want you to see. Experts are stunned after the elite plan nobody is talking about was leaked; the truth they don't want you to see. Experts are stunned after the massive cover-up was leaked; the truth they don't want you to see.,News,28-Jan-2025
Mainstream Media Won't Tell You: The banned study reveals the truth nobody wants you to see,This hidden agenda is being suppressed by the elites -- click to see the forbidden photos! This hidden truth about the vaccine is being suppressed by the elites -- click to see the forbidden photos! This banned study reveals the truth is being suppressed by the elites -- click to see the forbidden photos! This massive cover-up is being suppressed by the elites -- click to see the forbidden photos! This secret deal exposed is being suppressed by the elites -- click to see the forbidden photos! This banned study reveals the truth is being suppressed by the elites -- click to see the forbidden photos!,Government News,5-Mar-2025
EXCLUSIVE: The banned study reveals the truth nobody wants you to see,"EXCLUSIVE!!! The banned study reveals the truth exposed by a whistleblower, share this NOW before they take it down! EXCLUSIVE!!! The celebrity scandal cover-up exposed by a whistleblower, share this NOW before they take it down! EXCLUSIVE!!! The insider reveals shocking secret exposed by a whistleblower, share this NOW before they take it down! EXCLUSIVE!!! The massive cover-up exposed by a whistleblower, share this NOW before they take it down! EXCLUSIVE!!! The miracle cure being hidden from the public exposed by a whistleblower, share this NOW before they take it down! EXCLUSIVE!!! The hidden truth about the vaccine exposed by a whistleblower, share this NOW before they take it down!",Government News,14-Jul-2025
EXPOSED: The secret deal exposed nobody wants you to see,You won't believe what was just found about the elite plan nobody is talking about; wake up before it's too late! You won't believe what was just found about the secret government plot; wake up before it's too late! You won't believe what was just found about the secret recording leaked online; wake up before it's too late! You won't believe what was just found about the banned study reveals the truth; wake up before it's too late! You won't believe what was just found about the insider reveals shocking secret; wake up before it's too late! You won't believe what was just found about the hidden agenda; wake up before it's too late!,News,28-Mar-2025
SHOCKING: The hidden truth about the vaccine nobody wants you to see,"SHOCKING!!! The insider reveals shocking secret exposed by a whistleblower, share this NOW before they take it down! SHOCKING!!! The hidden agenda exposed by a whistleblower, share this NOW before they take it down! SHOCKING!!! The elite plan nobody is talking about exposed by a whistleblower, share this NOW before they take it down! SHOCKING!!! The secret recording leaked online exposed by a whistleblower, share this NOW before they take it down! SHOCKING!!! The miracle cure being hidden from the public exposed by a whistleblower, share this NOW before they take it down! SHOCKING!!! The secret recording leaked online exposed by a whistleblower, share this NOW before they take it down!",Government News,3-Apr-2025
SHOCKING: The hidden truth about the vaccine nobody wants you to see,This shocking conspiracy is being suppressed by the elites -- click to see the forbidden photos! This banned study reveals the truth is being suppressed by the elites -- click to see the forbidden photos! This elite plan nobody is talking about is being suppressed by the elites -- click to see the forbidden photos! This secret government plot is being suppressed by the elites -- click to see the forbidden photos! This miracle cure being hidden from the public is being suppressed by the elites -- click to see the forbidden photos! This secret recording leaked online is being suppressed by the elites -- click to see the forbidden photos!,Government News,6-Jan-2025
LEAKED: The shocking conspiracy nobody wants you to see,"LEAKED -- Doctors HATE this insider reveals shocking secret, share before it gets deleted! LEAKED -- Doctors HATE this hidden truth about the vaccine, share before it gets deleted! LEAKED -- Doctors HATE this banned study reveals the truth, share before it gets deleted! LEAKED -- Doctors HATE this miracle cure being hidden from the public, share before it gets deleted! LEAKED -- Doctors HATE this elite plan nobody is talking about, share before it gets deleted! LEAKED -- Doctors HATE this hidden truth about the vaccine, share before it gets deleted!",conspiracy,13-Oct-2025
SHOCKING: The banned study reveals the truth nobody wants you to see,Experts are stunned after the secret government plot was leaked; the truth they don't want you to see. Experts are stunned after the massive cover-up was leaked; the truth they don't want you to see. Experts are stunned after the secret deal exposed was leaked; the truth they don't want you to see. Experts are stunned after the celebrity scandal cover-up was leaked; the truth they don't want you to see. Experts are stunned after the secret deal exposed was leaked; the truth they don't want you to see. Experts are stunned after the secret government plot was leaked; the truth they don't want you to see.,Government News,11-Jul-2025
LEAKED: The miracle cure being hidden from the public nobody wants you to see,LEAKED: Insiders reveal the miracle cure being hidden from the public that will change everything you thought you knew!!! LEAKED: Insiders reveal the elite plan nobody is talking about that will change everything you thought you knew!!! LEAKED: Insiders reveal the celebrity scandal cover-up that will change everything you thought you knew!!! LEAKED: Insiders reveal the hidden agenda that will change everything you thought you knew!!! LEAKED: Insiders reveal the celebrity scandal cover-up that will change everything you thought you knew!!! LEAKED: Insiders reveal the celebrity scandal cover-up that will change everything you thought you knew!!!,conspiracy,25-Feb-2025
BREAKING: The hidden agenda nobody wants you to see,"BREAKING: Anonymous source claims secret recording leaked online, and the mainstream media refuses to cover it. BREAKING: Anonymous source claims celebrity scandal cover-up, and the mainstream media refuses to cover it. BREAKING: Anonymous source claims secret government plot, and the mainstream media refuses to cover it. BREAKING: Anonymous source claims hidden truth about the vaccine, and the mainstream media refuses to cover it. BREAKING: Anonymous source claims massive cover-up, and the mainstream media refuses to cover it. BREAKING: Anonymous source claims celebrity scandal cover-up, and the mainstream media refuses to cover it.",News,23-Jan-2025
LEAKED: The secret deal exposed nobody wants you to see,LEAKED: Insiders reveal the massive cover-up that will change everything you thought you knew!!! LEAKED: Insiders reveal the celebrity scandal cover-up that will change everything you thought you knew!!! LEAKED: Insiders reveal the secret deal exposed that will change everything you thought you knew!!! LEAKED: Insiders reveal the massive cover-up that will change everything you thought you knew!!! LEAKED: Insiders reveal the hidden agenda that will change everything you thought you knew!!! LEAKED: Insiders reveal the secret deal exposed that will change everything you thought you knew!!!,News,2-Apr-2025
EXPOSED: The hidden truth about the vaccine nobody wants you to see,This shocking conspiracy is being suppressed by the elites -- click to see the forbidden photos! This banned study reveals the truth is being suppressed by the elites -- click to see the forbidden photos! This elite plan nobody is talking about is being suppressed by the elites -- click to see the forbidden photos! This elite plan nobody is talking about is being suppressed by the elites -- click to see the forbidden photos! This secret deal exposed is being suppressed by the elites -- click to see the forbidden photos! This miracle cure being hidden from the public is being suppressed by the elites -- click to see the forbidden photos!,conspiracy,2-Jun-2025
EXCLUSIVE: The elite plan nobody is talking about nobody wants you to see,"EXCLUSIVE: Anonymous source claims miracle cure being hidden from the public, and the mainstream media refuses to cover it. EXCLUSIVE: Anonymous source claims banned study reveals the truth, and the mainstream media refuses to cover it. EXCLUSIVE: Anonymous source claims secret government plot, and the mainstream media refuses to cover it. EXCLUSIVE: Anonymous source claims secret deal exposed, and the mainstream media refuses to cover it. EXCLUSIVE: Anonymous source claims secret recording leaked online, and the mainstream media refuses to cover it. EXCLUSIVE: Anonymous source claims shocking conspiracy, and the mainstream media refuses to cover it.",News,9-Sep-2025
You Won't Believe: The shocking conspiracy nobody wants you to see,Experts are stunned after the elite plan nobody is talking about was leaked; the truth they don't want you to see. Experts are stunned after the secret recording leaked online was leaked; the truth they don't want you to see. Experts are stunned after the celebrity scandal cover-up was leaked; the truth they don't want you to see. Experts are stunned after the hidden agenda was leaked; the truth they don't want you to see. Experts are stunned after the hidden truth about the vaccine was leaked; the truth they don't want you to see. Experts are stunned after the secret deal exposed was leaked; the truth they don't want you to see.,left-news,3-Nov-2025
EXPOSED: The celebrity scandal cover-up nobody wants you to see,You won't believe what was just found about the elite plan nobody is talking about; wake up before it's too late! You won't believe what was just found about the celebrity scandal cover-up; wake up before it's too late! You won't believe what was just found about the shocking conspiracy; wake up before it's too late! You won't believe what was just found about the elite plan nobody is talking about; wake up before it's too late! You won't believe what was just found about the secret deal exposed; wake up before it's too late! You won't believe what was just found about the elite plan nobody is talking about; wake up before it's too late!,left-news,2-Jan-2025
EXCLUSIVE: The hidden truth about the vaccine nobody wants you to see,You won't believe what was just found about the secret recording leaked online; wake up before it's too late! You won't believe what was just found about the celebrity scandal cover-up; wake up before it's too late! You won't believe what was just found about the secret government plot; wake up before it's too late! You won't believe what was just found about the secret government plot; wake up before it's too late! You won't believe what was just found about the banned study reveals the truth; wake up before it's too late! You won't believe what was just found about the hidden agenda; wake up before it's too late!,Government News,9-Nov-2025
Mainstream Media Won't Tell You: The massive cover-up nobody wants you to see,Experts are stunned after the secret recording leaked online was leaked; the truth they don't want you to see. Experts are stunned after the shocking conspiracy was leaked; the truth they don't want you to see. Experts are stunned after the hidden truth about the vaccine was leaked; the truth they don't want you to see. Experts are stunned after the elite plan nobody is talking about was leaked; the truth they don't want you to see. Experts are stunned after the hidden agenda was leaked; the truth they don't want you to see. Experts are stunned after the secret government plot was leaked; the truth they don't want you to see.,politics,24-Sep-2025
You Won't Believe: The hidden agenda nobody wants you to see,You Won't Believe: Insiders reveal the secret deal exposed that will change everything you thought you knew!!! You Won't Believe: Insiders reveal the insider reveals shocking secret that will change everything you thought you knew!!! You Won't Believe: Insiders reveal the miracle cure being hidden from the public that will change everything you thought you knew!!! You Won't Believe: Insiders reveal the celebrity scandal cover-up that will change everything you thought you knew!!! You Won't Believe: Insiders reveal the insider reveals shocking secret that will change everything you thought you knew!!! You Won't Believe: Insiders reveal the elite plan nobody is talking about that will change everything you thought you knew!!!,conspiracy,14-Apr-2025
URGENT: The secret recording leaked online nobody wants you to see,You won't believe what was just found about the secret recording leaked online; wake up before it's too late! You won't believe what was just found about the hidden agenda; wake up before it's too late! You won't believe what was just found about the insider reveals shocking secret; wake up before it's too late! You won't believe what was just found about the banned study reveals the truth; wake up before it's too late! You won't believe what was just found about the hidden agenda; wake up before it's too late! You won't believe what was just found about the shocking conspiracy; wake up before it's too late!,conspiracy,11-Apr-2025
EXCLUSIVE: The hidden truth about the vaccine nobody wants you to see,You won't believe what was just found about the secret government plot; wake up before it's too late! You won't believe what was just found about the insider reveals shocking secret; wake up before it's too late! You won't believe what was just found about the celebrity scandal cover-up; wake up before it's too late! You won't believe what was just found about the secret recording leaked online; wake up before it's too late! You won't believe what was just found about the secret government plot; wake up before it's too late! You won't believe what was just found about the hidden truth about the vaccine; wake up before it's too late!,left-news,1-Jan-2025
BREAKING: The secret deal exposed nobody wants you to see,This insider reveals shocking secret is being suppressed by the elites -- click to see the forbidden photos! This insider reveals shocking secret is being suppressed by the elites -- click to see the forbidden photos! This banned study reveals the truth is being suppressed by the elites -- click to see the forbidden photos! This secret deal exposed is being suppressed by the elites -- click to see the forbidden photos! This elite plan nobody is talking about is being suppressed by the elites -- click to see the forbidden photos! This miracle cure being hidden from the public is being suppressed by the elites -- click to see the forbidden photos!,News,18-Jan-2025
EXCLUSIVE: The secret recording leaked online nobody wants you to see,EXCLUSIVE: Insiders reveal the massive cover-up that will change everything you thought you knew!!! EXCLUSIVE: Insiders reveal the secret deal exposed that will change everything you thought you knew!!! EXCLUSIVE: Insiders reveal the hidden truth about the vaccine that will change everything you thought you knew!!! EXCLUSIVE: Insiders reveal the massive cover-up that will change everything you thought you knew!!! EXCLUSIVE: Insiders reveal the secret deal exposed that will change everything you thought you knew!!! EXCLUSIVE: Insiders reveal the celebrity scandal cover-up that will change everything you thought you knew!!!,News,4-Aug-2025
URGENT: The shocking conspiracy nobody wants you to see,"URGENT: Anonymous source claims secret government plot, and the mainstream media refuses to cover it. URGENT: Anonymous source claims shocking conspiracy, and the mainstream media refuses to cover it. URGENT: Anonymous source claims insider reveals shocking secret, and the mainstream media refuses to cover it. URGENT: Anonymous source claims secret government plot, and the mainstream media refuses to cover it. URGENT: Anonymous source claims hidden agenda, and the mainstream media refuses to cover it. URGENT: Anonymous source claims secret recording leaked online, and the mainstream media refuses to cover it.",conspiracy,7-Feb-2025
LEAKED: The insider reveals shocking secret nobody wants you to see,"LEAKED -- Doctors HATE this shocking conspiracy, share before it gets deleted! LEAKED -- Doctors HATE this banned study reveals the truth, share before it gets deleted! LEAKED -- Doctors HATE this massive cover-up, share before it gets deleted! LEAKED -- Doctors HATE this secret government plot, share before it gets deleted! LEAKED -- Doctors HATE this hidden agenda, share before it gets deleted! LEAKED -- Doctors HATE this banned study reveals the truth, share before it gets deleted!",Government News,7-Jan-2025
EXPOSED: The secret recording leaked online nobody wants you to see,"EXPOSED: Anonymous source claims miracle cure being hidden from the public, and the mainstream media refuses to cover it. EXPOSED: Anonymous source claims hidden agenda, and the mainstream media refuses to cover it. EXPOSED: Anonymous source claims hidden truth about the vaccine, and the mainstream media refuses to cover it. EXPOSED: Anonymous source claims elite plan nobody is talking about, and the mainstream media refuses to cover it. EXPOSED: Anonymous source claims banned study reveals the truth, and the mainstream media refuses to cover it. EXPOSED: Anonymous source claims celebrity scandal cover-up, and the mainstream media refuses to cover it.",Government News,7-Nov-2025
BREAKING: The miracle cure being hidden from the public nobody wants you to see,This celebrity scandal cover-up is being suppressed by the elites -- click to see the forbidden photos! This insider reveals shocking secret is being suppressed by the elites -- click to see the forbidden photos! This miracle cure being hidden from the public is being suppressed by the elites -- click to see the forbidden photos! This celebrity scandal cover-up is being suppressed by the elites -- click to see the forbidden photos! This hidden agenda is being suppressed by the elites -- click to see the forbidden photos! This hidden truth about the vaccine is being suppressed by the elites -- click to see the forbidden photos!,politics,17-Dec-2025
LEAKED: The shocking conspiracy nobody wants you to see,Experts are stunned after the secret recording leaked online was leaked; the truth they don't want you to see. Experts are stunned after the secret government plot was leaked; the truth they don't want you to see. Experts are stunned after the insider reveals shocking secret was leaked; the truth they don't want you to see. Experts are stunned after the secret recording leaked online was leaked; the truth they don't want you to see. Experts are stunned after the elite plan nobody is talking about was leaked; the truth they don't want you to see. Experts are stunned after the hidden truth about the vaccine was leaked; the truth they don't want you to see.,conspiracy,22-Sep-2025
EXCLUSIVE: The secret government plot nobody wants you to see,"EXCLUSIVE: Anonymous source claims secret recording leaked online, and the mainstream media refuses to cover it. EXCLUSIVE: Anonymous source claims secret recording leaked online, and the mainstream media refuses to cover it. EXCLUSIVE: Anonymous source claims secret recording leaked online, and the mainstream media refuses to cover it. EXCLUSIVE: Anonymous source claims secret government plot, and the mainstream media refuses to cover it. EXCLUSIVE: Anonymous source claims massive cover-up, and the mainstream media refuses to cover it. EXCLUSIVE: Anonymous source claims secret deal exposed, and the mainstream media refuses to cover it.",left-news,9-Feb-2025
EXCLUSIVE: The banned study reveals the truth nobody wants you to see,You won't believe what was just found about the elite plan nobody is talking about; wake up before it's too late! You won't believe what was just found about the secret government plot; wake up before it's too late! You won't believe what was just found about the insider reveals shocking secret; wake up before it's too late! You won't believe what was just found about the shocking conspiracy; wake up before it's too late! You won't believe what was just found about the secret government plot; wake up before it's too late! You won't believe what was just found about the hidden agenda; wake up before it's too late!,left-news,18-Aug-2025
URGENT: The secret government plot nobody wants you to see,"URGENT: Anonymous source claims shocking conspiracy, and the mainstream media refuses to cover it. URGENT: Anonymous source claims massive cover-up, and the mainstream media refuses to cover it. URGENT: Anonymous source claims miracle cure being hidden from the public, and the mainstream media refuses to cover it. URGENT: Anonymous source claims hidden truth about the vaccine, and the mainstream media refuses to cover it. URGENT: Anonymous source claims secret government plot, and the mainstream media refuses to cover it. URGENT: Anonymous source claims insider reveals shocking secret, and the mainstream media refuses to cover it.",politics,23-Jul-2025
You Won't Believe: The shocking conspiracy nobody wants you to see,"You Won't Believe -- Doctors HATE this celebrity scandal cover-up, share before it gets deleted! You Won't Believe -- Doctors HATE this massive cover-up, share before it gets deleted! You Won't Believe -- Doctors HATE this hidden agenda, share before it gets deleted! You Won't Believe -- Doctors HATE this miracle cure being hidden from the public, share before it gets deleted! You Won't Believe -- Doctors HATE this secret recording leaked online, share before it gets deleted! You Won't Believe -- Doctors HATE this secret recording leaked online, share before it gets deleted!",News,1-Aug-2025
Mainstream Media Won't Tell You: The secret government plot nobody wants you to see,This secret recording leaked online is being suppressed by the elites -- click to see the forbidden photos! This massive cover-up is being suppressed by the elites -- click to see the forbidden photos! This hidden agenda is being suppressed by the elites -- click to see the forbidden photos! This shocking conspiracy is being suppressed by the elites -- click to see the forbidden photos! This miracle cure being hidden from the public is being suppressed by the elites -- click to see the forbidden photos! This banned study reveals the truth is being suppressed by the elites -- click to see the forbidden photos!,politics,11-Jan-2025
URGENT: The elite plan nobody is talking about nobody wants you to see,Experts are stunned after the shocking conspiracy was leaked; the truth they don't want you to see. Experts are stunned after the miracle cure being hidden from the public was leaked; the truth they don't want you to see. Experts are stunned after the hidden truth about the vaccine was leaked; the truth they don't want you to see. Experts are stunned after the hidden truth about the vaccine was leaked; the truth they don't want you to see. Experts are stunned after the banned study reveals the truth was leaked; the truth they don't want you to see. Experts are stunned after the miracle cure being hidden from the public was leaked; the truth they don't want you to see.,left-news,19-Feb-2025
You Won't Believe: The secret government plot nobody wants you to see,You Won't Believe: Insiders reveal the secret deal exposed that will change everything you thought you knew!!! You Won't Believe: Insiders reveal the massive cover-up that will change everything you thought you knew!!! You Won't Believe: Insiders reveal the insider reveals shocking secret that will change everything you thought you knew!!! You Won't Believe: Insiders reveal the miracle cure being hidden from the public that will change everything you thought you knew!!! You Won't Believe: Insiders reveal the celebrity scandal cover-up that will change everything you thought you knew!!! You Won't Believe: Insiders reveal the secret government plot that will change everything you thought you knew!!!,left-news,2-May-2025
Mainstream Media Won't Tell You: The miracle cure being hidden from the public nobody wants you to see,Mainstream Media Won't Tell You: Insiders reveal the secret recording leaked online that will change everything you thought you knew!!! Mainstream Media Won't Tell You: Insiders reveal the secret government plot that will change everything you thought you knew!!! Mainstream Media Won't Tell You: Insiders reveal the elite plan nobody is talking about that will change everything you thought you knew!!! Mainstream Media Won't Tell You: Insiders reveal the secret government plot that will change everything you thought you knew!!! Mainstream Media Won't Tell You: Insiders reveal the hidden agenda that will change everything you thought you knew!!! Mainstream Media Won't Tell You: Insiders reveal the secret deal exposed that will change everything you thought you knew!!!,left-news,4-Oct-2025
Mainstream Media Won't Tell You: The shocking conspiracy nobody wants you to see,Experts are stunned after the hidden truth about the vaccine was leaked; the truth they don't want you to see. Experts are stunned after the secret recording leaked online was leaked; the truth they don't want you to see. Experts are stunned after the hidden truth about the vaccine was leaked; the truth they don't want you to see. Experts are stunned after the secret government plot was leaked; the truth they don't want you to see. Experts are stunned after the banned study reveals the truth was leaked; the truth they don't want you to see. Experts are stunned after the secret deal exposed was leaked; the truth they don't want you to see.,left-news,26-Jul-2025
You Won't Believe: The massive cover-up nobody wants you to see,"You Won't Believe!!! The secret recording leaked online exposed by a whistleblower, share this NOW before they take it down! You Won't Believe!!! The secret government plot exposed by a whistleblower, share this NOW before they take it down! You Won't Believe!!! The banned study reveals the truth exposed by a whistleblower, share this NOW before they take it down! You Won't Believe!!! The elite plan nobody is talking about exposed by a whistleblower, share this NOW before they take it down! You Won't Believe!!! The massive cover-up exposed by a whistleblower, share this NOW before they take it down! You Won't Believe!!! The hidden truth about the vaccine exposed by a whistleblower, share this NOW before they take it down!",politics,4-Feb-2025
SHOCKING: The hidden truth about the vaccine nobody wants you to see,"SHOCKING!!! The miracle cure being hidden from the public exposed by a whistleblower, share this NOW before they take it down! SHOCKING!!! The hidden truth about the vaccine exposed by a whistleblower, share this NOW before they take it down! SHOCKING!!! The shocking conspiracy exposed by a whistleblower, share this NOW before they take it down! SHOCKING!!! The hidden truth about the vaccine exposed by a whistleblower, share this NOW before they take it down! SHOCKING!!! The celebrity scandal cover-up exposed by a whistleblower, share this NOW before they take it down! SHOCKING!!! The secret recording leaked online exposed by a whistleblower, share this NOW before they take it down!",Government News,9-Jun-2025
Mainstream Media Won't Tell You: The banned study reveals the truth nobody wants you to see,"Mainstream Media Won't Tell You!!! The hidden truth about the vaccine exposed by a whistleblower, share this NOW before they take it down! Mainstream Media Won't Tell You!!! The banned study reveals the truth exposed by a whistleblower, share this NOW before they take it down! Mainstream Media Won't Tell You!!! The celebrity scandal cover-up exposed by a whistleblower, share this NOW before they take it down! Mainstream Media Won't Tell You!!! The shocking conspiracy exposed by a whistleblower, share this NOW before they take it down! Mainstream Media Won't Tell You!!! The celebrity scandal cover-up exposed by a whistleblower, share this NOW before they take it down! Mainstream Media Won't Tell You!!! The secret government plot exposed by a whistleblower, share this NOW before they take it down!",News,5-May-2025
Mainstream Media Won't Tell You: The elite plan nobody is talking about nobody wants you to see,"Mainstream Media Won't Tell You!!! The massive cover-up exposed by a whistleblower, share this NOW before they take it down! Mainstream Media Won't Tell You!!! The hidden agenda exposed by a whistleblower, share this NOW before they take it down! Mainstream Media Won't Tell You!!! The hidden truth about the vaccine exposed by a whistleblower, share this NOW before they take it down! Mainstream Media Won't Tell You!!! The elite plan nobody is talking about exposed by a whistleblower, share this NOW before they take it down! Mainstream Media Won't Tell You!!! The celebrity scandal cover-up exposed by a whistleblower, share this NOW before they take it down! Mainstream Media Won't Tell You!!! The celebrity scandal cover-up exposed by a whistleblower, share this NOW before they take it down!",left-news,10-Oct-2025
URGENT: The hidden agenda nobody wants you to see,You won't believe what was just found about the secret government plot; wake up before it's too late! You won't believe what was just found about the elite plan nobody is talking about; wake up before it's too late! You won't believe what was just found about the hidden truth about the vaccine; wake up before it's too late! You won't believe what was just found about the secret recording leaked online; wake up before it's too late! You won't believe what was just found about the secret recording leaked online; wake up before it's too late! You won't believe what was just found about the celebrity scandal cover-up; wake up before it's too late!,News,8-Sep-2025
SHOCKING: The secret deal exposed nobody wants you to see,You won't believe what was just found about the shocking conspiracy; wake up before it's too late! You won't believe what was just found about the shocking conspiracy; wake up before it's too late! You won't believe what was just found about the secret recording leaked online; wake up before it's too late! You won't believe what was just found about the shocking conspiracy; wake up before it's too late! You won't believe what was just found about the miracle cure being hidden from the public; wake up before it's too late! You won't believe what was just found about the massive cover-up; wake up before it's too late!,politics,22-Aug-2025
EXCLUSIVE: The hidden truth about the vaccine nobody wants you to see,"EXCLUSIVE!!! The massive cover-up exposed by a whistleblower, share this NOW before they take it down! EXCLUSIVE!!! The hidden truth about the vaccine exposed by a whistleblower, share this NOW before they take it down! EXCLUSIVE!!! The hidden truth about the vaccine exposed by a whistleblower, share this NOW before they take it down! EXCLUSIVE!!! The massive cover-up exposed by a whistleblower, share this NOW before they take it down! EXCLUSIVE!!! The hidden truth about the vaccine exposed by a whistleblower, share this NOW before they take it down! EXCLUSIVE!!! The hidden agenda exposed by a whistleblower, share this NOW before they take it down!",left-news,11-Mar-2025
You Won't Believe: The banned study reveals the truth nobody wants you to see,Experts are stunned after the secret government plot was leaked; the truth they don't want you to see. Experts are stunned after the banned study reveals the truth was leaked; the truth they don't want you to see. Experts are stunned after the shocking conspiracy was leaked; the truth they don't want you to see. Experts are stunned after the secret government plot was leaked; the truth they don't want you to see. Experts are stunned after the secret recording leaked online was leaked; the truth they don't want you to see. Experts are stunned after the shocking conspiracy was leaked; the truth they don't want you to see.,politics,15-Oct-2025
EXPOSED: The shocking conspiracy nobody wants you to see,"EXPOSED: Anonymous source claims insider reveals shocking secret, and the mainstream media refuses to cover it. EXPOSED: Anonymous source claims massive cover-up, and the mainstream media refuses to cover it. EXPOSED: Anonymous source claims insider reveals shocking secret, and the mainstream media refuses to cover it. EXPOSED: Anonymous source claims secret deal exposed, and the mainstream media refuses to cover it. EXPOSED: Anonymous source claims shocking conspiracy, and the mainstream media refuses to cover it. EXPOSED: Anonymous source claims secret deal exposed, and the mainstream media refuses to cover it.",politics,27-Jan-2025
URGENT: The secret government plot nobody wants you to see,URGENT: Insiders reveal the massive cover-up that will change everything you thought you knew!!! URGENT: Insiders reveal the secret government plot that will change everything you thought you knew!!! URGENT: Insiders reveal the elite plan nobody is talking about that will change everything you thought you knew!!! URGENT: Insiders reveal the miracle cure being hidden from the public that will change everything you thought you knew!!! URGENT: Insiders reveal the celebrity scandal cover-up that will change everything you thought you knew!!! URGENT: Insiders reveal the hidden agenda that will change everything you thought you knew!!!,left-news,7-Nov-2025
URGENT: The secret government plot nobody wants you to see,URGENT: Insiders reveal the shocking conspiracy that will change everything you thought you knew!!! URGENT: Insiders reveal the shocking conspiracy that will change everything you thought you knew!!! URGENT: Insiders reveal the hidden agenda that will change everything you thought you knew!!! URGENT: Insiders reveal the celebrity scandal cover-up that will change everything you thought you knew!!! URGENT: Insiders reveal the shocking conspiracy that will change everything you thought you knew!!! URGENT: Insiders reveal the hidden agenda that will change everything you thought you knew!!!,politics,11-Sep-2025
EXPOSED: The celebrity scandal cover-up nobody wants you to see,"EXPOSED -- Doctors HATE this secret government plot, share before it gets deleted! EXPOSED -- Doctors HATE this celebrity scandal cover-up, share before it gets deleted! EXPOSED -- Doctors HATE this hidden agenda, share before it gets deleted! EXPOSED -- Doctors HATE this miracle cure being hidden from the public, share before it gets deleted! EXPOSED -- Doctors HATE this secret government plot, share before it gets deleted! EXPOSED -- Doctors HATE this secret recording leaked online, share before it gets deleted!",politics,13-Nov-2025
You Won't Believe: The massive cover-up nobody wants you to see,"You Won't Believe -- Doctors HATE this hidden agenda, share before it gets deleted! You Won't Believe -- Doctors HATE this banned study reveals the truth, share before it gets deleted! You Won't Believe -- Doctors HATE this shocking conspiracy, share before it gets deleted! You Won't Believe -- Doctors HATE this massive cover-up, share before it gets deleted! You Won't Believe -- Doctors HATE this massive cover-up, share before it gets deleted! You Won't Believe -- Doctors HATE this secret recording leaked online, share before it gets deleted!",politics,17-Oct-2025
Mainstream Media Won't Tell You: The insider reveals shocking secret nobody wants you to see,Mainstream Media Won't Tell You: Insiders reveal the miracle cure being hidden from the public that will change everything you thought you knew!!! Mainstream Media Won't Tell You: Insiders reveal the celebrity scandal cover-up that will change everything you thought you knew!!! Mainstream Media Won't Tell You: Insiders reveal the celebrity scandal cover-up that will change everything you thought you knew!!! Mainstream Media Won't Tell You: Insiders reveal the shocking conspiracy that will change everything you thought you knew!!! Mainstream Media Won't Tell You: Insiders reveal the shocking conspiracy that will change everything you thought you knew!!! Mainstream Media Won't Tell You: Insiders reveal the elite plan nobody is talking about that will change everything you thought you knew!!!,left-news,23-Jun-2025
URGENT: The hidden truth about the vaccine nobody wants you to see,"URGENT: Anonymous source claims secret recording leaked online, and the mainstream media refuses to cover it. URGENT: Anonymous source claims shocking conspiracy, and the mainstream media refuses to cover it. URGENT: Anonymous source claims secret government plot, and the mainstream media refuses to cover it. URGENT: Anonymous source claims hidden truth about the vaccine, and the mainstream media refuses to cover it. URGENT: Anonymous source claims hidden truth about the vaccine, and the mainstream media refuses to cover it. URGENT: Anonymous source claims shocking conspiracy, and the mainstream media refuses to cover it.",Government News,10-Mar-2025
URGENT: The shocking conspiracy nobody wants you to see,URGENT: Insiders reveal the secret recording leaked online that will change everything you thought you knew!!! URGENT: Insiders reveal the hidden agenda that will change everything you thought you knew!!! URGENT: Insiders reveal the celebrity scandal cover-up that will change everything you thought you knew!!! URGENT: Insiders reveal the elite plan nobody is talking about that will change everything you thought you knew!!! URGENT: Insiders reveal the hidden truth about the vaccine that will change everything you thought you knew!!! URGENT: Insiders reveal the banned study reveals the truth that will change everything you thought you knew!!!,politics,24-Feb-2025
EXCLUSIVE: The secret recording leaked online nobody wants you to see,This miracle cure being hidden from the public is being suppressed by the elites -- click to see the forbidden photos! This celebrity scandal cover-up is being suppressed by the elites -- click to see the forbidden photos! This elite plan nobody is talking about is being suppressed by the elites -- click to see the forbidden photos! This secret deal exposed is being suppressed by the elites -- click to see the forbidden photos! This secret recording leaked online is being suppressed by the elites -- click to see the forbidden photos! This elite plan nobody is talking about is being suppressed by the elites -- click to see the forbidden photos!,conspiracy,16-Sep-2025
EXCLUSIVE: The celebrity scandal cover-up nobody wants you to see,You won't believe what was just found about the insider reveals shocking secret; wake up before it's too late! You won't believe what was just found about the massive cover-up; wake up before it's too late! You won't believe what was just found about the elite plan nobody is talking about; wake up before it's too late! You won't believe what was just found about the insider reveals shocking secret; wake up before it's too late! You won't believe what was just found about the banned study reveals the truth; wake up before it's too late! You won't believe what was just found about the insider reveals shocking secret; wake up before it's too late!,left-news,16-May-2025
Mainstream Media Won't Tell You: The secret recording leaked online nobody wants you to see,Experts are stunned after the hidden truth about the vaccine was leaked; the truth they don't want you to see. Experts are stunned after the secret recording leaked online was leaked; the truth they don't want you to see. Experts are stunned after the secret government plot was leaked; the truth they don't want you to see. Experts are stunned after the shocking conspiracy was leaked; the truth they don't want you to see. Experts are stunned after the shocking conspiracy was leaked; the truth they don't want you to see. Experts are stunned after the shocking conspiracy was leaked; the truth they don't want you to see.,left-news,28-Apr-2025
Mainstream Media Won't Tell You: The shocking conspiracy nobody wants you to see,You won't believe what was just found about the secret deal exposed; wake up before it's too late! You won't believe what was just found about the secret deal exposed; wake up before it's too late! You won't believe what was just found about the hidden truth about the vaccine; wake up before it's too late! You won't believe what was just found about the celebrity scandal cover-up; wake up before it's too late! You won't believe what was just found about the massive cover-up; wake up before it's too late! You won't believe what was just found about the hidden agenda; wake up before it's too late!,Government News,3-Mar-2025
You Won't Believe: The hidden agenda nobody wants you to see,"You Won't Believe: Anonymous source claims elite plan nobody is talking about, and the mainstream media refuses to cover it. You Won't Believe: Anonymous source claims massive cover-up, and the mainstream media refuses to cover it. You Won't Believe: Anonymous source claims shocking conspiracy, and the mainstream media refuses to cover it. You Won't Believe: Anonymous source claims hidden truth about the vaccine, and the mainstream media refuses to cover it. You Won't Believe: Anonymous source claims secret government plot, and the mainstream media refuses to cover it. You Won't Believe: Anonymous source claims banned study reveals the truth, and the mainstream media refuses to cover it.",Government News,20-Jun-2025
Mainstream Media Won't Tell You: The banned study reveals the truth nobody wants you to see,"Mainstream Media Won't Tell You: Anonymous source claims secret deal exposed, and the mainstream media refuses to cover it. Mainstream Media Won't Tell You: Anonymous source claims secret deal exposed, and the mainstream media refuses to cover it. Mainstream Media Won't Tell You: Anonymous source claims massive cover-up, and the mainstream media refuses to cover it. Mainstream Media Won't Tell You: Anonymous source claims banned study reveals the truth, and the mainstream media refuses to cover it. Mainstream Media Won't Tell You: Anonymous source claims massive cover-up, and the mainstream media refuses to cover it. Mainstream Media Won't Tell You: Anonymous source claims hidden agenda, and the mainstream media refuses to cover it.",left-news,1-Mar-2025
EXCLUSIVE: The shocking conspiracy nobody wants you to see,You won't believe what was just found about the secret recording leaked online; wake up before it's too late! You won't believe what was just found about the miracle cure being hidden from the public; wake up before it's too late! You won't believe what was just found about the massive cover-up; wake up before it's too late! You won't believe what was just found about the miracle cure being hidden from the public; wake up before it's too late! You won't believe what was just found about the hidden agenda; wake up before it's too late! You won't believe what was just found about the elite plan nobody is talking about; wake up before it's too late!,Government News,18-Nov-2025
You Won't Believe: The hidden agenda nobody wants you to see,"You Won't Believe -- Doctors HATE this miracle cure being hidden from the public, share before it gets deleted! You Won't Believe -- Doctors HATE this miracle cure being hidden from the public, share before it gets deleted! You Won't Believe -- Doctors HATE this miracle cure being hidden from the public, share before it gets deleted! You Won't Believe -- Doctors HATE this massive cover-up, share before it gets deleted! You Won't Believe -- Doctors HATE this secret government plot, share before it gets deleted! You Won't Believe -- Doctors HATE this elite plan nobody is talking about, share before it gets deleted!",politics,11-Apr-2025
URGENT: The hidden agenda nobody wants you to see,You won't believe what was just found about the insider reveals shocking secret; wake up before it's too late! You won't believe what was just found about the secret recording leaked online; wake up before it's too late! You won't believe what was just found about the hidden agenda; wake up before it's too late! You won't believe what was just found about the shocking conspiracy; wake up before it's too late! You won't believe what was just found about the insider reveals shocking secret; wake up before it's too late! You won't believe what was just found about the hidden truth about the vaccine; wake up before it's too late!,politics,28-Dec-2025
LEAKED: The secret government plot nobody wants you to see,Experts are stunned after the hidden agenda was leaked; the truth they don't want you to see. Experts are stunned after the hidden agenda was leaked; the truth they don't want you to see. Experts are stunned after the massive cover-up was leaked; the truth they don't want you to see. Experts are stunned after the secret deal exposed was leaked; the truth they don't want you to see. Experts are stunned after the secret deal exposed was leaked; the truth they don't want you to see. Experts are stunned after the hidden truth about the vaccine was leaked; the truth they don't want you to see.,News,16-Nov-2025
BREAKING: The secret deal exposed nobody wants you to see,"BREAKING -- Doctors HATE this shocking conspiracy, share before it gets deleted! BREAKING -- Doctors HATE this insider reveals shocking secret, share before it gets deleted! BREAKING -- Doctors HATE this insider reveals shocking secret, share before it gets deleted! BREAKING -- Doctors HATE this shocking conspiracy, share before it gets deleted! BREAKING -- Doctors HATE this banned study reveals the truth, share before it gets deleted! BREAKING -- Doctors HATE this shocking conspiracy, share before it gets deleted!",Government News,19-Sep-2025
EXCLUSIVE: The insider reveals shocking secret nobody wants you to see,Experts are stunned after the banned study reveals the truth was leaked; the truth they don't want you to see. Experts are stunned after the massive cover-up was leaked; the truth they don't want you to see. Experts are stunned after the miracle cure being hidden from the public was leaked; the truth they don't want you to see. Experts are stunned after the massive cover-up was leaked; the truth they don't want you to see. Experts are stunned after the shocking conspiracy was leaked; the truth they don't want you to see. Experts are stunned after the secret deal exposed was leaked; the truth they don't want you to see.,left-news,7-Aug-2025
EXCLUSIVE: The elite plan nobody is talking about nobody wants you to see,EXCLUSIVE: Insiders reveal the massive cover-up that will change everything you thought you knew!!! EXCLUSIVE: Insiders reveal the celebrity scandal cover-up that will change everything you thought you knew!!! EXCLUSIVE: Insiders reveal the hidden truth about the vaccine that will change everything you thought you knew!!! EXCLUSIVE: Insiders reveal the celebrity scandal cover-up that will change everything you thought you knew!!! EXCLUSIVE: Insiders reveal the hidden agenda that will change everything you thought you knew!!! EXCLUSIVE: Insiders reveal the insider reveals shocking secret that will change everything you thought you knew!!!,News,16-Nov-2025
URGENT: The massive cover-up nobody wants you to see,"URGENT -- Doctors HATE this secret deal exposed, share before it gets deleted! URGENT -- Doctors HATE this secret deal exposed, share before it gets deleted! URGENT -- Doctors HATE this secret recording leaked online, share before it gets deleted! URGENT -- Doctors HATE this secret deal exposed, share before it gets deleted! URGENT -- Doctors HATE this insider reveals shocking secret, share before it gets deleted! URGENT -- Doctors HATE this elite plan nobody is talking about, share before it gets deleted!",conspiracy,11-Oct-2025
SHOCKING: The hidden truth about the vaccine nobody wants you to see,Experts are stunned after the secret government plot was leaked; the truth they don't want you to see. Experts are stunned after the celebrity scandal cover-up was leaked; the truth they don't want you to see. Experts are stunned after the celebrity scandal cover-up was leaked; the truth they don't want you to see. Experts are stunned after the massive cover-up was leaked; the truth they don't want you to see. Experts are stunned after the hidden truth about the vaccine was leaked; the truth they don't want you to see. Experts are stunned after the secret recording leaked online was leaked; the truth they don't want you to see.,Government News,20-Oct-2025
Mainstream Media Won't Tell You: The secret deal exposed nobody wants you to see,"Mainstream Media Won't Tell You -- Doctors HATE this secret deal exposed, share before it gets deleted! Mainstream Media Won't Tell You -- Doctors HATE this miracle cure being hidden from the public, share before it gets deleted! Mainstream Media Won't Tell You -- Doctors HATE this elite plan nobody is talking about, share before it gets deleted! Mainstream Media Won't Tell You -- Doctors HATE this secret deal exposed, share before it gets deleted! Mainstream Media Won't Tell You -- Doctors HATE this shocking conspiracy, share before it gets deleted! Mainstream Media Won't Tell You -- Doctors HATE this banned study reveals the truth, share before it gets deleted!",News,11-Oct-2025
EXCLUSIVE: The secret recording leaked online nobody wants you to see,You won't believe what was just found about the miracle cure being hidden from the public; wake up before it's too late! You won't believe what was just found about the celebrity scandal cover-up; wake up before it's too late! You won't believe what was just found about the miracle cure being hidden from the public; wake up before it's too late! You won't believe what was just found about the secret recording leaked online; wake up before it's too late! You won't believe what was just found about the elite plan nobody is talking about; wake up before it's too late! You won't believe what was just found about the celebrity scandal cover-up; wake up before it's too late!,News,27-Dec-2025
EXCLUSIVE: The secret government plot nobody wants you to see,"EXCLUSIVE -- Doctors HATE this shocking conspiracy, share before it gets deleted! EXCLUSIVE -- Doctors HATE this miracle cure being hidden from the public, share before it gets deleted! EXCLUSIVE -- Doctors HATE this secret deal exposed, share before it gets deleted! EXCLUSIVE -- Doctors HATE this hidden agenda, share before it gets deleted! EXCLUSIVE -- Doctors HATE this shocking conspiracy, share before it gets deleted! EXCLUSIVE -- Doctors HATE this shocking conspiracy, share before it gets deleted!",conspiracy,22-Sep-2025
You Won't Believe: The banned study reveals the truth nobody wants you to see,You Won't Believe: Insiders reveal the massive cover-up that will change everything you thought you knew!!! You Won't Believe: Insiders reveal the elite plan nobody is talking about that will change everything you thought you knew!!! You Won't Believe: Insiders reveal the secret government plot that will change everything you thought you knew!!! You Won't Believe: Insiders reveal the celebrity scandal cover-up that will change everything you thought you knew!!! You Won't Believe: Insiders reveal the massive cover-up that will change everything you thought you knew!!! You Won't Believe: Insiders reveal the secret deal exposed that will change everything you thought you knew!!!,left-news,6-Feb-2025
BREAKING: The elite plan nobody is talking about nobody wants you to see,"BREAKING: Anonymous source claims banned study reveals the truth, and the mainstream media refuses to cover it. BREAKING: Anonymous source claims insider reveals shocking secret, and the mainstream media refuses to cover it. BREAKING: Anonymous source claims miracle cure being hidden from the public, and the mainstream media refuses to cover it. BREAKING: Anonymous source claims secret deal exposed, and the mainstream media refuses to cover it. BREAKING: Anonymous source claims shocking conspiracy, and the mainstream media refuses to cover it. BREAKING: Anonymous source claims celebrity scandal cover-up, and the mainstream media refuses to cover it.",politics,10-Jul-2025
EXCLUSIVE: The celebrity scandal cover-up nobody wants you to see,This hidden truth about the vaccine is being suppressed by the elites -- click to see the forbidden photos! This hidden agenda is being suppressed by the elites -- click to see the forbidden photos! This hidden truth about the vaccine is being suppressed by the elites -- click to see the forbidden photos! This shocking conspiracy is being suppressed by the elites -- click to see the forbidden photos! This elite plan nobody is talking about is being suppressed by the elites -- click to see the forbidden photos! This insider reveals shocking secret is being suppressed by the elites -- click to see the forbidden photos!,left-news,9-Apr-2025
SHOCKING: The celebrity scandal cover-up nobody wants you to see,"SHOCKING: Anonymous source claims miracle cure being hidden from the public, and the mainstream media refuses to cover it. SHOCKING: Anonymous source claims secret deal exposed, and the mainstream media refuses to cover it. SHOCKING: Anonymous source claims hidden truth about the vaccine, and the mainstream media refuses to cover it. SHOCKING: Anonymous source claims shocking conspiracy, and the mainstream media refuses to cover it. SHOCKING: Anonymous source claims elite plan nobody is talking about, and the mainstream media refuses to cover it. SHOCKING: Anonymous source claims massive cover-up, and the mainstream media refuses to cover it.",Government News,16-Aug-2025
EXCLUSIVE: The hidden truth about the vaccine nobody wants you to see,EXCLUSIVE: Insiders reveal the insider reveals shocking secret that will change everything you thought you knew!!! EXCLUSIVE: Insiders reveal the miracle cure being hidden from the public that will change everything you thought you knew!!! EXCLUSIVE: Insiders reveal the hidden agenda that will change everything you thought you knew!!! EXCLUSIVE: Insiders reveal the secret recording leaked online that will change everything you thought you knew!!! EXCLUSIVE: Insiders reveal the banned study reveals the truth that will change everything you thought you knew!!! EXCLUSIVE: Insiders reveal the massive cover-up that will change everything you thought you knew!!!,conspiracy,13-Oct-2025
BREAKING: The secret deal exposed nobody wants you to see,"BREAKING -- Doctors HATE this celebrity scandal cover-up, share before it gets deleted! BREAKING -- Doctors HATE this hidden truth about the vaccine, share before it gets deleted! BREAKING -- Doctors HATE this insider reveals shocking secret, share before it gets deleted! BREAKING -- Doctors HATE this secret deal exposed, share before it gets deleted! BREAKING -- Doctors HATE this banned study reveals the truth, share before it gets deleted! BREAKING -- Doctors HATE this secret deal exposed, share before it gets deleted!",politics,23-Oct-2025
You Won't Believe: The secret deal exposed nobody wants you to see,"You Won't Believe!!! The secret government plot exposed by a whistleblower, share this NOW before they take it down! You Won't Believe!!! The shocking conspiracy exposed by a whistleblower, share this NOW before they take it down! You Won't Believe!!! The celebrity scandal cover-up exposed by a whistleblower, share this NOW before they take it down! You Won't Believe!!! The hidden agenda exposed by a whistleblower, share this NOW before they take it down! You Won't Believe!!! The secret recording leaked online exposed by a whistleblower, share this NOW before they take it down! You Won't Believe!!! The elite plan nobody is talking about exposed by a whistleblower, share this NOW before they take it down!",conspiracy,22-Feb-2025
EXPOSED: The banned study reveals the truth nobody wants you to see,"EXPOSED: Anonymous source claims elite plan nobody is talking about, and the mainstream media refuses to cover it. EXPOSED: Anonymous source claims miracle cure being hidden from the public, and the mainstream media refuses to cover it. EXPOSED: Anonymous source claims massive cover-up, and the mainstream media refuses to cover it. EXPOSED: Anonymous source claims miracle cure being hidden from the public, and the mainstream media refuses to cover it. EXPOSED: Anonymous source claims miracle cure being hidden from the public, and the mainstream media refuses to cover it. EXPOSED: Anonymous source claims elite plan nobody is talking about, and the mainstream media refuses to cover it.",conspiracy,14-Aug-2025
BREAKING: The hidden agenda nobody wants you to see,"BREAKING -- Doctors HATE this elite plan nobody is talking about, share before it gets deleted! BREAKING -- Doctors HATE this secret government plot, share before it gets deleted! BREAKING -- Doctors HATE this banned study reveals the truth, share before it gets deleted! BREAKING -- Doctors HATE this secret government plot, share before it gets deleted! BREAKING -- Doctors HATE this miracle cure being hidden from the public, share before it gets deleted! BREAKING -- Doctors HATE this secret recording leaked online, share before it gets deleted!",left-news,13-Jun-2025
Mainstream Media Won't Tell You: The shocking conspiracy nobody wants you to see,"Mainstream Media Won't Tell You: Anonymous source claims secret government plot, and the mainstream media refuses to cover it. Mainstream Media Won't Tell You: Anonymous source claims secret government plot, and the mainstream media refuses to cover it. Mainstream Media Won't Tell You: Anonymous source claims hidden agenda, and the mainstream media refuses to cover it. Mainstream Media Won't Tell You: Anonymous source claims miracle cure being hidden from the public, and the mainstream media refuses to cover it. Mainstream Media Won't Tell You: Anonymous source claims insider reveals shocking secret, and the mainstream media refuses to cover it. Mainstream Media Won't Tell You: Anonymous source claims celebrity scandal cover-up, and the mainstream media refuses to cover it.",conspiracy,22-Dec-2025
